name,team,position,GW,season,value,predicted_pts_mid,predicted_pts_low,predicted_pts_high,confidence,actual_pts
Aaron Hickey,Brentford,0,26,2526,4.0,0.07,0.0,0.49,Medium,1.0
Aaron Hickey,Brentford,0,27,2526,4.0,0.45,0.0,0.95,Low,0.0
Aaron Hickey,Brentford,0,28,2526,4.0,0.0,0.0,0.3,Medium,0.0
Aaron Ramsdale,Newcastle,2,26,2526,4.8,0.0,0.0,0.29,Medium,0.0
Aaron Ramsdale,Newcastle,2,27,2526,4.8,0.0,0.0,0.29,Medium,0.0
Aaron Ramsdale,Newcastle,2,28,2526,4.8,0.0,0.0,0.27,Medium,3.0
Aaron Ramsey,Burnley,3,26,2526,4.4,0.0,0.0,0.19,High,0.0
Aaron Ramsey,Burnley,3,27,2526,4.4,0.0,0.0,0.18,High,0.0
Aaron Ramsey,Burnley,3,28,2526,4.4,0.0,0.0,0.18,High,0.0
Aaron Wan-Bissaka,West Ham,0,26,2526,4.1,1.83,0.93,2.74,Low,6.0
Aaron Wan-Bissaka,West Ham,0,27,2526,4.1,1.86,1.07,2.65,Low,0.0
Aaron Wan-Bissaka,West Ham,0,28,2526,4.1,1.86,0.61,3.11,Low,7.0
Aarón Anselmino,Chelsea,0,26,2526,4.0,0.0,0.0,0.18,High,0.0
Aarón Anselmino,Chelsea,0,27,2526,4.0,0.0,0.0,0.18,High,0.0
Aarón Anselmino,Chelsea,0,28,2526,4.0,0.0,0.0,0.18,High,0.0
Abdallah Sima,Brighton,3,26,2526,5.4,0.0,0.0,0.2,High,0.0
Abdallah Sima,Brighton,3,27,2526,5.4,0.0,0.0,0.19,High,0.0
Abdallah Sima,Brighton,3,28,2526,5.4,0.0,0.0,0.2,High,0.0
Abdoullah Ba,Sunderland,3,26,2526,4.3,0.0,0.0,0.21,Medium,0.0
Abdoullah Ba,Sunderland,3,27,2526,4.3,0.0,0.0,0.23,Medium,0.0
Abdoullah Ba,Sunderland,3,28,2526,4.3,0.0,0.0,0.23,Medium,0.0
Abdukodir Khusanov,Man City,0,26,2526,5.4,0.91,0.09,1.74,Low,1.0
Abdukodir Khusanov,Man City,0,27,2526,5.4,1.1,0.29,1.91,Low,0.0
Abdukodir Khusanov,Man City,0,28,2526,5.4,0.11,0.0,0.59,Medium,1.0
Adam Armstrong,Wolves,1,26,2526,5.5,1.53,0.33,2.74,Low,2.0
Adam Armstrong,Wolves,1,26,2526,5.5,1.54,0.48,2.6,Low,2.0
Adam Armstrong,Wolves,1,27,2526,5.5,0.99,0.13,1.84,Low,4.0
Adam Armstrong,Wolves,1,28,2526,5.4,1.7,0.83,2.58,Low,1.0
Adam Aznou,Everton,0,26,2526,4.2,0.0,0.0,0.21,High,0.0
Adam Aznou,Everton,0,27,2526,4.2,0.0,0.0,0.21,Medium,0.0
Adam Aznou,Everton,0,28,2526,4.2,0.0,0.0,0.23,Medium,0.0
Adam Smith,Bournemouth,0,26,2526,4.4,0.16,0.0,0.65,Medium,1.0
Adam Smith,Bournemouth,0,27,2526,4.4,0.11,0.0,0.57,Medium,0.0
Adam Smith,Bournemouth,0,28,2526,4.4,0.0,0.0,0.32,Medium,0.0
Adam Webster,Brighton,0,26,2526,4.4,0.0,0.0,0.19,High,0.0
Adam Webster,Brighton,0,27,2526,4.4,0.0,0.0,0.21,High,0.0
Adam Webster,Brighton,0,28,2526,4.4,0.0,0.0,0.21,High,0.0
Adam Wharton,Crystal Palace,3,26,2526,5.0,1.71,0.86,2.55,Low,2.0
Adam Wharton,Crystal Palace,3,27,2526,5.0,1.87,0.69,3.06,Low,2.0
Adam Wharton,Crystal Palace,3,28,2526,5.0,1.09,0.36,1.83,Low,10.0
Adama Traoré Diarra,West Ham,3,26,2526,5.1,0.17,0.0,0.67,Medium,0.0
Adama Traoré Diarra,West Ham,3,27,2526,5.1,0.02,0.0,0.41,Medium,1.0
Adama Traoré Diarra,West Ham,3,28,2526,5.1,0.36,0.0,0.95,Low,1.0
Adrian Mazilu,Brighton,3,26,2526,4.5,0.0,0.0,0.2,High,0.0
Adrian Mazilu,Brighton,3,27,2526,4.5,0.0,0.0,0.19,High,0.0
Adrian Mazilu,Brighton,3,28,2526,4.5,0.0,0.0,0.2,High,0.0
Adrien Truffert,Bournemouth,0,26,2526,4.5,1.93,1.04,2.81,Low,6.0
Adrien Truffert,Bournemouth,0,27,2526,4.5,1.43,0.73,2.13,Low,4.0
Adrien Truffert,Bournemouth,0,28,2526,4.5,1.8,1.03,2.57,Low,8.0
Ahmed Abdullahi,Sunderland,1,26,2526,4.2,0.0,0.0,0.21,High,0.0
Ahmed Abdullahi,Sunderland,1,27,2526,4.2,0.0,0.0,0.22,Medium,0.0
Ahmed Abdullahi,Sunderland,1,28,2526,4.2,0.0,0.0,0.22,Medium,0.0
Airidas Golambeckis,West Ham,0,26,2526,4.0,0.0,0.0,0.21,Medium,0.0
Airidas Golambeckis,West Ham,0,27,2526,4.0,0.0,0.0,0.21,High,0.0
Airidas Golambeckis,West Ham,0,28,2526,4.0,0.0,0.0,0.21,Medium,0.0
Aji Alese,Sunderland,0,26,2526,4.0,0.0,0.0,0.18,High,0.0
Aji Alese,Sunderland,0,27,2526,4.0,0.0,0.0,0.18,High,0.0
Aji Alese,Sunderland,0,28,2526,4.0,0.0,0.0,0.18,High,0.0
Alan Browne,Sunderland,3,26,2526,4.5,0.0,0.0,0.19,High,0.0
Alan Browne,Sunderland,3,27,2526,4.5,0.0,0.0,0.19,High,0.0
Alan Browne,Sunderland,3,28,2526,4.5,0.0,0.0,0.19,High,0.0
Albert Sambi Lokonga,Arsenal,3,26,2526,4.5,0.0,0.0,0.19,High,0.0
Albert Sambi Lokonga,Arsenal,3,26,2526,4.5,0.0,0.0,0.2,High,0.0
Albert Sambi Lokonga,Arsenal,3,27,2526,4.5,0.0,0.0,0.22,Medium,0.0
Albert Sambi Lokonga,Arsenal,3,28,2526,4.5,0.0,0.0,0.2,High,0.0
Alejandro Garnacho Ferreyra,Chelsea,3,26,2526,6.4,0.05,0.0,0.48,Medium,0.0
Alejandro Garnacho Ferreyra,Chelsea,3,27,2526,6.4,0.06,0.0,0.49,Medium,1.0
Alejandro Garnacho Ferreyra,Chelsea,3,28,2526,6.4,0.18,0.0,0.72,Medium,6.0
Alex Cairns,Leeds,2,26,2526,3.9,0.0,0.0,0.2,High,0.0
Alex Cairns,Leeds,2,27,2526,3.9,0.0,0.0,0.2,High,0.0
Alex Cairns,Leeds,2,28,2526,3.9,0.0,0.0,0.21,High,0.0
Alex Iwobi,Fulham,3,26,2526,6.3,1.69,0.54,2.84,Low,13.0
Alex Iwobi,Fulham,3,27,2526,6.3,1.16,0.0,2.52,Low,10.0
Alex Iwobi,Fulham,3,28,2526,6.3,1.26,0.14,2.39,Low,2.0
Alex Murphy,Newcastle,0,26,2526,3.8,0.0,0.0,0.25,Medium,0.0
Alex Murphy,Newcastle,0,27,2526,3.8,0.0,0.0,0.24,Medium,0.0
Alex Murphy,Newcastle,0,28,2526,3.8,0.0,0.0,0.2,High,0.0
Alex Paulsen,Bournemouth,2,26,2526,4.0,0.0,0.0,0.19,High,0.0
Alex Paulsen,Bournemouth,2,27,2526,4.0,0.0,0.0,0.2,High,0.0
Alex Paulsen,Bournemouth,2,28,2526,4.0,0.0,0.0,0.2,High,0.0
Alex Scott,Bournemouth,3,26,2526,5.0,2.01,1.26,2.76,Low,5.0
Alex Scott,Bournemouth,3,27,2526,5.0,2.17,0.92,3.43,Low,3.0
Alex Scott,Bournemouth,3,28,2526,5.0,2.63,1.21,4.04,Low,3.0
Alex Tóth,Bournemouth,3,26,2526,5.0,0.56,0.0,1.16,Low,0.0
Alex Tóth,Bournemouth,3,27,2526,5.0,0.0,0.0,0.36,Medium,0.0
Alex Tóth,Bournemouth,3,28,2526,5.0,0.29,0.02,0.56,Medium,0.0
Alexander Isak,Liverpool,1,26,2526,10.3,0.0,0.0,0.25,Medium,0.0
Alexander Isak,Liverpool,1,27,2526,10.3,0.0,0.0,0.3,Medium,0.0
Alexander Isak,Liverpool,1,28,2526,10.3,0.0,0.0,0.23,Medium,0.0
Alexis Mac Allister,Liverpool,3,26,2526,6.2,1.63,0.72,2.54,Low,13.0
Alexis Mac Allister,Liverpool,3,27,2526,6.2,1.67,0.18,3.16,Low,9.0
Alexis Mac Allister,Liverpool,3,28,2526,6.2,1.56,0.31,2.81,Low,2.0
Alfie McNally,Fulham,2,26,2526,4.0,0.0,0.0,0.23,Medium,0.0
Alfie McNally,Fulham,2,27,2526,4.0,0.0,0.0,0.24,Medium,0.0
Alfie McNally,Fulham,2,28,2526,4.0,0.0,0.0,0.22,Medium,0.0
Alfie Pond,Wolves,0,26,2526,3.9,0.0,0.0,0.18,High,0.0
Alfie Pond,Wolves,0,26,2526,3.9,0.0,0.0,0.16,High,0.0
Alfie Pond,Wolves,0,27,2526,3.9,0.0,0.0,0.18,High,0.0
Alfie Pond,Wolves,0,28,2526,3.9,0.0,0.0,0.17,High,0.0
Alisson Becker,Liverpool,2,26,2526,5.4,1.75,0.48,3.02,Low,7.0
Alisson Becker,Liverpool,2,27,2526,5.4,1.96,0.45,3.46,Low,2.0
Alisson Becker,Liverpool,2,28,2526,5.4,1.87,0.63,3.11,Low,1.0
Alphonse Areola,West Ham,2,26,2526,4.3,0.14,0.0,0.61,Medium,0.0
Alphonse Areola,West Ham,2,27,2526,4.3,0.1,0.0,0.54,Medium,0.0
Alphonse Areola,West Ham,2,28,2526,4.3,0.0,0.0,0.28,Medium,0.0
Altay Bayındır,Man Utd,2,26,2526,4.7,0.0,0.0,0.29,Medium,0.0
Altay Bayındır,Man Utd,2,27,2526,4.7,0.0,0.0,0.28,Medium,0.0
Altay Bayındır,Man Utd,2,28,2526,4.7,0.0,0.0,0.26,Medium,0.0
Alysson Edward Franco da Rocha dos Santos,Aston Villa,3,26,2526,5.0,0.35,0.0,0.92,Low,0.0
Alysson Edward Franco da Rocha dos Santos,Aston Villa,3,27,2526,5.0,0.0,0.0,0.29,Medium,1.0
Alysson Edward Franco da Rocha dos Santos,Aston Villa,3,28,2526,5.0,0.15,0.0,0.65,Medium,1.0
Amad Diallo,Man Utd,3,26,2526,6.2,1.92,0.85,2.99,Low,1.0
Amad Diallo,Man Utd,3,27,2526,6.2,1.22,0.2,2.23,Low,1.0
Amad Diallo,Man Utd,3,28,2526,6.2,1.05,0.0,2.22,Low,1.0
Amadou Onana,Aston Villa,3,26,2526,4.8,1.25,0.25,2.25,Low,2.0
Amadou Onana,Aston Villa,3,27,2526,4.8,1.07,0.29,1.85,Low,2.0
Amadou Onana,Aston Villa,3,28,2526,4.8,1.83,0.69,2.97,Low,2.0
Amara Nallo,Liverpool,0,26,2526,3.7,0.0,0.0,0.21,Medium,0.0
Amara Nallo,Liverpool,0,27,2526,3.7,0.0,0.0,0.2,High,0.0
Amara Nallo,Liverpool,0,28,2526,3.7,0.0,0.0,0.21,Medium,0.0
Amine Adli,Bournemouth,3,26,2526,5.4,1.54,0.02,3.06,Low,3.0
Amine Adli,Bournemouth,3,27,2526,5.4,1.27,0.23,2.3,Low,1.0
Amine Adli,Bournemouth,3,28,2526,5.4,0.56,0.0,1.25,Low,1.0
Andre Harriman-Annous,Arsenal,3,26,2526,4.4,0.0,0.0,0.21,Medium,0.0
Andre Harriman-Annous,Arsenal,3,26,2526,4.4,0.0,0.0,0.22,Medium,0.0
Andre Harriman-Annous,Arsenal,3,27,2526,4.4,0.0,0.0,0.24,Medium,0.0
Andre Harriman-Annous,Arsenal,3,28,2526,4.4,0.0,0.0,0.22,Medium,0.0
Andreas Hoelgebaum Pereira,Fulham,3,26,2526,5.3,0.0,0.0,0.2,High,0.0
Andreas Hoelgebaum Pereira,Fulham,3,27,2526,5.3,0.0,0.0,0.21,Medium,0.0
Andreas Hoelgebaum Pereira,Fulham,3,28,2526,5.3,0.0,0.0,0.21,High,0.0
Andrew Moran,Brighton,3,26,2526,4.5,0.0,0.0,0.2,High,0.0
Andrew Moran,Brighton,3,27,2526,4.5,0.0,0.0,0.19,High,0.0
Andrew Moran,Brighton,3,28,2526,4.5,0.0,0.0,0.2,High,0.0
Andrew Robertson,Liverpool,0,26,2526,5.7,1.26,0.05,2.48,Low,1.0
Andrew Robertson,Liverpool,0,27,2526,5.7,0.44,0.0,1.22,Low,0.0
Andrew Robertson,Liverpool,0,28,2526,5.7,0.04,0.0,0.48,Medium,0.0
Andrey Nascimento dos Santos,Chelsea,3,26,2526,4.5,1.16,0.44,1.89,Low,2.0
Andrey Nascimento dos Santos,Chelsea,3,27,2526,4.5,1.24,0.53,1.95,Low,2.0
Andrey Nascimento dos Santos,Chelsea,3,28,2526,4.5,1.21,0.47,1.94,Low,1.0
André Onana,Man Utd,2,26,2526,4.9,0.0,0.0,0.2,High,0.0
André Onana,Man Utd,2,27,2526,4.9,0.0,0.0,0.19,High,0.0
André Onana,Man Utd,2,28,2526,4.9,0.0,0.0,0.2,High,0.0
André Trindade da Costa Neto,Wolves,3,26,2526,5.3,0.34,0.0,1.12,Low,2.0
André Trindade da Costa Neto,Wolves,3,26,2526,5.3,1.47,0.69,2.25,Low,3.0
André Trindade da Costa Neto,Wolves,3,27,2526,5.2,1.79,1.1,2.47,Low,5.0
André Trindade da Costa Neto,Wolves,3,28,2526,5.2,1.48,0.63,2.32,Low,12.0
Andrés García,Aston Villa,0,26,2526,3.9,0.0,0.0,0.18,High,1.0
Andrés García,Aston Villa,0,27,2526,3.9,0.0,0.0,0.3,Medium,0.0
Andrés García,Aston Villa,0,28,2526,3.9,0.0,0.0,0.25,Medium,0.0
Andy Irving,West Ham,3,26,2526,4.3,0.0,0.0,0.19,High,0.0
Andy Irving,West Ham,3,27,2526,4.3,0.0,0.0,0.19,High,0.0
Andy Irving,West Ham,3,28,2526,4.3,0.0,0.0,0.2,High,0.0
Angel Gomes,Wolves,3,26,2526,5.0,1.22,0.33,2.11,Low,1.0
Angel Gomes,Wolves,3,26,2526,5.0,0.26,0.0,1.0,Low,1.0
Angel Gomes,Wolves,3,27,2526,5.0,0.2,0.0,0.76,Medium,1.0
Angel Gomes,Wolves,3,28,2526,4.9,0.14,0.0,0.7,Medium,1.0
Angus Gunn,Nott'm Forest,2,26,2526,4.0,0.0,0.0,0.27,Medium,0.0
Angus Gunn,Nott'm Forest,2,27,2526,4.0,0.0,0.0,0.26,Medium,0.0
Angus Gunn,Nott'm Forest,2,28,2526,4.0,0.0,0.0,0.22,Medium,0.0
Anthony Elanga,Newcastle,3,26,2526,6.5,1.47,0.28,2.65,Low,2.0
Anthony Elanga,Newcastle,3,27,2526,6.5,1.46,0.37,2.55,Low,1.0
Anthony Elanga,Newcastle,3,28,2526,6.5,1.04,0.21,1.86,Low,2.0
Anthony Gordon,Newcastle,3,26,2526,7.2,1.95,0.42,3.48,Low,2.0
Anthony Gordon,Newcastle,3,27,2526,7.2,1.62,0.6,2.64,Low,2.0
Anthony Gordon,Newcastle,3,28,2526,7.2,1.77,0.76,2.77,Low,7.0
Anthony Patterson,Sunderland,2,26,2526,4.2,0.0,0.0,0.19,High,0.0
Anthony Patterson,Sunderland,2,27,2526,4.2,0.0,0.0,0.19,High,0.0
Anthony Patterson,Sunderland,2,28,2526,4.2,0.0,0.0,0.18,High,0.0
Antoine Semenyo,Man City,3,26,2526,7.9,3.46,1.4,5.52,Low,4.0
Antoine Semenyo,Man City,3,27,2526,8.0,3.85,2.09,5.62,Low,8.0
Antoine Semenyo,Man City,3,28,2526,8.1,3.76,2.33,5.2,Low,7.0
Anton Stach,Leeds,3,26,2526,4.8,0.22,0.0,0.68,Medium,11.0
Anton Stach,Leeds,3,27,2526,4.7,1.33,0.0,2.74,Low,2.0
Anton Stach,Leeds,3,28,2526,4.7,1.56,0.89,2.22,Low,4.0
Antonee Robinson,Fulham,0,26,2526,4.9,0.1,0.0,0.59,Medium,0.0
Antonee Robinson,Fulham,0,27,2526,4.9,0.06,0.0,0.54,Medium,0.0
Antonee Robinson,Fulham,0,28,2526,4.9,0.0,0.0,0.31,Medium,1.0
Antoni Milambo,Brentford,3,26,2526,5.2,0.0,0.0,0.18,High,0.0
Antoni Milambo,Brentford,3,27,2526,5.2,0.0,0.0,0.19,High,0.0
Antoni Milambo,Brentford,3,28,2526,5.2,0.0,0.0,0.21,High,0.0
Antony dos Santos,Man Utd,3,26,2526,5.9,0.0,0.0,0.2,High,0.0
Antony dos Santos,Man Utd,3,27,2526,5.9,0.0,0.0,0.19,High,0.0
Antony dos Santos,Man Utd,3,28,2526,5.9,0.0,0.0,0.2,High,0.0
Antonín Kinský,Spurs,2,26,2526,3.9,0.0,0.0,0.19,High,0.0
Antonín Kinský,Spurs,2,27,2526,3.9,0.0,0.0,0.17,High,0.0
Antonín Kinský,Spurs,2,28,2526,3.9,0.0,0.0,0.2,High,0.0
Antoñito Cordero Campillo,Newcastle,3,26,2526,4.9,0.0,0.0,0.21,High,0.0
Antoñito Cordero Campillo,Newcastle,3,27,2526,4.9,0.0,0.0,0.2,High,0.0
Antoñito Cordero Campillo,Newcastle,3,28,2526,4.9,0.0,0.0,0.19,High,0.0
Archie Gray,Spurs,3,26,2526,4.8,1.04,0.0,2.08,Low,1.0
Archie Gray,Spurs,3,27,2526,4.8,1.89,1.07,2.7,Low,5.0
Archie Gray,Spurs,3,28,2526,4.8,1.6,0.65,2.55,Low,5.0
Armando Broja,Burnley,1,26,2526,5.2,0.05,0.0,0.48,Medium,0.0
Armando Broja,Burnley,1,27,2526,5.2,0.04,0.0,0.46,Medium,0.0
Armando Broja,Burnley,1,28,2526,5.2,0.0,0.0,0.35,Medium,0.0
Arnaud Kalimuendo,Nott'm Forest,1,26,2526,6.0,0.0,0.0,0.2,High,0.0
Arnaud Kalimuendo,Nott'm Forest,1,27,2526,6.0,0.0,0.0,0.19,High,0.0
Arnaud Kalimuendo,Nott'm Forest,1,28,2526,6.0,0.0,0.0,0.19,High,0.0
Arthur Masuaku,Sunderland,0,26,2526,3.9,0.0,0.0,0.18,High,0.0
Arthur Masuaku,Sunderland,0,27,2526,3.9,0.0,0.0,0.18,High,0.0
Arthur Masuaku,Sunderland,0,28,2526,3.9,0.0,0.0,0.18,High,0.0
Asher Agbinone,Crystal Palace,3,26,2526,4.3,0.0,0.0,0.21,Medium,0.0
Asher Agbinone,Crystal Palace,3,27,2526,4.3,0.0,0.0,0.22,Medium,0.0
Asher Agbinone,Crystal Palace,3,28,2526,4.3,0.0,0.0,0.24,Medium,0.0
Ashley Barnes,Burnley,1,26,2526,4.2,0.0,0.0,0.23,Medium,1.0
Ashley Barnes,Burnley,1,27,2526,4.2,0.08,0.0,0.41,Medium,1.0
Ashley Barnes,Burnley,1,28,2526,4.2,0.04,0.0,0.38,Medium,1.0
Ashley Phillips,Spurs,0,26,2526,4.0,0.0,0.0,0.19,High,0.0
Ashley Phillips,Spurs,0,27,2526,4.0,0.0,0.0,0.17,High,0.0
Ashley Phillips,Spurs,0,28,2526,4.0,0.0,0.0,0.19,High,0.0
Axel Disasi,West Ham,0,26,2526,4.5,1.37,0.57,2.16,Low,6.0
Axel Disasi,West Ham,0,27,2526,4.5,1.33,0.71,1.95,Low,-2.0
Axel Disasi,West Ham,0,28,2526,4.5,1.58,0.77,2.39,Low,6.0
Axel Tuanzebe,Burnley,0,26,2526,3.9,0.0,0.0,0.31,Medium,0.0
Axel Tuanzebe,Burnley,0,27,2526,3.9,0.0,0.0,0.25,Medium,0.0
Axel Tuanzebe,Burnley,0,28,2526,3.9,0.0,0.0,0.23,Medium,0.0
Ayden Heaven,Man Utd,0,26,2526,3.8,0.0,0.0,0.22,Medium,1.0
Ayden Heaven,Man Utd,0,27,2526,3.7,0.0,0.0,0.26,Medium,0.0
Ayden Heaven,Man Utd,0,28,2526,3.7,0.31,0.1,0.51,Medium,0.0
Bafodé Diakité,Bournemouth,0,26,2526,4.2,0.0,0.0,0.31,Medium,0.0
Bafodé Diakité,Bournemouth,0,27,2526,4.2,0.0,0.0,0.3,Medium,0.0
Bafodé Diakité,Bournemouth,0,28,2526,4.2,0.0,0.0,0.25,Medium,0.0
Bart Verbruggen,Brighton,2,26,2526,4.5,1.82,0.81,2.84,Low,7.0
Bart Verbruggen,Brighton,2,27,2526,4.5,1.56,0.93,2.19,Low,3.0
Bart Verbruggen,Brighton,2,28,2526,4.5,1.65,0.59,2.71,Low,2.0
Bashir Humphreys,Burnley,0,26,2526,3.9,1.67,0.9,2.45,Low,2.0
Bashir Humphreys,Burnley,0,27,2526,3.9,1.3,0.6,1.99,Low,1.0
Bashir Humphreys,Burnley,0,28,2526,3.9,1.62,1.22,2.03,Medium,0.0
Bastien Meupiyou Menadjou,Wolves,0,26,2526,4.0,0.0,0.0,0.19,High,0.0
Bastien Meupiyou Menadjou,Wolves,0,26,2526,4.0,0.0,0.0,0.17,High,0.0
Bastien Meupiyou Menadjou,Wolves,0,27,2526,4.0,0.0,0.0,0.19,High,0.0
Bastien Meupiyou Menadjou,Wolves,0,28,2526,4.0,0.0,0.0,0.18,High,0.0
Ben Broggio,Aston Villa,3,26,2526,4.4,0.0,0.0,0.19,High,0.0
Ben Broggio,Aston Villa,3,27,2526,4.4,0.0,0.0,0.19,High,0.0
Ben Broggio,Aston Villa,3,28,2526,4.4,0.0,0.0,0.21,High,0.0
Ben Casey,Crystal Palace,1,26,2526,4.5,0.0,0.0,0.21,Medium,0.0
Ben Casey,Crystal Palace,1,27,2526,4.5,0.0,0.0,0.23,Medium,0.0
Ben Casey,Crystal Palace,1,28,2526,4.5,0.0,0.0,0.24,Medium,0.0
Ben Davies,Spurs,0,26,2526,4.3,0.0,0.0,0.19,High,0.0
Ben Davies,Spurs,0,27,2526,4.3,0.0,0.0,0.18,High,0.0
Ben Davies,Spurs,0,28,2526,4.3,0.0,0.0,0.21,High,0.0
Ben Gannon-Doak,Bournemouth,3,26,2526,4.8,0.0,0.0,0.2,High,0.0
Ben Gannon-Doak,Bournemouth,3,27,2526,4.8,0.0,0.0,0.22,Medium,0.0
Ben Gannon-Doak,Bournemouth,3,28,2526,4.8,0.0,0.0,0.21,High,0.0
Ben Winterburn,Bournemouth,3,26,2526,4.5,0.0,0.0,0.2,High,0.0
Ben Winterburn,Bournemouth,3,27,2526,4.5,0.0,0.0,0.21,High,0.0
Ben Winterburn,Bournemouth,3,28,2526,4.5,0.0,0.0,0.2,High,0.0
Bendito Mantato,Man Utd,3,26,2526,4.5,0.0,0.0,0.24,Medium,0.0
Bendito Mantato,Man Utd,3,27,2526,4.5,0.0,0.0,0.23,Medium,0.0
Bendito Mantato,Man Utd,3,28,2526,4.5,0.0,0.0,0.23,Medium,0.0
Benjamin Arthur,Brentford,0,26,2526,3.8,0.0,0.0,0.17,High,0.0
Benjamin Arthur,Brentford,0,27,2526,3.8,0.0,0.0,0.18,High,0.0
Benjamin Arthur,Brentford,0,28,2526,3.8,0.0,0.0,0.19,High,0.0
Benjamin Fredrick,Brentford,0,26,2526,4.0,0.0,0.0,0.17,High,0.0
Benjamin Fredrick,Brentford,0,27,2526,4.0,0.0,0.0,0.18,High,0.0
Benjamin Fredrick,Brentford,0,28,2526,4.0,0.0,0.0,0.19,High,0.0
Benjamin Lecomte,Fulham,2,26,2526,3.9,0.0,0.0,0.22,Medium,0.0
Benjamin Lecomte,Fulham,2,27,2526,3.9,0.0,0.0,0.22,Medium,0.0
Benjamin Lecomte,Fulham,2,28,2526,3.9,0.0,0.0,0.21,High,0.0
Benjamin Sesko,Man Utd,1,26,2526,7.2,0.74,0.0,2.12,Low,8.0
Benjamin Sesko,Man Utd,1,27,2526,7.2,1.01,0.0,2.35,Low,8.0
Benjamin Sesko,Man Utd,1,28,2526,7.2,1.47,0.25,2.68,Low,2.0
Benjamin White,Arsenal,0,26,2526,5.1,0.09,0.0,0.59,Medium,0.0
Benjamin White,Arsenal,0,26,2526,5.1,0.0,0.0,0.37,Medium,0.0
Benjamin White,Arsenal,0,27,2526,5.1,0.0,0.0,0.33,Medium,0.0
Benjamin White,Arsenal,0,28,2526,5.1,0.0,0.0,0.26,Medium,0.0
Benoît Badiashile Mukinayi,Chelsea,0,26,2526,4.4,0.04,0.0,0.43,Medium,0.0
Benoît Badiashile Mukinayi,Chelsea,0,27,2526,4.4,0.0,0.0,0.31,Medium,0.0
Benoît Badiashile Mukinayi,Chelsea,0,28,2526,4.4,0.0,0.0,0.26,Medium,0.0
Bernardo Mota Veiga de Carvalho e Silva,Man City,3,26,2526,6.2,1.63,0.61,2.65,Low,1.0
Bernardo Mota Veiga de Carvalho e Silva,Man City,3,27,2526,6.2,1.81,1.13,2.49,Low,3.0
Bernardo Mota Veiga de Carvalho e Silva,Man City,3,28,2526,6.2,1.65,0.6,2.71,Low,2.0
Bernd Leno,Fulham,2,26,2526,4.9,1.64,0.5,2.78,Low,2.0
Bernd Leno,Fulham,2,27,2526,4.9,1.41,0.49,2.33,Low,2.0
Bernd Leno,Fulham,2,28,2526,4.9,1.59,0.33,2.86,Low,3.0
Bertrand Traoré,Sunderland,3,26,2526,5.5,0.0,0.0,0.2,High,0.0
Bertrand Traoré,Sunderland,3,27,2526,5.5,0.0,0.0,0.2,High,1.0
Bertrand Traoré,Sunderland,3,28,2526,5.5,0.43,0.0,1.04,Low,1.0
Blondy Nna Noukeu,Sunderland,2,26,2526,3.9,0.0,0.0,0.19,High,0.0
Blondy Nna Noukeu,Sunderland,2,27,2526,3.9,0.0,0.0,0.18,High,0.0
Blondy Nna Noukeu,Sunderland,2,28,2526,3.9,0.0,0.0,0.18,High,0.0
Borna Sosa,Crystal Palace,0,26,2526,4.8,0.0,0.0,0.36,Medium,0.0
Borna Sosa,Crystal Palace,0,27,2526,4.8,0.0,0.0,0.29,Medium,0.0
Borna Sosa,Crystal Palace,0,28,2526,4.8,0.0,0.0,0.32,Medium,0.0
Boubacar Kamara,Aston Villa,3,26,2526,4.9,0.0,0.0,0.24,Medium,0.0
Boubacar Kamara,Aston Villa,3,27,2526,4.9,0.0,0.0,0.22,Medium,0.0
Boubacar Kamara,Aston Villa,3,28,2526,4.9,0.0,0.0,0.23,Medium,0.0
Boubacar Traoré,Wolves,3,26,2526,5.0,0.0,0.0,0.2,High,0.0
Boubacar Traoré,Wolves,3,26,2526,5.0,0.0,0.0,0.18,High,0.0
Boubacar Traoré,Wolves,3,27,2526,5.0,0.0,0.0,0.2,High,0.0
Boubacar Traoré,Wolves,3,28,2526,5.0,0.0,0.0,0.19,High,0.0
Bradley Burrowes,Aston Villa,3,26,2526,4.4,0.0,0.0,0.22,Medium,0.0
Bradley Burrowes,Aston Villa,3,27,2526,4.4,0.0,0.0,0.22,Medium,0.0
Bradley Burrowes,Aston Villa,3,28,2526,4.4,0.0,0.0,0.24,Medium,0.0
Braiden Graham,Everton,1,26,2526,4.5,0.0,0.0,0.22,Medium,0.0
Braiden Graham,Everton,1,27,2526,4.5,0.0,0.0,0.24,Medium,0.0
Braiden Graham,Everton,1,28,2526,4.5,0.0,0.0,0.25,Medium,0.0
Brajan Gruda,Brighton,3,26,2526,5.4,0.0,0.0,0.22,Medium,0.0
Brajan Gruda,Brighton,3,27,2526,5.4,0.0,0.0,0.21,High,0.0
Brajan Gruda,Brighton,3,28,2526,5.4,0.0,0.0,0.2,High,0.0
Brandon Austin,Spurs,2,26,2526,3.9,0.0,0.0,0.2,High,0.0
Brandon Austin,Spurs,2,27,2526,3.9,0.0,0.0,0.19,High,0.0
Brandon Austin,Spurs,2,28,2526,3.9,0.0,0.0,0.21,High,0.0
Brayden Clarke,Arsenal,0,26,2526,3.8,0.0,0.0,0.2,High,0.0
Brayden Clarke,Arsenal,0,26,2526,3.8,0.0,0.0,0.21,Medium,0.0
Brayden Clarke,Arsenal,0,27,2526,3.8,0.0,0.0,0.24,Medium,0.0
Brayden Clarke,Arsenal,0,28,2526,3.8,0.0,0.0,0.2,High,0.0
Brenden Aaronson,Leeds,3,26,2526,5.4,1.61,0.68,2.54,Low,3.0
Brenden Aaronson,Leeds,3,27,2526,5.4,1.29,0.31,2.27,Low,2.0
Brenden Aaronson,Leeds,3,28,2526,5.4,1.52,0.23,2.82,Low,2.0
Brennan Johnson,Crystal Palace,3,26,2526,6.5,1.12,0.12,2.12,Low,1.0
Brennan Johnson,Crystal Palace,3,27,2526,6.5,0.76,0.0,1.76,Low,4.0
Brennan Johnson,Crystal Palace,3,28,2526,6.5,0.82,0.0,1.8,Low,1.0
Brian Brobbey,Sunderland,1,26,2526,5.5,1.95,0.66,3.24,Low,1.0
Brian Brobbey,Sunderland,1,27,2526,5.5,1.47,0.47,2.48,Low,0.0
Brian Brobbey,Sunderland,1,28,2526,5.5,0.82,0.0,2.2,Low,0.0
Bruno Borges Fernandes,Man Utd,3,26,2526,9.8,3.33,1.75,4.91,Low,2.0
Bruno Borges Fernandes,Man Utd,3,27,2526,9.8,3.35,1.86,4.83,Low,13.0
Bruno Borges Fernandes,Man Utd,3,28,2526,9.9,3.26,1.17,5.36,Low,8.0
Bruno Guimarães Rodriguez Moura,Newcastle,3,26,2526,7.0,2.38,1.95,2.81,Medium,0.0
Bruno Guimarães Rodriguez Moura,Newcastle,3,27,2526,6.9,0.33,0.09,0.57,Medium,0.0
Bruno Guimarães Rodriguez Moura,Newcastle,3,28,2526,6.9,0.27,0.01,0.53,Medium,0.0
Bryan Gil Salvatierra,Spurs,3,26,2526,4.9,0.0,0.0,0.2,High,0.0
Bryan Gil Salvatierra,Spurs,3,27,2526,4.9,0.0,0.0,0.18,High,0.0
Bryan Gil Salvatierra,Spurs,3,28,2526,4.9,0.0,0.0,0.2,High,0.0
Bryan Mbeumo,Man Utd,3,26,2526,8.6,3.23,1.35,5.12,Low,6.0
Bryan Mbeumo,Man Utd,3,27,2526,8.6,2.71,1.19,4.23,Low,2.0
Bryan Mbeumo,Man Utd,3,28,2526,8.7,2.71,1.45,3.97,Low,1.0
Bukayo Saka,Arsenal,3,26,2526,9.9,0.98,0.17,1.8,Low,12.0
Bukayo Saka,Arsenal,3,26,2526,9.9,1.62,0.44,2.8,Low,5.0
Bukayo Saka,Arsenal,3,27,2526,9.8,2.68,1.12,4.24,Low,2.0
Bukayo Saka,Arsenal,3,28,2526,9.8,2.27,0.72,3.81,Low,9.0
Caleb Kporha,Crystal Palace,0,26,2526,4.0,0.0,0.0,0.18,High,0.0
Caleb Kporha,Crystal Palace,0,27,2526,4.0,0.0,0.0,0.2,High,0.0
Caleb Kporha,Crystal Palace,0,28,2526,4.0,0.0,0.0,0.2,High,0.0
Callan McKenna,Bournemouth,2,26,2526,3.9,0.0,0.0,0.21,Medium,0.0
Callan McKenna,Bournemouth,2,27,2526,3.9,0.0,0.0,0.22,Medium,0.0
Callan McKenna,Bournemouth,2,28,2526,3.9,0.0,0.0,0.21,Medium,0.0
Callum Bates,Everton,3,26,2526,4.3,0.0,0.0,0.21,High,0.0
Callum Bates,Everton,3,27,2526,4.3,0.0,0.0,0.23,Medium,0.0
Callum Bates,Everton,3,28,2526,4.3,0.0,0.0,0.24,Medium,0.0
Callum Hudson-Odoi,Nott'm Forest,3,26,2526,5.7,1.38,0.3,2.46,Low,3.0
Callum Hudson-Odoi,Nott'm Forest,3,27,2526,5.7,1.27,0.21,2.33,Low,2.0
Callum Hudson-Odoi,Nott'm Forest,3,28,2526,5.7,1.29,0.4,2.17,Low,4.0
Callum Marshall,West Ham,1,26,2526,4.3,0.0,0.0,0.19,High,0.0
Callum Marshall,West Ham,1,27,2526,4.3,0.0,0.0,0.18,High,0.0
Callum Marshall,West Ham,1,28,2526,4.3,0.0,0.0,0.19,High,0.0
Callum Olusesi,Spurs,3,26,2526,4.3,0.0,0.0,0.21,Medium,0.0
Callum Olusesi,Spurs,3,27,2526,4.3,0.0,0.0,0.2,High,0.0
Callum Olusesi,Spurs,3,28,2526,4.3,0.0,0.0,0.23,Medium,0.0
Callum Wilson,West Ham,1,26,2526,5.8,0.75,0.01,1.5,Low,1.0
Callum Wilson,West Ham,1,27,2526,5.8,1.69,0.0,3.7,Low,0.0
Callum Wilson,West Ham,1,28,2526,5.8,0.06,0.0,0.49,Medium,1.0
Calvin Bassey,Fulham,0,26,2526,4.4,1.26,0.62,1.9,Low,7.0
Calvin Bassey,Fulham,0,27,2526,4.4,1.64,0.88,2.4,Low,1.0
Calvin Bassey,Fulham,0,28,2526,4.4,1.68,1.1,2.26,Low,1.0
Calvin Ramsay,Liverpool,0,26,2526,3.8,0.0,0.0,0.21,Medium,0.0
Calvin Ramsay,Liverpool,0,27,2526,3.8,0.0,0.0,0.21,Medium,0.0
Calvin Ramsay,Liverpool,0,28,2526,3.8,0.0,0.0,0.23,Medium,0.0
Caoimhín Kelleher,Brentford,2,26,2526,4.6,1.94,0.91,2.97,Low,2.0
Caoimhín Kelleher,Brentford,2,27,2526,4.6,1.96,1.27,2.66,Low,0.0
Caoimhín Kelleher,Brentford,2,28,2526,4.7,0.53,0.0,1.2,Low,6.0
Carl Rushworth,Brighton,2,26,2526,4.0,0.0,0.0,0.19,High,0.0
Carl Rushworth,Brighton,2,27,2526,4.0,0.0,0.0,0.19,High,0.0
Carl Rushworth,Brighton,2,28,2526,4.0,0.0,0.0,0.19,High,0.0
Carlos Alcaraz Durán,Everton,3,26,2526,5.2,0.0,0.0,0.33,Medium,0.0
Carlos Alcaraz Durán,Everton,3,27,2526,5.2,0.0,0.0,0.33,Medium,0.0
Carlos Alcaraz Durán,Everton,3,28,2526,5.2,0.0,0.0,0.25,Medium,0.0
Carlos Baleba,Brighton,3,26,2526,4.5,0.57,0.0,1.24,Low,1.0
Carlos Baleba,Brighton,3,27,2526,4.5,0.36,0.0,1.06,Low,1.0
Carlos Baleba,Brighton,3,28,2526,4.5,0.31,0.0,0.96,Low,2.0
Carlos Henrique Casimiro,Man Utd,3,26,2526,5.6,2.1,0.97,3.23,Low,5.0
Carlos Henrique Casimiro,Man Utd,3,27,2526,5.6,2.45,1.07,3.83,Low,4.0
Carlos Henrique Casimiro,Man Utd,3,28,2526,5.6,2.2,1.1,3.3,Low,8.0
Carlos Miguel dos Santos Pereira,Nott'm Forest,2,26,2526,4.0,0.0,0.0,0.2,High,0.0
Carlos Miguel dos Santos Pereira,Nott'm Forest,2,27,2526,4.0,0.0,0.0,0.19,High,0.0
Carlos Miguel dos Santos Pereira,Nott'm Forest,2,28,2526,4.0,0.0,0.0,0.19,High,0.0
Chadi Riad Dnanou,Crystal Palace,0,26,2526,4.0,0.82,0.19,1.44,Low,5.0
Chadi Riad Dnanou,Crystal Palace,0,27,2526,4.0,1.07,0.43,1.71,Low,1.0
Chadi Riad Dnanou,Crystal Palace,0,28,2526,4.0,0.57,0.02,1.12,Low,2.0
Charalampos Kostoulas,Brighton,1,26,2526,4.8,0.52,0.0,1.29,Low,0.0
Charalampos Kostoulas,Brighton,1,27,2526,4.8,0.08,0.0,0.53,Medium,0.0
Charalampos Kostoulas,Brighton,1,28,2526,4.8,0.02,0.0,0.43,Medium,0.0
Charlie Crew,Leeds,3,26,2526,4.5,0.0,0.0,0.19,High,0.0
Charlie Crew,Leeds,3,27,2526,4.5,0.0,0.0,0.19,High,0.0
Charlie Crew,Leeds,3,28,2526,4.5,0.0,0.0,0.2,High,0.0
Charlie Gray,Man City,3,26,2526,4.5,0.0,0.0,0.23,Medium,0.0
Charlie Gray,Man City,3,27,2526,4.5,0.0,0.0,0.23,Medium,0.0
Charlie Gray,Man City,3,28,2526,4.5,0.0,0.0,0.23,Medium,0.0
Charlie Stevens,Bournemouth,3,26,2526,4.5,0.0,0.0,0.23,Medium,0.0
Charlie Stevens,Bournemouth,3,27,2526,4.5,0.0,0.0,0.25,Medium,0.0
Charlie Stevens,Bournemouth,3,28,2526,4.5,0.0,0.0,0.23,Medium,0.0
Charlie Tasker,Brighton,0,26,2526,3.8,0.0,0.0,0.21,High,0.0
Charlie Tasker,Brighton,0,27,2526,3.8,0.0,0.0,0.2,High,0.0
Charlie Tasker,Brighton,0,28,2526,3.8,0.0,0.0,0.2,High,0.0
Cheick Doucouré,Crystal Palace,3,26,2526,4.9,0.0,0.0,0.18,High,0.0
Cheick Doucouré,Crystal Palace,3,27,2526,4.9,0.0,0.0,0.21,High,0.0
Cheick Doucouré,Crystal Palace,3,28,2526,4.9,0.0,0.0,0.21,High,0.0
Chemsdine Talbi,Sunderland,3,26,2526,4.9,0.36,0.0,0.89,Low,0.0
Chemsdine Talbi,Sunderland,3,27,2526,4.9,0.12,0.0,0.56,Medium,2.0
Chemsdine Talbi,Sunderland,3,28,2526,4.9,1.0,0.29,1.72,Low,0.0
Chido Obi,Man Utd,1,26,2526,4.2,0.0,0.0,0.23,Medium,0.0
Chido Obi,Man Utd,1,27,2526,4.2,0.0,0.0,0.22,Medium,0.0
Chido Obi,Man Utd,1,28,2526,4.2,0.0,0.0,0.21,Medium,0.0
Chris Mepham,Bournemouth,0,26,2526,4.0,0.0,0.0,0.19,High,0.0
Chris Mepham,Bournemouth,0,27,2526,4.0,0.0,0.0,0.2,High,0.0
Chris Mepham,Bournemouth,0,28,2526,4.0,0.0,0.0,0.19,High,0.0
Chris Richards,Crystal Palace,0,26,2526,4.4,3.01,1.08,4.93,Low,6.0
Chris Richards,Crystal Palace,0,27,2526,4.4,1.61,0.65,2.57,Low,1.0
Chris Richards,Crystal Palace,0,28,2526,4.4,1.79,0.81,2.76,Low,4.0
Chris Rigg,Sunderland,3,26,2526,4.7,0.0,0.0,0.24,Medium,0.0
Chris Rigg,Sunderland,3,27,2526,4.7,0.0,0.0,0.21,Medium,0.0
Chris Rigg,Sunderland,3,28,2526,4.7,0.0,0.0,0.23,Medium,1.0
Chris Wood,Nott'm Forest,1,26,2526,7.2,0.0,0.0,0.19,High,0.0
Chris Wood,Nott'm Forest,1,27,2526,7.2,0.0,0.0,0.21,High,0.0
Chris Wood,Nott'm Forest,1,28,2526,7.2,0.0,0.0,0.2,High,0.0
Christantus Uche,Crystal Palace,1,26,2526,5.5,0.27,0.0,0.83,Medium,0.0
Christantus Uche,Crystal Palace,1,27,2526,5.5,0.0,0.0,0.4,Medium,0.0
Christantus Uche,Crystal Palace,1,28,2526,5.5,0.0,0.0,0.38,Medium,1.0
Christian Nørgaard,Arsenal,3,26,2526,5.1,0.0,0.0,0.33,Medium,0.0
Christian Nørgaard,Arsenal,3,26,2526,5.1,0.0,0.0,0.34,Medium,0.0
Christian Nørgaard,Arsenal,3,27,2526,5.1,0.0,0.0,0.33,Medium,1.0
Christian Nørgaard,Arsenal,3,28,2526,5.1,0.2,0.0,0.65,Medium,1.0
Christopher Nkunku,Chelsea,3,26,2526,5.9,0.0,0.0,0.2,High,0.0
Christopher Nkunku,Chelsea,3,27,2526,5.9,0.0,0.0,0.18,High,0.0
Christopher Nkunku,Chelsea,3,28,2526,5.9,0.0,0.0,0.2,High,0.0
Christos Mandas,Bournemouth,2,26,2526,4.0,0.0,0.0,0.23,Medium,0.0
Christos Mandas,Bournemouth,2,27,2526,4.0,0.0,0.0,0.23,Medium,0.0
Christos Mandas,Bournemouth,2,28,2526,4.0,0.0,0.0,0.22,Medium,0.0
Claudio Echeverri,Man City,3,26,2526,5.4,0.0,0.0,0.2,High,0.0
Claudio Echeverri,Man City,3,27,2526,5.4,0.0,0.0,0.2,High,0.0
Claudio Echeverri,Man City,3,28,2526,5.4,0.0,0.0,0.2,High,0.0
Coby Ebere,Everton,3,26,2526,4.4,0.0,0.0,0.21,High,0.0
Coby Ebere,Everton,3,27,2526,4.4,0.0,0.0,0.23,Medium,0.0
Coby Ebere,Everton,3,28,2526,4.4,0.0,0.0,0.24,Medium,0.0
Cody Gakpo,Liverpool,3,26,2526,7.3,1.63,0.39,2.87,Low,3.0
Cody Gakpo,Liverpool,3,27,2526,7.3,1.67,0.47,2.86,Low,6.0
Cody Gakpo,Liverpool,3,28,2526,7.3,2.61,0.82,4.4,Low,3.0
Cole Palmer,Chelsea,3,26,2526,10.5,2.95,1.45,4.44,Low,3.0
Cole Palmer,Chelsea,3,27,2526,10.6,2.72,1.95,3.49,Low,1.0
Cole Palmer,Chelsea,3,28,2526,10.6,2.98,1.19,4.77,Low,9.0
Connor Roberts,Burnley,0,26,2526,4.4,0.0,0.0,0.21,Medium,0.0
Connor Roberts,Burnley,0,27,2526,4.4,0.0,0.0,0.21,High,0.0
Connor Roberts,Burnley,0,28,2526,4.4,0.0,0.0,0.2,High,0.0
Conor Bradley,Liverpool,0,26,2526,4.9,0.0,0.0,0.25,Medium,0.0
Conor Bradley,Liverpool,0,27,2526,4.9,0.0,0.0,0.22,Medium,0.0
Conor Bradley,Liverpool,0,28,2526,4.9,0.0,0.0,0.25,Medium,0.0
Conor Gallagher,Spurs,3,26,2526,5.4,1.19,0.25,2.12,Low,2.0
Conor Gallagher,Spurs,3,27,2526,5.4,1.1,0.36,1.84,Low,1.0
Conor Gallagher,Spurs,3,28,2526,5.4,0.95,0.2,1.7,Low,1.0
Cristhian Mosquera,Arsenal,0,26,2526,5.3,1.74,0.99,2.5,Low,0.0
Cristhian Mosquera,Arsenal,0,26,2526,5.3,0.03,0.0,0.46,Medium,1.0
Cristhian Mosquera,Arsenal,0,27,2526,5.3,0.88,0.07,1.69,Low,0.0
Cristhian Mosquera,Arsenal,0,28,2526,5.3,0.07,0.0,0.51,Medium,5.0
Cristian Romero,Spurs,0,26,2526,5.0,0.3,0.0,0.83,Medium,0.0
Cristian Romero,Spurs,0,27,2526,5.0,0.08,0.0,0.4,Medium,0.0
Cristian Romero,Spurs,0,28,2526,5.0,0.19,0.0,0.8,Medium,0.0
Crysencio Summerville,West Ham,3,26,2526,5.6,2.0,0.92,3.07,Low,3.0
Crysencio Summerville,West Ham,3,27,2526,5.6,2.61,1.43,3.79,Low,1.0
Crysencio Summerville,West Ham,3,28,2526,5.7,2.74,1.32,4.15,Low,11.0
Curtis Jones,Liverpool,3,26,2526,5.4,0.45,0.0,1.08,Low,3.0
Curtis Jones,Liverpool,3,27,2526,5.4,1.36,0.44,2.27,Low,0.0
Curtis Jones,Liverpool,3,28,2526,5.4,0.0,0.0,0.45,Medium,1.0
Daichi Kamada,Crystal Palace,3,26,2526,5.0,1.65,0.41,2.89,Low,1.0
Daichi Kamada,Crystal Palace,3,27,2526,5.0,0.92,0.12,1.72,Low,1.0
Daichi Kamada,Crystal Palace,3,28,2526,5.0,1.41,0.87,1.94,Low,2.0
Dan Burn,Newcastle,0,26,2526,5.0,2.26,0.95,3.57,Low,2.0
Dan Burn,Newcastle,0,27,2526,5.0,2.48,1.32,3.64,Low,0.0
Dan Burn,Newcastle,0,28,2526,5.0,1.88,0.8,2.96,Low,2.0
Dan Ndoye,Nott'm Forest,3,26,2526,5.5,0.86,0.0,1.75,Low,1.0
Dan Ndoye,Nott'm Forest,3,27,2526,5.5,0.81,0.03,1.59,Low,1.0
Dan Ndoye,Nott'm Forest,3,28,2526,5.5,0.33,0.0,0.94,Low,0.0
Dan Neil,Sunderland,3,26,2526,4.8,0.0,0.0,0.21,High,0.0
Dan Neil,Sunderland,3,27,2526,4.8,0.0,0.0,0.19,High,0.0
Dan Neil,Sunderland,3,28,2526,4.8,0.0,0.0,0.19,High,0.0
Dane Scarlett,Spurs,1,26,2526,4.3,0.0,0.0,0.22,Medium,0.0
Dane Scarlett,Spurs,1,27,2526,4.3,0.0,0.0,0.19,High,0.0
Dane Scarlett,Spurs,1,28,2526,4.3,0.0,0.0,0.2,High,0.0
Dango Ouattara,Brentford,3,26,2526,5.8,1.86,1.13,2.6,Low,2.0
Dango Ouattara,Brentford,3,27,2526,5.8,2.36,0.82,3.91,Low,5.0
Dango Ouattara,Brentford,3,28,2526,5.9,2.3,0.46,4.15,Low,3.0
Daniel Adu-Adjei,Bournemouth,1,26,2526,4.4,0.0,0.0,0.19,High,0.0
Daniel Adu-Adjei,Bournemouth,1,27,2526,4.4,0.0,0.0,0.2,High,0.0
Daniel Adu-Adjei,Bournemouth,1,28,2526,4.4,0.0,0.0,0.2,High,0.0
Daniel Ballard,Sunderland,0,26,2526,4.6,1.98,1.13,2.82,Low,4.0
Daniel Ballard,Sunderland,0,27,2526,4.6,1.91,0.95,2.87,Low,4.0
Daniel Ballard,Sunderland,0,28,2526,4.6,2.63,1.29,3.98,Low,9.0
Daniel Bentley,Wolves,2,26,2526,3.9,0.0,0.0,0.22,Medium,0.0
Daniel Bentley,Wolves,2,26,2526,3.9,0.0,0.0,0.18,High,0.0
Daniel Bentley,Wolves,2,27,2526,3.9,0.0,0.0,0.22,Medium,0.0
Daniel Bentley,Wolves,2,28,2526,3.9,0.0,0.0,0.2,High,0.0
Daniel James,Leeds,3,26,2526,5.2,0.22,0.0,0.75,Medium,0.0
Daniel James,Leeds,3,27,2526,5.2,0.0,0.0,0.36,Medium,1.0
Daniel James,Leeds,3,28,2526,5.2,0.35,0.0,0.94,Low,1.0
Daniel Muñoz Mejía,Crystal Palace,0,26,2526,5.8,2.4,0.54,4.26,Low,9.0
Daniel Muñoz Mejía,Crystal Palace,0,27,2526,5.9,2.25,0.99,3.52,Low,1.0
Daniel Muñoz Mejía,Crystal Palace,0,28,2526,5.9,2.17,0.95,3.38,Low,1.0
Danny Imray,Crystal Palace,0,26,2526,4.0,0.0,0.0,0.19,High,0.0
Danny Imray,Crystal Palace,0,27,2526,4.0,0.0,0.0,0.21,Medium,0.0
Danny Imray,Crystal Palace,0,28,2526,4.0,0.0,0.0,0.22,Medium,0.0
Danny Welbeck,Brighton,1,26,2526,6.2,1.65,0.51,2.78,Low,9.0
Danny Welbeck,Brighton,1,27,2526,6.1,1.46,0.0,3.01,Low,9.0
Danny Welbeck,Brighton,1,28,2526,6.1,1.87,0.02,3.72,Low,1.0
Darko Churlinov,Burnley,3,26,2526,4.9,0.0,0.0,0.2,High,0.0
Darko Churlinov,Burnley,3,27,2526,4.9,0.0,0.0,0.19,High,0.0
Darko Churlinov,Burnley,3,28,2526,4.9,0.0,0.0,0.19,High,0.0
Darko Gyabi,Leeds,3,26,2526,4.5,0.0,0.0,0.19,High,0.0
Darko Gyabi,Leeds,3,27,2526,4.5,0.0,0.0,0.19,High,0.0
Darko Gyabi,Leeds,3,28,2526,4.5,0.0,0.0,0.2,High,0.0
Darwin Núñez Ribeiro,Liverpool,1,26,2526,6.5,0.0,0.0,0.2,High,0.0
Darwin Núñez Ribeiro,Liverpool,1,27,2526,6.5,0.0,0.0,0.2,High,0.0
Darwin Núñez Ribeiro,Liverpool,1,28,2526,6.5,0.0,0.0,0.22,Medium,0.0
David Brooks,Bournemouth,3,26,2526,5.0,0.42,0.06,0.78,Medium,1.0
David Brooks,Bournemouth,3,27,2526,5.0,0.64,0.01,1.27,Low,1.0
David Brooks,Bournemouth,3,28,2526,5.0,0.52,0.0,1.2,Low,0.0
David Mota Veiga Teixeira do Carmo,Nott'm Forest,0,26,2526,4.5,0.0,0.0,0.2,High,0.0
David Mota Veiga Teixeira do Carmo,Nott'm Forest,0,27,2526,4.5,0.0,0.0,0.19,High,0.0
David Mota Veiga Teixeira do Carmo,Nott'm Forest,0,28,2526,4.5,0.0,0.0,0.19,High,0.0
David Møller Wolfe,Wolves,0,26,2526,4.2,0.56,0.0,1.16,Low,0.0
David Møller Wolfe,Wolves,0,26,2526,4.2,0.0,0.0,0.3,Medium,1.0
David Møller Wolfe,Wolves,0,27,2526,4.2,0.59,0.02,1.17,Low,0.0
David Møller Wolfe,Wolves,0,28,2526,4.2,0.0,0.0,0.3,Medium,6.0
David Ozoh,Crystal Palace,3,26,2526,4.5,0.0,0.0,0.18,High,0.0
David Ozoh,Crystal Palace,3,27,2526,4.5,0.0,0.0,0.2,High,0.0
David Ozoh,Crystal Palace,3,28,2526,4.5,0.0,0.0,0.2,High,0.0
David Raya Martín,Arsenal,2,26,2526,5.9,2.59,2.05,3.12,Low,1.0
David Raya Martín,Arsenal,2,26,2526,5.9,2.5,1.68,3.32,Low,3.0
David Raya Martín,Arsenal,2,27,2526,6.0,2.6,1.67,3.53,Low,3.0
David Raya Martín,Arsenal,2,28,2526,6.0,2.53,1.44,3.62,Low,7.0
Dean Benamar,Crystal Palace,0,26,2526,4.0,0.0,0.0,0.2,High,0.0
Dean Benamar,Crystal Palace,0,27,2526,4.0,0.0,0.0,0.22,Medium,0.0
Dean Benamar,Crystal Palace,0,28,2526,4.0,0.0,0.0,0.22,Medium,0.0
Dean Henderson,Crystal Palace,2,26,2526,5.0,1.9,0.87,2.94,Low,16.0
Dean Henderson,Crystal Palace,2,27,2526,5.0,1.38,0.12,2.63,Low,3.0
Dean Henderson,Crystal Palace,2,28,2526,5.0,2.31,1.32,3.3,Low,3.0
Declan Rice,Arsenal,3,26,2526,7.5,3.49,2.0,4.98,Low,9.0
Declan Rice,Arsenal,3,26,2526,7.5,4.21,1.63,6.79,Low,4.0
Declan Rice,Arsenal,3,27,2526,7.6,3.42,1.59,5.25,Low,5.0
Declan Rice,Arsenal,3,28,2526,7.6,2.5,1.41,3.59,Low,3.0
Dejan Kulusevski,Spurs,3,26,2526,6.4,0.0,0.0,0.22,Medium,0.0
Dejan Kulusevski,Spurs,3,27,2526,6.4,0.0,0.0,0.21,High,0.0
Dejan Kulusevski,Spurs,3,28,2526,6.4,0.0,0.0,0.22,Medium,0.0
Dennis Cirkin,Sunderland,0,26,2526,4.0,0.0,0.0,0.3,Medium,0.0
Dennis Cirkin,Sunderland,0,27,2526,4.0,0.0,0.0,0.23,Medium,0.0
Dennis Cirkin,Sunderland,0,28,2526,4.0,0.0,0.0,0.2,High,0.0
Dermot Mee,Man Utd,2,26,2526,3.9,0.0,0.0,0.22,Medium,0.0
Dermot Mee,Man Utd,2,27,2526,3.9,0.0,0.0,0.2,High,0.0
Dermot Mee,Man Utd,2,28,2526,3.9,0.0,0.0,0.2,High,0.0
Destiny Udogie,Spurs,0,26,2526,4.3,0.04,0.0,0.39,Medium,0.0
Destiny Udogie,Spurs,0,27,2526,4.3,0.01,0.0,0.3,Medium,0.0
Destiny Udogie,Spurs,0,28,2526,4.3,0.0,0.0,0.26,Medium,0.0
Diego Coppola,Brighton,0,26,2526,4.2,0.0,0.0,0.19,High,0.0
Diego Coppola,Brighton,0,27,2526,4.2,0.0,0.0,0.19,High,0.0
Diego Coppola,Brighton,0,28,2526,4.2,0.0,0.0,0.19,High,0.0
Diego Gómez Amarilla,Brighton,3,26,2526,4.9,1.14,0.56,1.71,Low,10.0
Diego Gómez Amarilla,Brighton,3,27,2526,4.9,1.14,0.05,2.22,Low,9.0
Diego Gómez Amarilla,Brighton,3,28,2526,4.9,1.11,0.18,2.04,Low,1.0
Diego León Blanco,Man Utd,0,26,2526,4.2,0.0,0.0,0.22,Medium,0.0
Diego León Blanco,Man Utd,0,27,2526,4.2,0.0,0.0,0.21,Medium,0.0
Diego León Blanco,Man Utd,0,28,2526,4.2,0.0,0.0,0.21,High,0.0
Dilane Bakwa,Nott'm Forest,3,26,2526,5.9,0.0,0.0,0.29,Medium,1.0
Dilane Bakwa,Nott'm Forest,3,27,2526,5.9,0.6,0.0,1.25,Low,1.0
Dilane Bakwa,Nott'm Forest,3,28,2526,5.9,0.45,0.0,1.11,Low,0.0
Diogo Dalot Teixeira,Man Utd,0,26,2526,4.5,1.87,1.11,2.64,Low,7.0
Diogo Dalot Teixeira,Man Utd,0,27,2526,4.5,2.06,1.01,3.11,Low,1.0
Diogo Dalot Teixeira,Man Utd,0,28,2526,4.5,2.0,1.19,2.81,Low,1.0
Divine Mukasa,Man City,3,26,2526,4.4,0.0,0.0,0.22,Medium,0.0
Divine Mukasa,Man City,3,27,2526,4.4,0.0,0.0,0.22,Medium,0.0
Divine Mukasa,Man City,3,28,2526,4.4,0.0,0.0,0.2,High,0.0
Djed Spence,Spurs,0,26,2526,4.2,1.58,0.95,2.22,Low,0.0
Djed Spence,Spurs,0,27,2526,4.2,1.91,0.39,3.44,Low,0.0
Djed Spence,Spurs,0,28,2526,4.2,0.02,0.0,0.33,Medium,0.0
Djiamgone Jocelin Ta Bi,Sunderland,3,26,2526,5.0,0.0,0.0,0.21,Medium,1.0
Djiamgone Jocelin Ta Bi,Sunderland,3,27,2526,5.0,0.43,0.0,1.14,Low,0.0
Djiamgone Jocelin Ta Bi,Sunderland,3,28,2526,5.0,0.0,0.0,0.27,Medium,0.0
Dominic Calvert-Lewin,Leeds,1,26,2526,5.9,0.6,0.0,1.19,Low,2.0
Dominic Calvert-Lewin,Leeds,1,27,2526,5.8,2.98,1.16,4.8,Low,2.0
Dominic Calvert-Lewin,Leeds,1,28,2526,5.8,2.07,0.82,3.32,Low,2.0
Dominic Sadi,Bournemouth,3,26,2526,4.5,0.0,0.0,0.2,High,0.0
Dominic Sadi,Bournemouth,3,27,2526,4.5,0.0,0.0,0.21,High,0.0
Dominic Sadi,Bournemouth,3,28,2526,4.5,0.0,0.0,0.2,High,0.0
Dominic Solanke-Mitchell,Spurs,1,26,2526,7.2,1.98,0.95,3.02,Low,1.0
Dominic Solanke-Mitchell,Spurs,1,27,2526,7.2,1.16,0.32,2.0,Low,2.0
Dominic Solanke-Mitchell,Spurs,1,28,2526,7.2,1.72,0.75,2.69,Low,7.0
Dominik Szoboszlai,Liverpool,3,26,2526,6.7,0.39,0.0,0.8,Medium,3.0
Dominik Szoboszlai,Liverpool,3,27,2526,6.7,2.52,1.11,3.94,Low,4.0
Dominik Szoboszlai,Liverpool,3,28,2526,6.8,2.39,1.49,3.28,Low,5.0
Donyell Malen,Aston Villa,3,26,2526,5.1,0.0,0.0,0.21,High,0.0
Donyell Malen,Aston Villa,3,27,2526,5.1,0.0,0.0,0.2,High,0.0
Donyell Malen,Aston Villa,3,28,2526,5.1,0.0,0.0,0.22,Medium,0.0
Douglas Luiz Soares de Paulo,Aston Villa,3,26,2526,4.9,1.31,0.47,2.14,Low,2.0
Douglas Luiz Soares de Paulo,Aston Villa,3,27,2526,4.9,1.46,0.64,2.28,Low,1.0
Douglas Luiz Soares de Paulo,Aston Villa,3,28,2526,4.9,1.03,0.2,1.86,Low,7.0
Dwight McNeil,Everton,3,26,2526,5.5,0.03,0.0,0.43,Medium,0.0
Dwight McNeil,Everton,3,27,2526,5.5,0.0,0.0,0.33,Medium,6.0
Dwight McNeil,Everton,3,28,2526,5.5,1.21,0.36,2.06,Low,5.0
Dário Luís Essugo,Chelsea,3,26,2526,4.3,0.0,0.0,0.22,Medium,0.0
Dário Luís Essugo,Chelsea,3,27,2526,4.3,0.0,0.0,0.21,Medium,0.0
Dário Luís Essugo,Chelsea,3,28,2526,4.3,0.0,0.0,0.23,Medium,0.0
Eberechi Eze,Arsenal,3,26,2526,7.2,0.91,0.0,1.85,Low,1.0
Eberechi Eze,Arsenal,3,26,2526,7.2,1.06,0.06,2.06,Low,14.0
Eberechi Eze,Arsenal,3,27,2526,7.2,1.57,0.15,3.0,Low,2.0
Eberechi Eze,Arsenal,3,28,2526,7.2,2.0,0.71,3.28,Low,3.0
Eddie Nketiah,Crystal Palace,1,26,2526,5.4,0.0,0.0,0.22,Medium,0.0
Eddie Nketiah,Crystal Palace,1,27,2526,5.4,0.0,0.0,0.22,Medium,0.0
Eddie Nketiah,Crystal Palace,1,28,2526,5.4,0.0,0.0,0.23,Medium,0.0
Ederson Santana de Moraes,Man City,2,26,2526,5.3,0.0,0.0,0.2,High,0.0
Ederson Santana de Moraes,Man City,2,27,2526,5.3,0.0,0.0,0.2,High,0.0
Ederson Santana de Moraes,Man City,2,28,2526,5.3,0.0,0.0,0.2,High,0.0
Edson Álvarez Velázquez,West Ham,3,26,2526,4.9,0.0,0.0,0.2,High,0.0
Edson Álvarez Velázquez,West Ham,3,27,2526,4.9,0.0,0.0,0.19,High,0.0
Edson Álvarez Velázquez,West Ham,3,28,2526,4.9,0.0,0.0,0.2,High,0.0
Eiran Cashin,Brighton,0,26,2526,4.0,0.0,0.0,0.19,High,0.0
Eiran Cashin,Brighton,0,27,2526,4.0,0.0,0.0,0.18,High,0.0
Eiran Cashin,Brighton,0,28,2526,4.0,0.0,0.0,0.19,High,0.0
El Hadji Malick Diouf,West Ham,0,26,2526,4.0,1.18,0.44,1.91,Low,9.0
El Hadji Malick Diouf,West Ham,0,27,2526,4.0,2.0,0.75,3.25,Low,3.0
El Hadji Malick Diouf,West Ham,0,28,2526,4.0,1.91,1.18,2.64,Low,6.0
Eliezer Mayenda Dossou,Sunderland,1,26,2526,5.2,0.03,0.0,0.43,Medium,1.0
Eliezer Mayenda Dossou,Sunderland,1,27,2526,5.2,0.63,0.0,1.3,Low,9.0
Eliezer Mayenda Dossou,Sunderland,1,28,2526,5.2,1.3,0.0,2.65,Low,1.0
Elijah Campbell,Everton,0,26,2526,3.9,0.0,0.0,0.18,High,0.0
Elijah Campbell,Everton,0,27,2526,3.9,0.0,0.0,0.19,High,0.0
Elijah Campbell,Everton,0,28,2526,3.9,0.0,0.0,0.2,High,0.0
Ellery Balcombe,Brentford,2,26,2526,3.9,0.0,0.0,0.19,High,0.0
Ellery Balcombe,Brentford,2,27,2526,3.9,0.0,0.0,0.2,High,0.0
Ellery Balcombe,Brentford,2,28,2526,3.9,0.0,0.0,0.21,Medium,0.0
Elliot Anderson,Nott'm Forest,3,26,2526,5.4,2.62,1.37,3.88,Low,5.0
Elliot Anderson,Nott'm Forest,3,27,2526,5.4,1.92,1.13,2.72,Low,1.0
Elliot Anderson,Nott'm Forest,3,28,2526,5.4,2.24,1.42,3.05,Low,12.0
Elyh Harrison,Man Utd,2,26,2526,4.0,0.0,0.0,0.2,High,0.0
Elyh Harrison,Man Utd,2,27,2526,4.0,0.0,0.0,0.19,High,0.0
Elyh Harrison,Man Utd,2,28,2526,4.0,0.0,0.0,0.19,High,0.0
Emerson Palmieri dos Santos,West Ham,0,26,2526,4.4,0.0,0.0,0.19,High,0.0
Emerson Palmieri dos Santos,West Ham,0,27,2526,4.4,0.0,0.0,0.18,High,0.0
Emerson Palmieri dos Santos,West Ham,0,28,2526,4.4,0.0,0.0,0.19,High,0.0
Emil Krafth,Newcastle,0,26,2526,4.3,0.0,0.0,0.22,Medium,0.0
Emil Krafth,Newcastle,0,27,2526,4.3,0.0,0.0,0.2,High,0.0
Emil Krafth,Newcastle,0,28,2526,4.3,0.0,0.0,0.2,High,0.0
Emile Smith Rowe,Fulham,3,26,2526,5.6,1.03,0.21,1.85,Low,2.0
Emile Smith Rowe,Fulham,3,27,2526,5.6,1.5,0.54,2.46,Low,2.0
Emile Smith Rowe,Fulham,3,28,2526,5.6,1.23,0.18,2.28,Low,1.0
Emiliano Buendía Stati,Aston Villa,3,26,2526,5.3,1.03,0.27,1.78,Low,1.0
Emiliano Buendía Stati,Aston Villa,3,27,2526,5.3,1.33,0.6,2.06,Low,1.0
Emiliano Buendía Stati,Aston Villa,3,28,2526,5.3,1.48,0.37,2.59,Low,2.0
Emiliano Martínez Romero,Aston Villa,2,26,2526,5.0,1.77,0.77,2.78,Low,3.0
Emiliano Martínez Romero,Aston Villa,2,27,2526,5.0,1.72,0.89,2.54,Low,1.0
Emiliano Martínez Romero,Aston Villa,2,28,2526,5.1,1.79,0.67,2.91,Low,1.0
Emmanuel Agbadou,Wolves,0,26,2526,4.2,0.0,0.0,0.31,Medium,0.0
Emmanuel Agbadou,Wolves,0,26,2526,4.2,0.0,0.0,0.29,Medium,0.0
Emmanuel Agbadou,Wolves,0,27,2526,4.2,0.0,0.0,0.22,Medium,0.0
Emmanuel Agbadou,Wolves,0,28,2526,4.2,0.0,0.0,0.2,High,0.0
Endo Wataru,Liverpool,3,26,2526,4.9,0.97,0.22,1.72,Low,0.0
Endo Wataru,Liverpool,3,27,2526,4.9,0.0,0.0,0.31,Medium,0.0
Endo Wataru,Liverpool,3,28,2526,4.9,0.0,0.0,0.31,Medium,0.0
Enes Ünal,Bournemouth,1,26,2526,5.4,0.73,0.0,1.45,Low,1.0
Enes Ünal,Bournemouth,1,27,2526,5.4,0.18,0.0,0.82,Medium,1.0
Enes Ünal,Bournemouth,1,28,2526,5.4,0.38,0.0,0.96,Low,1.0
Enock Agyei,Burnley,3,26,2526,4.7,0.0,0.0,0.25,Medium,0.0
Enock Agyei,Burnley,3,27,2526,4.7,0.0,0.0,0.25,Medium,0.0
Enock Agyei,Burnley,3,28,2526,4.7,0.0,0.0,0.25,Medium,0.0
Enso González Medina,Wolves,3,26,2526,4.3,0.0,0.0,0.23,Medium,0.0
Enso González Medina,Wolves,3,26,2526,4.3,0.0,0.0,0.19,High,0.0
Enso González Medina,Wolves,3,27,2526,4.3,0.0,0.0,0.23,Medium,0.0
Enso González Medina,Wolves,3,28,2526,4.3,0.0,0.0,0.21,High,0.0
Enzo Barrenechea,Aston Villa,3,26,2526,5.0,0.0,0.0,0.19,High,0.0
Enzo Barrenechea,Aston Villa,3,27,2526,5.0,0.0,0.0,0.19,High,0.0
Enzo Barrenechea,Aston Villa,3,28,2526,5.0,0.0,0.0,0.21,Medium,0.0
Enzo Fernández,Chelsea,3,26,2526,6.9,2.86,1.83,3.89,Low,2.0
Enzo Fernández,Chelsea,3,27,2526,6.9,2.48,1.73,3.23,Low,1.0
Enzo Fernández,Chelsea,3,28,2526,6.8,2.68,1.49,3.87,Low,4.0
Enzo Le Fée,Sunderland,3,26,2526,4.9,1.9,0.75,3.05,Low,10.0
Enzo Le Fée,Sunderland,3,27,2526,4.9,1.64,0.86,2.42,Low,2.0
Enzo Le Fée,Sunderland,3,28,2526,4.9,2.0,0.94,3.05,Low,5.0
Eric da Silva Moreira,Nott'm Forest,3,26,2526,4.5,0.0,0.0,0.23,Medium,0.0
Eric da Silva Moreira,Nott'm Forest,3,27,2526,4.5,0.0,0.0,0.22,Medium,0.0
Eric da Silva Moreira,Nott'm Forest,3,28,2526,4.5,0.0,0.0,0.22,Medium,0.0
Erling Haaland,Man City,1,26,2526,14.9,2.69,1.0,4.38,Low,6.0
Erling Haaland,Man City,1,27,2526,14.8,3.85,1.92,5.78,Low,0.0
Erling Haaland,Man City,1,28,2526,14.8,1.72,0.39,3.05,Low,2.0
Estêvão Almeida de Oliveira Gonçalves,Chelsea,3,26,2526,6.4,0.92,0.25,1.6,Low,0.0
Estêvão Almeida de Oliveira Gonçalves,Chelsea,3,27,2526,6.4,0.24,0.0,0.84,Medium,0.0
Estêvão Almeida de Oliveira Gonçalves,Chelsea,3,28,2526,6.4,0.15,0.0,0.63,Medium,0.0
Ethan Ampadu,Leeds,3,26,2526,4.9,1.45,0.71,2.19,Low,8.0
Ethan Ampadu,Leeds,3,27,2526,4.9,1.99,1.14,2.84,Low,4.0
Ethan Ampadu,Leeds,3,28,2526,4.9,2.08,0.97,3.18,Low,2.0
Ethan Nwaneri,Arsenal,3,26,2526,5.0,0.0,0.0,0.19,High,0.0
Ethan Nwaneri,Arsenal,3,26,2526,5.0,0.0,0.0,0.2,High,0.0
Ethan Nwaneri,Arsenal,3,27,2526,5.0,0.0,0.0,0.22,Medium,0.0
Ethan Nwaneri,Arsenal,3,28,2526,5.0,0.0,0.0,0.2,High,0.0
Ethan Pinnock,Brentford,0,26,2526,4.2,0.0,0.0,0.21,High,0.0
Ethan Pinnock,Brentford,0,27,2526,4.2,0.0,0.0,0.21,Medium,0.0
Ethan Pinnock,Brentford,0,28,2526,4.2,0.0,0.0,0.22,Medium,0.0
Ethan Sutherland,Wolves,3,26,2526,4.5,0.0,0.0,0.24,Medium,0.0
Ethan Sutherland,Wolves,3,26,2526,4.5,0.0,0.0,0.22,Medium,0.0
Ethan Sutherland,Wolves,3,27,2526,4.5,0.0,0.0,0.23,Medium,0.0
Ethan Sutherland,Wolves,3,28,2526,4.5,0.0,0.0,0.23,Medium,0.0
Ethan Wheatley,Man Utd,1,26,2526,4.5,0.0,0.0,0.2,High,0.0
Ethan Wheatley,Man Utd,1,27,2526,4.5,0.0,0.0,0.19,High,0.0
Ethan Wheatley,Man Utd,1,28,2526,4.5,0.0,0.0,0.19,High,0.0
Etienne Green,Burnley,2,26,2526,4.0,0.0,0.0,0.19,High,0.0
Etienne Green,Burnley,2,27,2526,4.0,0.0,0.0,0.18,High,0.0
Etienne Green,Burnley,2,28,2526,4.0,0.0,0.0,0.18,High,0.0
Evan Ferguson,Brighton,1,26,2526,5.5,0.0,0.0,0.19,High,0.0
Evan Ferguson,Brighton,1,27,2526,5.5,0.0,0.0,0.19,High,0.0
Evan Ferguson,Brighton,1,28,2526,5.5,0.0,0.0,0.2,High,0.0
Evann Guessand,Crystal Palace,3,26,2526,6.2,0.91,0.25,1.57,Low,6.0
Evann Guessand,Crystal Palace,3,27,2526,6.2,0.84,0.0,1.97,Low,1.0
Evann Guessand,Crystal Palace,3,28,2526,6.2,0.91,0.2,1.63,Low,2.0
Ezra Mayers,West Ham,0,26,2526,4.0,0.0,0.0,0.23,Medium,0.0
Ezra Mayers,West Ham,0,27,2526,4.0,0.0,0.0,0.2,High,1.0
Ezra Mayers,West Ham,0,28,2526,4.0,0.0,0.0,0.35,Medium,0.0
Ezri Konsa Ngoyo,Aston Villa,0,26,2526,4.4,2.02,0.85,3.2,Low,7.0
Ezri Konsa Ngoyo,Aston Villa,0,27,2526,4.4,2.3,1.25,3.36,Low,1.0
Ezri Konsa Ngoyo,Aston Villa,0,28,2526,4.4,2.09,1.02,3.15,Low,0.0
Fabian Schär,Newcastle,0,26,2526,5.2,0.0,0.0,0.24,Medium,0.0
Fabian Schär,Newcastle,0,27,2526,5.2,0.0,0.0,0.21,Medium,0.0
Fabian Schär,Newcastle,0,28,2526,5.2,0.0,0.0,0.21,High,0.0
Facundo Buonanotte,Leeds,3,26,2526,4.6,0.0,0.0,0.33,Medium,0.0
Facundo Buonanotte,Leeds,3,27,2526,4.6,0.0,0.0,0.33,Medium,0.0
Facundo Buonanotte,Leeds,3,28,2526,4.6,0.0,0.0,0.28,Medium,0.0
Federico Chiesa,Liverpool,3,26,2526,6.3,0.19,0.0,0.81,Medium,1.0
Federico Chiesa,Liverpool,3,27,2526,6.3,0.4,0.0,1.09,Low,0.0
Federico Chiesa,Liverpool,3,28,2526,6.3,0.0,0.0,0.46,Medium,1.0
Felipe Rodrigues da Silva,Nott'm Forest,0,26,2526,4.3,1.69,0.87,2.51,Low,0.0
Felipe Rodrigues da Silva,Nott'm Forest,0,27,2526,4.3,0.08,0.0,0.45,Medium,0.0
Felipe Rodrigues da Silva,Nott'm Forest,0,28,2526,4.3,0.04,0.0,0.36,Medium,1.0
Fer López González,Wolves,3,26,2526,5.1,0.0,0.0,0.2,High,0.0
Fer López González,Wolves,3,26,2526,5.1,0.0,0.0,0.18,High,0.0
Fer López González,Wolves,3,27,2526,5.1,0.0,0.0,0.2,High,0.0
Fer López González,Wolves,3,28,2526,5.1,0.0,0.0,0.19,High,0.0
Ferdi Kadıoğlu,Brighton,0,26,2526,4.4,1.46,0.75,2.17,Low,8.0
Ferdi Kadıoğlu,Brighton,0,27,2526,4.4,1.67,1.14,2.21,Low,2.0
Ferdi Kadıoğlu,Brighton,0,28,2526,4.4,1.33,0.49,2.16,Low,1.0
Filip Jörgensen,Chelsea,2,26,2526,4.3,0.0,0.0,0.21,High,0.0
Filip Jörgensen,Chelsea,2,27,2526,4.3,0.0,0.0,0.2,High,0.0
Filip Jörgensen,Chelsea,2,28,2526,4.3,0.0,0.0,0.21,Medium,3.0
Filip Marschall,Aston Villa,2,26,2526,4.0,0.0,0.0,0.18,High,0.0
Filip Marschall,Aston Villa,2,27,2526,4.0,0.0,0.0,0.19,High,0.0
Filip Marschall,Aston Villa,2,28,2526,4.0,0.0,0.0,0.21,High,0.0
Florentino Ibrain Morris Luís,Burnley,3,26,2526,5.0,0.45,0.0,1.28,Low,0.0
Florentino Ibrain Morris Luís,Burnley,3,27,2526,5.0,0.09,0.0,0.52,Medium,1.0
Florentino Ibrain Morris Luís,Burnley,3,28,2526,5.0,0.51,0.0,1.14,Low,1.0
Florian Wirtz,Liverpool,3,26,2526,8.4,3.25,1.03,5.47,Low,0.0
Florian Wirtz,Liverpool,3,27,2526,8.4,1.04,0.0,2.31,Low,0.0
Florian Wirtz,Liverpool,3,28,2526,8.4,0.45,0.0,0.97,Low,0.0
Francisco Evanilson de Lima Barbosa,Bournemouth,1,26,2526,7.0,1.11,0.43,1.79,Low,2.0
Francisco Evanilson de Lima Barbosa,Bournemouth,1,27,2526,6.9,1.11,0.32,1.91,Low,6.0
Francisco Evanilson de Lima Barbosa,Bournemouth,1,28,2526,6.9,1.16,0.04,2.28,Low,2.0
Franco Umeh-Chibueze,Crystal Palace,3,26,2526,4.5,0.0,0.0,0.18,High,0.0
Franco Umeh-Chibueze,Crystal Palace,3,27,2526,4.5,0.0,0.0,0.2,High,0.0
Franco Umeh-Chibueze,Crystal Palace,3,28,2526,4.5,0.0,0.0,0.2,High,0.0
Frank Onyeka,Brentford,3,26,2526,4.8,0.0,0.0,0.18,High,0.0
Frank Onyeka,Brentford,3,27,2526,4.8,0.0,0.0,0.19,High,0.0
Frank Onyeka,Brentford,3,28,2526,4.8,0.0,0.0,0.2,High,0.0
Fraser Forster,Bournemouth,2,26,2526,4.0,0.0,0.0,0.23,Medium,0.0
Fraser Forster,Bournemouth,2,27,2526,4.0,0.0,0.0,0.24,Medium,0.0
Fraser Forster,Bournemouth,2,28,2526,4.0,0.0,0.0,0.23,Medium,0.0
Freddie Potts,West Ham,3,26,2526,4.4,1.1,0.27,1.94,Low,0.0
Freddie Potts,West Ham,3,27,2526,4.4,0.04,0.0,0.42,Medium,0.0
Freddie Potts,West Ham,3,28,2526,4.4,0.02,0.0,0.41,Medium,0.0
Freddie Simmonds,Brighton,0,26,2526,4.0,0.0,0.0,0.22,Medium,0.0
Freddie Simmonds,Brighton,0,27,2526,4.0,0.0,0.0,0.22,Medium,0.0
Freddie Simmonds,Brighton,0,28,2526,4.0,0.0,0.0,0.21,Medium,0.0
Freddie Woodman,Liverpool,2,26,2526,3.9,0.0,0.0,0.21,Medium,0.0
Freddie Woodman,Liverpool,2,27,2526,3.9,0.0,0.0,0.21,Medium,0.0
Freddie Woodman,Liverpool,2,28,2526,3.9,0.0,0.0,0.23,Medium,0.0
Fábio Ferreira Vieira,Arsenal,3,26,2526,5.4,0.0,0.0,0.19,High,0.0
Fábio Ferreira Vieira,Arsenal,3,26,2526,5.4,0.0,0.0,0.2,High,0.0
Fábio Ferreira Vieira,Arsenal,3,27,2526,5.4,0.0,0.0,0.22,Medium,0.0
Fábio Ferreira Vieira,Arsenal,3,28,2526,5.4,0.0,0.0,0.2,High,0.0
Fábio Freitas Gouveia Carvalho,Brentford,3,26,2526,4.7,0.0,0.0,0.2,High,0.0
Fábio Freitas Gouveia Carvalho,Brentford,3,27,2526,4.7,0.0,0.0,0.21,High,0.0
Fábio Freitas Gouveia Carvalho,Brentford,3,28,2526,4.7,0.0,0.0,0.22,Medium,0.0
Fábio Soares Silva,Wolves,1,26,2526,4.9,0.0,0.0,0.19,High,0.0
Fábio Soares Silva,Wolves,1,26,2526,4.9,0.0,0.0,0.17,High,0.0
Fábio Soares Silva,Wolves,1,27,2526,4.9,0.0,0.0,0.19,High,0.0
Fábio Soares Silva,Wolves,1,28,2526,4.9,0.0,0.0,0.19,High,0.0
Gabriel Fernando de Jesus,Arsenal,1,26,2526,6.4,0.32,0.0,1.03,Low,0.0
Gabriel Fernando de Jesus,Arsenal,1,26,2526,6.4,1.2,0.36,2.03,Low,0.0
Gabriel Fernando de Jesus,Arsenal,1,27,2526,6.4,0.12,0.0,0.63,Medium,0.0
Gabriel Fernando de Jesus,Arsenal,1,28,2526,6.4,0.05,0.0,0.46,Medium,0.0
Gabriel Gudmundsson,Leeds,0,26,2526,3.8,1.54,0.99,2.08,Low,1.0
Gabriel Gudmundsson,Leeds,0,27,2526,3.8,0.86,0.16,1.56,Low,2.0
Gabriel Gudmundsson,Leeds,0,28,2526,3.8,1.79,0.69,2.88,Low,2.0
Gabriel Martinelli Silva,Arsenal,3,26,2526,6.8,1.07,0.0,2.56,Low,2.0
Gabriel Martinelli Silva,Arsenal,3,26,2526,6.8,2.46,0.77,4.14,Low,1.0
Gabriel Martinelli Silva,Arsenal,3,27,2526,6.8,0.79,0.0,1.77,Low,1.0
Gabriel Martinelli Silva,Arsenal,3,28,2526,6.8,0.88,0.06,1.69,Low,1.0
Gabriel Słonina,Chelsea,2,26,2526,3.9,0.0,0.0,0.2,High,0.0
Gabriel Słonina,Chelsea,2,27,2526,3.9,0.0,0.0,0.19,High,0.0
Gabriel Słonina,Chelsea,2,28,2526,3.9,0.0,0.0,0.2,High,0.0
Gabriel dos Santos Magalhães,Arsenal,0,26,2526,7.1,3.79,2.81,4.78,Low,4.0
Gabriel dos Santos Magalhães,Arsenal,0,26,2526,7.1,3.16,2.11,4.21,Low,2.0
Gabriel dos Santos Magalhães,Arsenal,0,27,2526,7.1,2.85,1.62,4.09,Low,9.0
Gabriel dos Santos Magalhães,Arsenal,0,28,2526,7.1,2.85,1.94,3.75,Low,11.0
Garang Kuol,Newcastle,3,26,2526,4.4,0.0,0.0,0.21,High,0.0
Garang Kuol,Newcastle,3,27,2526,4.4,0.0,0.0,0.2,High,0.0
Garang Kuol,Newcastle,3,28,2526,4.4,0.0,0.0,0.19,High,0.0
George Brierley,Burnley,3,26,2526,4.5,0.0,0.0,0.23,Medium,0.0
George Brierley,Burnley,3,27,2526,4.5,0.0,0.0,0.22,Medium,0.0
George Brierley,Burnley,3,28,2526,4.5,0.0,0.0,0.22,Medium,0.0
George Earthy,West Ham,3,26,2526,4.5,0.0,0.0,0.2,High,0.0
George Earthy,West Ham,3,27,2526,4.5,0.0,0.0,0.19,High,0.0
George Earthy,West Ham,3,28,2526,4.5,0.0,0.0,0.2,High,0.0
George Hemmings,Aston Villa,3,26,2526,4.5,0.0,0.0,0.24,Medium,0.0
George Hemmings,Aston Villa,3,27,2526,4.5,0.0,0.0,0.24,Medium,0.0
George Hemmings,Aston Villa,3,28,2526,4.5,0.0,0.0,0.24,Medium,0.0
George King,Crystal Palace,0,26,2526,4.0,0.0,0.0,0.2,High,0.0
George King,Crystal Palace,0,27,2526,4.0,0.0,0.0,0.23,Medium,0.0
George King,Crystal Palace,0,28,2526,4.0,0.0,0.0,0.23,Medium,0.0
Georginio Rutter,Brighton,3,26,2526,5.6,0.12,0.0,0.62,Medium,0.0
Georginio Rutter,Brighton,3,27,2526,5.6,0.11,0.0,0.6,Medium,0.0
Georginio Rutter,Brighton,3,28,2526,5.6,0.02,0.0,0.46,Medium,4.0
Gianluigi Donnarumma,Man City,2,26,2526,5.6,1.94,0.71,3.18,Low,5.0
Gianluigi Donnarumma,Man City,2,27,2526,5.6,1.87,0.53,3.22,Low,5.0
Gianluigi Donnarumma,Man City,2,28,2526,5.6,2.14,1.26,3.02,Low,1.0
Giorgi Mamardashvili,Liverpool,2,26,2526,4.1,0.0,0.0,0.23,Medium,0.0
Giorgi Mamardashvili,Liverpool,2,27,2526,4.1,0.0,0.0,0.23,Medium,0.0
Giorgi Mamardashvili,Liverpool,2,28,2526,4.1,0.0,0.0,0.24,Medium,0.0
Giovanni Leoni,Liverpool,0,26,2526,4.9,0.0,0.0,0.2,High,0.0
Giovanni Leoni,Liverpool,0,27,2526,4.9,0.0,0.0,0.22,Medium,0.0
Giovanni Leoni,Liverpool,0,28,2526,4.9,0.0,0.0,0.24,Medium,0.0
Godwill Kukonki,Man Utd,0,26,2526,4.0,0.0,0.0,0.22,Medium,0.0
Godwill Kukonki,Man Utd,0,27,2526,4.0,0.0,0.0,0.22,Medium,0.0
Godwill Kukonki,Man Utd,0,28,2526,4.0,0.0,0.0,0.21,Medium,0.0
Gonçalo Manuel Ganchinho Guedes,Wolves,3,26,2526,5.5,0.0,0.0,0.2,High,0.0
Gonçalo Manuel Ganchinho Guedes,Wolves,3,26,2526,5.5,0.0,0.0,0.18,High,0.0
Gonçalo Manuel Ganchinho Guedes,Wolves,3,27,2526,5.5,0.0,0.0,0.2,High,0.0
Gonçalo Manuel Ganchinho Guedes,Wolves,3,28,2526,5.5,0.0,0.0,0.19,High,0.0
Granit Xhaka,Sunderland,3,26,2526,5.1,0.12,0.0,0.56,Medium,1.0
Granit Xhaka,Sunderland,3,27,2526,5.1,0.77,0.0,1.54,Low,2.0
Granit Xhaka,Sunderland,3,28,2526,5.1,1.55,0.57,2.54,Low,1.0
Guglielmo Vicario,Spurs,2,26,2526,4.8,1.73,0.69,2.77,Low,0.0
Guglielmo Vicario,Spurs,2,27,2526,4.7,1.84,0.81,2.87,Low,1.0
Guglielmo Vicario,Spurs,2,28,2526,4.7,1.88,0.66,3.1,Low,1.0
Guido Rodríguez,West Ham,3,26,2526,4.8,0.0,0.0,0.21,Medium,0.0
Guido Rodríguez,West Ham,3,27,2526,4.8,0.0,0.0,0.2,High,0.0
Guido Rodríguez,West Ham,3,28,2526,4.8,0.0,0.0,0.2,High,0.0
Gustavo Nunes Fernandes Gomes,Brentford,3,26,2526,4.9,0.0,0.0,0.18,High,0.0
Gustavo Nunes Fernandes Gomes,Brentford,3,27,2526,4.9,0.0,0.0,0.19,High,0.0
Gustavo Nunes Fernandes Gomes,Brentford,3,28,2526,4.9,0.0,0.0,0.2,High,0.0
Habib Diarra,Sunderland,3,26,2526,5.3,1.71,0.6,2.82,Low,2.0
Habib Diarra,Sunderland,3,27,2526,5.3,1.2,0.35,2.06,Low,5.0
Habib Diarra,Sunderland,3,28,2526,5.3,1.55,0.72,2.38,Low,7.0
Hamed Traorè,Bournemouth,3,26,2526,4.5,0.0,0.0,0.2,High,0.0
Hamed Traorè,Bournemouth,3,27,2526,4.5,0.0,0.0,0.21,High,0.0
Hamed Traorè,Bournemouth,3,28,2526,4.5,0.0,0.0,0.2,High,0.0
Hannes Delcroix,Burnley,0,26,2526,3.8,0.0,0.0,0.19,High,0.0
Hannes Delcroix,Burnley,0,27,2526,3.8,0.0,0.0,0.18,High,0.0
Hannes Delcroix,Burnley,0,28,2526,3.8,0.0,0.0,0.17,High,0.0
Hannibal Mejbri,Burnley,3,26,2526,4.7,1.49,0.84,2.15,Low,1.0
Hannibal Mejbri,Burnley,3,27,2526,4.7,1.72,1.21,2.22,Low,10.0
Hannibal Mejbri,Burnley,3,28,2526,4.7,1.28,0.2,2.36,Low,2.0
Harrison Armstrong,Everton,3,26,2526,4.5,1.14,0.34,1.94,Low,2.0
Harrison Armstrong,Everton,3,27,2526,4.5,1.08,0.4,1.76,Low,1.0
Harrison Armstrong,Everton,3,28,2526,4.5,0.33,0.0,0.87,Medium,0.0
Harrison Ashby,Newcastle,0,26,2526,3.9,0.0,0.0,0.2,High,0.0
Harrison Ashby,Newcastle,0,27,2526,3.9,0.0,0.0,0.19,High,0.0
Harrison Ashby,Newcastle,0,28,2526,3.9,0.0,0.0,0.18,High,0.0
Harrison Jones,Sunderland,3,26,2526,4.3,0.0,0.0,0.21,High,0.0
Harrison Jones,Sunderland,3,27,2526,4.3,0.0,0.0,0.22,Medium,0.0
Harrison Jones,Sunderland,3,28,2526,4.3,0.0,0.0,0.22,Medium,0.0
Harrison Reed,Fulham,3,26,2526,4.3,0.15,0.0,0.56,Medium,0.0
Harrison Reed,Fulham,3,27,2526,4.3,0.0,0.0,0.36,Medium,0.0
Harrison Reed,Fulham,3,28,2526,4.3,0.0,0.0,0.34,Medium,0.0
Harry Amass,Man Utd,0,26,2526,4.0,0.0,0.0,0.2,High,0.0
Harry Amass,Man Utd,0,27,2526,4.0,0.0,0.0,0.19,High,0.0
Harry Amass,Man Utd,0,28,2526,4.0,0.0,0.0,0.19,High,0.0
Harry Gray,Leeds,1,26,2526,4.5,0.0,0.0,0.18,High,0.0
Harry Gray,Leeds,1,27,2526,4.5,0.0,0.0,0.19,High,0.0
Harry Gray,Leeds,1,28,2526,4.5,0.0,0.0,0.19,High,0.0
Harry Howell,Brighton,3,26,2526,4.5,0.21,0.0,0.65,Medium,0.0
Harry Howell,Brighton,3,27,2526,4.5,0.0,0.0,0.34,Medium,0.0
Harry Howell,Brighton,3,28,2526,4.5,0.0,0.0,0.32,Medium,1.0
Harry Maguire,Man Utd,0,26,2526,4.3,1.28,0.4,2.15,Low,7.0
Harry Maguire,Man Utd,0,27,2526,4.3,1.9,1.21,2.6,Low,2.0
Harry Maguire,Man Utd,0,28,2526,4.3,1.53,0.74,2.33,Low,1.0
Harry Tyrer,Everton,2,26,2526,3.9,0.0,0.0,0.18,High,0.0
Harry Tyrer,Everton,2,27,2526,3.9,0.0,0.0,0.19,High,0.0
Harry Tyrer,Everton,2,28,2526,3.9,0.0,0.0,0.2,High,0.0
Harry Wilson,Fulham,3,26,2526,6.0,2.29,0.95,3.63,Low,8.0
Harry Wilson,Fulham,3,27,2526,5.9,2.64,1.86,3.42,Low,12.0
Harry Wilson,Fulham,3,28,2526,5.9,2.46,0.6,4.32,Low,0.0
Harvey Barnes,Newcastle,3,26,2526,6.1,2.04,0.7,3.38,Low,0.0
Harvey Barnes,Newcastle,3,27,2526,6.1,1.3,0.39,2.21,Low,1.0
Harvey Barnes,Newcastle,3,28,2526,6.1,1.39,0.26,2.51,Low,1.0
Harvey Elliott,Aston Villa,3,26,2526,5.1,0.0,0.0,0.35,Medium,0.0
Harvey Elliott,Aston Villa,3,27,2526,5.1,0.0,0.0,0.35,Medium,0.0
Harvey Elliott,Aston Villa,3,28,2526,5.1,0.0,0.0,0.23,Medium,0.0
Hjalmar Ekdal,Burnley,0,26,2526,3.9,0.0,0.0,0.21,Medium,0.0
Hjalmar Ekdal,Burnley,0,27,2526,3.9,0.0,0.0,0.21,High,0.0
Hjalmar Ekdal,Burnley,0,28,2526,3.9,0.0,0.0,0.18,High,0.0
Hugo Bueno López,Wolves,0,26,2526,4.3,0.93,0.26,1.61,Low,7.0
Hugo Bueno López,Wolves,0,26,2526,4.3,1.46,0.73,2.19,Low,4.0
Hugo Bueno López,Wolves,0,27,2526,4.3,1.96,1.06,2.86,Low,6.0
Hugo Bueno López,Wolves,0,28,2526,4.3,1.39,0.69,2.09,Low,1.0
Hugo Ekitiké,Liverpool,1,26,2526,8.9,2.74,1.36,4.12,Low,2.0
Hugo Ekitiké,Liverpool,1,27,2526,8.9,3.65,1.52,5.78,Low,15.0
Hugo Ekitiké,Liverpool,1,28,2526,8.9,2.85,0.28,5.42,Low,2.0
Hwang Hee-chan,Wolves,3,26,2526,5.6,0.19,0.0,0.78,Medium,0.0
Hwang Hee-chan,Wolves,3,26,2526,5.6,0.17,0.0,0.72,Medium,0.0
Hwang Hee-chan,Wolves,3,27,2526,5.6,0.0,0.0,0.31,Medium,0.0
Hwang Hee-chan,Wolves,3,28,2526,5.6,0.0,0.0,0.24,Medium,0.0
Hákon Rafn Valdimarsson,Brentford,2,26,2526,3.9,0.0,0.0,0.18,High,0.0
Hákon Rafn Valdimarsson,Brentford,2,27,2526,3.9,0.0,0.0,0.19,High,1.0
Hákon Rafn Valdimarsson,Brentford,2,28,2526,3.9,1.1,0.45,1.76,Low,0.0
Ian Maatsen,Aston Villa,0,26,2526,4.2,1.93,0.78,3.07,Low,2.0
Ian Maatsen,Aston Villa,0,27,2526,4.2,1.41,0.63,2.2,Low,1.0
Ian Maatsen,Aston Villa,0,28,2526,4.2,0.99,0.04,1.94,Low,0.0
Ian Poveda-Ocampo,Sunderland,3,26,2526,4.8,0.0,0.0,0.22,Medium,0.0
Ian Poveda-Ocampo,Sunderland,3,27,2526,4.8,0.0,0.0,0.22,Medium,0.0
Ian Poveda-Ocampo,Sunderland,3,28,2526,4.8,0.0,0.0,0.22,Medium,0.0
Ibrahim Sangaré,Nott'm Forest,3,26,2526,4.9,1.42,0.5,2.34,Low,4.0
Ibrahim Sangaré,Nott'm Forest,3,27,2526,4.9,1.81,0.88,2.75,Low,2.0
Ibrahim Sangaré,Nott'm Forest,3,28,2526,4.9,1.61,0.76,2.46,Low,1.0
Ibrahima Konaté,Liverpool,0,26,2526,5.4,1.74,0.7,2.78,Low,9.0
Ibrahima Konaté,Liverpool,0,27,2526,5.4,1.8,0.83,2.77,Low,1.0
Ibrahima Konaté,Liverpool,0,28,2526,5.4,2.06,0.89,3.23,Low,2.0
Idrissa Gana Gueye,Everton,3,26,2526,5.4,1.78,0.95,2.62,Low,2.0
Idrissa Gana Gueye,Everton,3,27,2526,5.4,1.57,0.7,2.44,Low,2.0
Idrissa Gana Gueye,Everton,3,28,2526,5.4,1.73,0.79,2.67,Low,3.0
Igor Jesus Maciel da Cruz,Nott'm Forest,1,26,2526,5.8,1.03,0.04,2.02,Low,2.0
Igor Jesus Maciel da Cruz,Nott'm Forest,1,27,2526,5.8,1.38,0.14,2.61,Low,5.0
Igor Jesus Maciel da Cruz,Nott'm Forest,1,28,2526,5.8,1.53,0.42,2.65,Low,5.0
Igor Julio dos Santos de Paulo,Brighton,0,26,2526,4.5,0.0,0.0,0.22,Medium,0.0
Igor Julio dos Santos de Paulo,Brighton,0,27,2526,4.5,0.0,0.0,0.21,Medium,0.0
Igor Julio dos Santos de Paulo,Brighton,0,28,2526,4.5,0.0,0.0,0.22,Medium,0.0
Igor Thiago Nascimento Rodrigues,Brentford,1,26,2526,7.0,2.9,1.88,3.92,Low,2.0
Igor Thiago Nascimento Rodrigues,Brentford,1,27,2526,7.0,3.02,2.1,3.95,Low,6.0
Igor Thiago Nascimento Rodrigues,Brentford,1,28,2526,7.1,3.61,2.26,4.96,Low,2.0
Ilia Gruev,Leeds,3,26,2526,4.7,1.59,0.8,2.39,Low,1.0
Ilia Gruev,Leeds,3,27,2526,4.7,1.81,1.11,2.52,Low,2.0
Ilia Gruev,Leeds,3,28,2526,4.7,1.48,0.22,2.74,Low,3.0
Iliman Ndiaye,Everton,3,26,2526,6.2,2.04,0.88,3.2,Low,2.0
Iliman Ndiaye,Everton,3,27,2526,6.2,1.97,0.84,3.11,Low,4.0
Iliman Ndiaye,Everton,3,28,2526,6.2,2.17,0.91,3.43,Low,6.0
Illan Meslier,Leeds,2,26,2526,4.2,0.0,0.0,0.22,Medium,0.0
Illan Meslier,Leeds,2,27,2526,4.1,0.0,0.0,0.22,Medium,0.0
Illan Meslier,Leeds,2,28,2526,4.1,0.0,0.0,0.21,High,0.0
Illia Zabarnyi,Bournemouth,0,26,2526,5.0,0.0,0.0,0.19,High,0.0
Illia Zabarnyi,Bournemouth,0,27,2526,5.0,0.0,0.0,0.2,High,0.0
Illia Zabarnyi,Bournemouth,0,28,2526,5.0,0.0,0.0,0.2,High,0.0
Isaac Hayden,Newcastle,3,26,2526,4.5,0.0,0.0,0.21,High,0.0
Isaac Hayden,Newcastle,3,27,2526,4.5,0.0,0.0,0.2,High,0.0
Isaac Hayden,Newcastle,3,28,2526,4.5,0.0,0.0,0.19,High,0.0
Isaac Heath,Everton,3,26,2526,4.5,0.0,0.0,0.18,High,0.0
Isaac Heath,Everton,3,27,2526,4.5,0.0,0.0,0.2,High,0.0
Isaac Heath,Everton,3,28,2526,4.5,0.0,0.0,0.21,High,0.0
Isaac Schmidt,Leeds,0,26,2526,4.0,0.0,0.0,0.18,High,0.0
Isaac Schmidt,Leeds,0,27,2526,4.0,0.0,0.0,0.18,High,0.0
Isaac Schmidt,Leeds,0,28,2526,4.0,0.0,0.0,0.19,High,0.0
Ismaïla Sarr,Crystal Palace,3,26,2526,6.3,2.34,1.03,3.66,Low,2.0
Ismaïla Sarr,Crystal Palace,3,27,2526,6.4,2.32,1.1,3.54,Low,2.0
Ismaïla Sarr,Crystal Palace,3,28,2526,6.4,2.0,0.91,3.1,Low,15.0
Ismeal Kabia,Arsenal,3,26,2526,4.5,0.0,0.0,0.19,High,0.0
Ismeal Kabia,Arsenal,3,26,2526,4.5,0.0,0.0,0.2,High,0.0
Ismeal Kabia,Arsenal,3,27,2526,4.5,0.0,0.0,0.22,Medium,0.0
Ismeal Kabia,Arsenal,3,28,2526,4.5,0.0,0.0,0.2,High,0.0
Issa Diop,Fulham,0,26,2526,4.3,0.0,0.0,0.27,Medium,0.0
Issa Diop,Fulham,0,27,2526,4.3,0.0,0.0,0.25,Medium,1.0
Issa Diop,Fulham,0,28,2526,4.3,1.49,0.89,2.1,Low,2.0
Iwan Morgan,Brentford,1,26,2526,4.4,0.0,0.0,0.18,High,0.0
Iwan Morgan,Brentford,1,27,2526,4.4,0.0,0.0,0.18,High,0.0
Iwan Morgan,Brentford,1,28,2526,4.4,0.0,0.0,0.2,High,0.0
Jack Fletcher,Man Utd,3,26,2526,4.3,0.0,0.0,0.24,Medium,0.0
Jack Fletcher,Man Utd,3,27,2526,4.3,0.0,0.0,0.23,Medium,0.0
Jack Fletcher,Man Utd,3,28,2526,4.3,0.0,0.0,0.23,Medium,0.0
Jack Grealish,Everton,3,26,2526,6.3,0.02,0.0,0.24,Medium,0.0
Jack Grealish,Everton,3,27,2526,6.3,0.01,0.0,0.26,Medium,0.0
Jack Grealish,Everton,3,28,2526,6.3,0.0,0.0,0.26,Medium,0.0
Jack Harrison,Leeds,3,26,2526,5.1,0.0,0.0,0.19,High,0.0
Jack Harrison,Leeds,3,27,2526,5.1,0.0,0.0,0.19,High,0.0
Jack Harrison,Leeds,3,28,2526,5.1,0.0,0.0,0.2,High,0.0
Jack Hinshelwood,Brighton,3,26,2526,5.1,1.34,0.66,2.02,Low,6.0
Jack Hinshelwood,Brighton,3,27,2526,5.1,1.25,0.4,2.1,Low,5.0
Jack Hinshelwood,Brighton,3,28,2526,5.1,1.29,0.42,2.16,Low,2.0
Jack Moorhouse,Man Utd,3,26,2526,4.5,0.0,0.0,0.21,High,0.0
Jack Moorhouse,Man Utd,3,27,2526,4.5,0.0,0.0,0.2,High,0.0
Jack Moorhouse,Man Utd,3,28,2526,4.5,0.0,0.0,0.2,High,0.0
Jackson Tchatchoua,Wolves,0,26,2526,4.4,0.81,0.33,1.28,Low,1.0
Jackson Tchatchoua,Wolves,0,26,2526,4.4,0.74,0.23,1.25,Low,2.0
Jackson Tchatchoua,Wolves,0,27,2526,4.4,1.37,0.59,2.16,Low,6.0
Jackson Tchatchoua,Wolves,0,28,2526,4.4,1.25,0.55,1.96,Low,5.0
Jacob Bruun Larsen,Burnley,3,26,2526,5.3,0.52,0.0,1.23,Low,1.0
Jacob Bruun Larsen,Burnley,3,27,2526,5.3,0.38,0.0,0.98,Low,1.0
Jacob Bruun Larsen,Burnley,3,28,2526,5.3,0.63,0.0,1.36,Low,0.0
Jacob Murphy,Newcastle,3,26,2526,5.9,0.49,0.0,1.19,Low,1.0
Jacob Murphy,Newcastle,3,27,2526,5.9,0.53,0.0,1.28,Low,6.0
Jacob Murphy,Newcastle,3,28,2526,5.9,1.37,0.02,2.72,Low,1.0
Jacob Ramsey,Newcastle,3,26,2526,5.3,1.61,0.16,3.06,Low,6.0
Jacob Ramsey,Newcastle,3,27,2526,5.3,1.7,0.34,3.05,Low,6.0
Jacob Ramsey,Newcastle,3,28,2526,5.3,0.76,0.0,1.64,Low,-2.0
Jacob Slater,Brighton,0,26,2526,4.0,0.0,0.0,0.19,High,0.0
Jacob Slater,Brighton,0,27,2526,4.0,0.0,0.0,0.18,High,0.0
Jacob Slater,Brighton,0,28,2526,4.0,0.0,0.0,0.19,High,0.0
Jadon Sancho,Aston Villa,3,26,2526,5.8,1.11,0.06,2.17,Low,1.0
Jadon Sancho,Aston Villa,3,27,2526,5.8,0.96,0.14,1.78,Low,1.0
Jadon Sancho,Aston Villa,3,28,2526,5.8,0.87,0.11,1.62,Low,1.0
Jaidon Anthony,Burnley,3,26,2526,5.0,1.63,0.7,2.55,Low,2.0
Jaidon Anthony,Burnley,3,27,2526,5.0,1.53,0.62,2.45,Low,10.0
Jaidon Anthony,Burnley,3,28,2526,5.0,2.12,0.75,3.5,Low,4.0
Jair Paula da Cunha Filho,Nott'm Forest,0,26,2526,4.2,0.0,0.0,0.23,Medium,0.0
Jair Paula da Cunha Filho,Nott'm Forest,0,27,2526,4.2,0.0,0.0,0.21,High,1.0
Jair Paula da Cunha Filho,Nott'm Forest,0,28,2526,4.2,0.72,0.09,1.35,Low,1.0
Jaka Bijol,Leeds,0,26,2526,3.9,1.41,0.81,2.01,Low,0.0
Jaka Bijol,Leeds,0,27,2526,3.9,1.03,0.51,1.55,Low,1.0
Jaka Bijol,Leeds,0,28,2526,3.9,0.23,0.0,0.77,Medium,1.0
Jake O'Brien,Everton,0,26,2526,4.9,0.38,0.0,0.82,Medium,0.0
Jake O'Brien,Everton,0,27,2526,4.9,0.25,0.0,0.8,Medium,1.0
Jake O'Brien,Everton,0,28,2526,4.9,1.58,0.51,2.65,Low,6.0
Jakub Kiwior,Arsenal,0,26,2526,5.4,0.0,0.0,0.18,High,0.0
Jakub Kiwior,Arsenal,0,26,2526,5.4,0.0,0.0,0.2,High,0.0
Jakub Kiwior,Arsenal,0,27,2526,5.4,0.0,0.0,0.22,Medium,0.0
Jakub Kiwior,Arsenal,0,28,2526,5.4,0.0,0.0,0.19,High,0.0
Jamaal Lascelles,Newcastle,0,26,2526,4.3,0.0,0.0,0.2,High,0.0
Jamaal Lascelles,Newcastle,0,27,2526,4.3,0.0,0.0,0.19,High,0.0
Jamaal Lascelles,Newcastle,0,28,2526,4.3,0.0,0.0,0.18,High,0.0
Jamaldeen Jimoh-Aloba,Aston Villa,3,26,2526,4.5,0.0,0.0,0.19,High,0.0
Jamaldeen Jimoh-Aloba,Aston Villa,3,27,2526,4.5,0.0,0.0,0.19,High,0.0
Jamaldeen Jimoh-Aloba,Aston Villa,3,28,2526,4.5,0.0,0.0,0.21,Medium,0.0
James Garner,Everton,3,26,2526,5.2,1.94,1.34,2.55,Low,2.0
James Garner,Everton,3,27,2526,5.2,1.88,1.0,2.76,Low,6.0
James Garner,Everton,3,28,2526,5.2,2.39,1.28,3.5,Low,10.0
James Hill,Bournemouth,0,26,2526,3.9,2.38,1.24,3.52,Low,6.0
James Hill,Bournemouth,0,27,2526,4.0,2.03,1.47,2.6,Low,2.0
James Hill,Bournemouth,0,28,2526,4.1,2.27,1.39,3.15,Low,8.0
James Justin,Leeds,0,26,2526,3.9,1.87,1.42,2.32,Low,2.0
James Justin,Leeds,0,27,2526,3.9,1.69,0.93,2.46,Low,2.0
James Justin,Leeds,0,28,2526,3.9,1.81,0.7,2.91,Low,2.0
James Maddison,Spurs,3,26,2526,6.8,0.0,0.0,0.22,Medium,0.0
James Maddison,Spurs,3,27,2526,6.8,0.0,0.0,0.2,High,0.0
James Maddison,Spurs,3,28,2526,6.8,0.0,0.0,0.22,Medium,0.0
James McAtee,Nott'm Forest,3,26,2526,5.0,0.0,0.0,0.28,Medium,1.0
James McAtee,Nott'm Forest,3,27,2526,5.0,0.08,0.0,0.51,Medium,0.0
James McAtee,Nott'm Forest,3,28,2526,5.0,0.0,0.0,0.27,Medium,0.0
James McConnell,Liverpool,3,26,2526,4.4,0.0,0.0,0.2,High,0.0
James McConnell,Liverpool,3,27,2526,4.4,0.0,0.0,0.2,High,0.0
James McConnell,Liverpool,3,28,2526,4.4,0.0,0.0,0.23,Medium,0.0
James Milner,Brighton,3,26,2526,4.9,1.44,0.77,2.1,Low,3.0
James Milner,Brighton,3,27,2526,4.9,1.44,0.63,2.25,Low,2.0
James Milner,Brighton,3,28,2526,4.9,1.22,0.37,2.08,Low,0.0
James Rowswell,Spurs,0,26,2526,4.0,0.0,0.0,0.21,High,0.0
James Rowswell,Spurs,0,27,2526,4.0,0.0,0.0,0.19,High,0.0
James Rowswell,Spurs,0,28,2526,4.0,0.0,0.0,0.21,High,0.0
James Tarkowski,Everton,0,26,2526,5.8,2.03,1.76,2.3,Medium,1.0
James Tarkowski,Everton,0,27,2526,5.7,2.52,1.5,3.54,Low,3.0
James Tarkowski,Everton,0,28,2526,5.7,2.34,1.38,3.3,Low,15.0
James Trafford,Man City,2,26,2526,4.5,0.0,0.0,0.22,Medium,0.0
James Trafford,Man City,2,27,2526,4.5,0.0,0.0,0.22,Medium,0.0
James Trafford,Man City,2,28,2526,4.5,0.0,0.0,0.23,Medium,0.0
James Ward-Prowse,Burnley,3,26,2526,5.6,0.16,0.0,0.64,Medium,4.0
James Ward-Prowse,Burnley,3,27,2526,5.6,0.82,0.0,1.77,Low,2.0
James Ward-Prowse,Burnley,3,28,2526,5.6,1.24,0.42,2.06,Low,1.0
James Wilson,Spurs,1,27,2526,4.5,0.0,0.0,0.25,Medium,0.0
James Wilson,Spurs,1,28,2526,4.5,0.0,0.0,0.24,Medium,0.0
James Wright,Aston Villa,2,26,2526,3.9,0.0,0.0,0.19,High,0.0
James Wright,Aston Villa,2,27,2526,3.9,0.0,0.0,0.2,High,0.0
James Wright,Aston Villa,2,28,2526,3.9,0.0,0.0,0.23,Medium,0.0
Jamie Bynoe-Gittens,Chelsea,3,26,2526,6.0,0.0,0.0,0.29,Medium,0.0
Jamie Bynoe-Gittens,Chelsea,3,27,2526,6.0,0.0,0.0,0.27,Medium,0.0
Jamie Bynoe-Gittens,Chelsea,3,28,2526,6.0,0.0,0.0,0.22,Medium,0.0
Jan Paul van Hecke,Brighton,0,26,2526,4.5,1.13,0.69,1.58,Low,9.0
Jan Paul van Hecke,Brighton,0,27,2526,4.4,1.61,0.73,2.49,Low,4.0
Jan Paul van Hecke,Brighton,0,28,2526,4.4,1.95,0.96,2.94,Low,2.0
Jarrad Branthwaite,Everton,0,26,2526,5.3,1.69,0.74,2.64,Low,2.0
Jarrad Branthwaite,Everton,0,27,2526,5.3,1.72,0.62,2.81,Low,9.0
Jarrad Branthwaite,Everton,0,28,2526,5.3,1.95,0.84,3.05,Low,6.0
Jarrod Bowen,West Ham,1,26,2526,7.7,2.32,0.92,3.73,Low,4.0
Jarrod Bowen,West Ham,1,27,2526,7.6,2.63,1.39,3.88,Low,7.0
Jarrod Bowen,West Ham,1,28,2526,7.6,2.67,1.28,4.06,Low,4.0
Jason Steele,Brighton,2,26,2526,4.2,0.0,0.0,0.23,Medium,0.0
Jason Steele,Brighton,2,27,2526,4.2,0.0,0.0,0.22,Medium,0.0
Jason Steele,Brighton,2,28,2526,4.2,0.0,0.0,0.22,Medium,0.0
Jay Matete,Sunderland,3,26,2526,4.3,0.0,0.0,0.19,High,0.0
Jay Matete,Sunderland,3,27,2526,4.3,0.0,0.0,0.19,High,0.0
Jay Matete,Sunderland,3,28,2526,4.3,0.0,0.0,0.19,High,0.0
Jayce Fitzgerald,Man Utd,3,26,2526,4.3,0.0,0.0,0.24,Medium,0.0
Jayce Fitzgerald,Man Utd,3,27,2526,4.3,0.0,0.0,0.23,Medium,0.0
Jayce Fitzgerald,Man Utd,3,28,2526,4.3,0.0,0.0,0.23,Medium,0.0
Jaydee Canvot,Crystal Palace,0,26,2526,4.5,0.01,0.0,0.33,Medium,5.0
Jaydee Canvot,Crystal Palace,0,27,2526,4.5,1.48,0.83,2.13,Low,3.0
Jaydee Canvot,Crystal Palace,0,28,2526,4.5,1.71,0.98,2.43,Low,2.0
Jayden Bogle,Leeds,0,26,2526,4.4,1.37,0.57,2.18,Low,1.0
Jayden Bogle,Leeds,0,27,2526,4.4,1.87,1.35,2.39,Low,2.0
Jayden Bogle,Leeds,0,28,2526,4.4,1.43,0.37,2.5,Low,2.0
Jayden Danns,Liverpool,1,26,2526,4.3,0.0,0.0,0.23,Medium,0.0
Jayden Danns,Liverpool,1,27,2526,4.3,0.0,0.0,0.23,Medium,0.0
Jayden Danns,Liverpool,1,28,2526,4.3,0.0,0.0,0.24,Medium,0.0
Jayden Meghoma,Brentford,0,26,2526,4.0,0.0,0.0,0.17,High,0.0
Jayden Meghoma,Brentford,0,27,2526,4.0,0.0,0.0,0.18,High,0.0
Jayden Meghoma,Brentford,0,28,2526,4.0,0.0,0.0,0.19,High,0.0
Jaydon Banel,Burnley,3,26,2526,4.5,0.0,0.0,0.2,High,0.0
Jaydon Banel,Burnley,3,27,2526,4.5,0.0,0.0,0.19,High,0.0
Jaydon Banel,Burnley,3,28,2526,4.5,0.0,0.0,0.19,High,0.0
Jean-Clair Todibo,West Ham,0,26,2526,4.3,0.0,0.0,0.32,Medium,0.0
Jean-Clair Todibo,West Ham,0,27,2526,4.3,0.0,0.0,0.32,Medium,0.0
Jean-Clair Todibo,West Ham,0,28,2526,4.3,0.0,0.0,0.26,Medium,9.0
Jean-Philippe Mateta,Crystal Palace,1,26,2526,7.5,0.19,0.0,0.49,Medium,0.0
Jean-Philippe Mateta,Crystal Palace,1,27,2526,7.5,0.04,0.0,0.3,Medium,0.0
Jean-Philippe Mateta,Crystal Palace,1,28,2526,7.5,0.04,0.0,0.31,Medium,0.0
Jean-Ricner Bellegarde,Wolves,3,26,2526,5.1,0.56,0.05,1.07,Low,1.0
Jean-Ricner Bellegarde,Wolves,3,26,2526,5.1,1.3,0.8,1.8,Low,3.0
Jean-Ricner Bellegarde,Wolves,3,27,2526,5.1,1.49,0.79,2.2,Low,2.0
Jean-Ricner Bellegarde,Wolves,3,28,2526,5.1,1.37,0.63,2.1,Low,1.0
Jefferson Lerma Solís,Crystal Palace,3,26,2526,4.9,1.03,0.3,1.76,Low,0.0
Jefferson Lerma Solís,Crystal Palace,3,27,2526,4.9,0.14,0.0,0.55,Medium,0.0
Jefferson Lerma Solís,Crystal Palace,3,28,2526,4.9,0.07,0.0,0.44,Medium,0.0
Jenson Jones,Sunderland,0,26,2526,4.0,0.0,0.0,0.22,Medium,0.0
Jenson Jones,Sunderland,0,27,2526,4.0,0.0,0.0,0.21,Medium,0.0
Jenson Jones,Sunderland,0,28,2526,4.0,0.0,0.0,0.22,Medium,0.0
Jenson Metcalfe,Everton,3,26,2526,4.5,0.0,0.0,0.18,High,0.0
Jenson Metcalfe,Everton,3,27,2526,4.5,0.0,0.0,0.2,High,0.0
Jenson Metcalfe,Everton,3,28,2526,4.5,0.0,0.0,0.21,High,0.0
Jenson Seelt,Sunderland,0,26,2526,4.0,0.0,0.0,0.18,High,0.0
Jenson Seelt,Sunderland,0,27,2526,4.0,0.0,0.0,0.18,High,0.0
Jenson Seelt,Sunderland,0,28,2526,4.0,0.0,0.0,0.18,High,0.0
Jeremie Frimpong,Liverpool,0,26,2526,5.7,0.02,0.0,0.3,Medium,0.0
Jeremie Frimpong,Liverpool,0,27,2526,5.7,0.0,0.0,0.3,Medium,4.0
Jeremie Frimpong,Liverpool,0,28,2526,5.7,0.38,0.0,1.15,Low,7.0
Jeremy Sarmiento Morante,Brighton,3,26,2526,4.9,0.0,0.0,0.2,High,0.0
Jeremy Sarmiento Morante,Brighton,3,27,2526,4.9,0.0,0.0,0.19,High,0.0
Jeremy Sarmiento Morante,Brighton,3,28,2526,4.9,0.0,0.0,0.2,High,0.0
Jerome Abbey,Wolves,3,26,2526,4.5,0.0,0.0,0.24,Medium,0.0
Jerome Abbey,Wolves,3,26,2526,4.5,0.0,0.0,0.22,Medium,0.0
Jerome Abbey,Wolves,3,27,2526,4.5,0.0,0.0,0.24,Medium,0.0
Jerome Abbey,Wolves,3,28,2526,4.5,0.0,0.0,0.24,Medium,0.0
Jesurun Rak-Sakyi,Crystal Palace,3,26,2526,4.4,0.0,0.0,0.18,High,0.0
Jesurun Rak-Sakyi,Crystal Palace,3,27,2526,4.4,0.0,0.0,0.2,High,0.0
Jesurun Rak-Sakyi,Crystal Palace,3,28,2526,4.4,0.0,0.0,0.2,High,0.0
Jhon Arias,Wolves,3,26,2526,4.9,0.02,0.0,0.46,Medium,0.0
Jhon Arias,Wolves,3,26,2526,4.9,0.0,0.0,0.39,Medium,0.0
Jhon Arias,Wolves,3,27,2526,4.9,0.0,0.0,0.22,Medium,0.0
Jhon Arias,Wolves,3,28,2526,4.9,0.0,0.0,0.21,High,0.0
Joachim Andersen,Fulham,0,26,2526,4.6,2.12,1.48,2.77,Low,4.0
Joachim Andersen,Fulham,0,27,2526,4.5,1.81,0.98,2.65,Low,0.0
Joachim Andersen,Fulham,0,28,2526,4.5,0.31,0.0,0.88,Low,0.0
Joe Anderson,Sunderland,0,26,2526,3.8,0.0,0.0,0.18,High,0.0
Joe Anderson,Sunderland,0,27,2526,3.8,0.0,0.0,0.18,High,0.0
Joe Anderson,Sunderland,0,28,2526,3.8,0.0,0.0,0.18,High,0.0
Joe Gauci,Aston Villa,2,26,2526,4.0,0.0,0.0,0.18,High,0.0
Joe Gauci,Aston Villa,2,27,2526,4.0,0.0,0.0,0.19,High,0.0
Joe Gauci,Aston Villa,2,28,2526,4.0,0.0,0.0,0.21,High,0.0
Joe Gelhardt,Leeds,3,26,2526,4.5,0.0,0.0,0.19,High,0.0
Joe Gelhardt,Leeds,3,27,2526,4.5,0.0,0.0,0.19,High,0.0
Joe Gelhardt,Leeds,3,28,2526,4.5,0.0,0.0,0.2,High,0.0
Joe Gomez,Liverpool,0,26,2526,4.9,0.47,0.0,1.12,Low,1.0
Joe Gomez,Liverpool,0,27,2526,4.9,0.22,0.0,0.79,Medium,1.0
Joe Gomez,Liverpool,0,28,2526,4.9,0.96,0.08,1.83,Low,0.0
Joe Hodge,Wolves,3,26,2526,4.5,0.0,0.0,0.2,High,0.0
Joe Hodge,Wolves,3,26,2526,4.5,0.0,0.0,0.18,High,0.0
Joe Hodge,Wolves,3,27,2526,4.5,0.0,0.0,0.2,High,0.0
Joe Hodge,Wolves,3,28,2526,4.5,0.0,0.0,0.19,High,0.0
Joe Knight,Brighton,3,26,2526,4.4,0.0,0.0,0.2,High,0.0
Joe Knight,Brighton,3,27,2526,4.4,0.0,0.0,0.19,High,0.0
Joe Knight,Brighton,3,28,2526,4.4,0.0,0.0,0.2,High,0.0
Joe Rodon,Leeds,0,26,2526,3.9,2.11,1.12,3.1,Low,4.0
Joe Rodon,Leeds,0,27,2526,3.9,2.55,1.14,3.97,Low,2.0
Joe Rodon,Leeds,0,28,2526,3.9,1.51,0.63,2.39,Low,2.0
Joe White,Newcastle,3,26,2526,4.5,0.0,0.0,0.21,High,0.0
Joe White,Newcastle,3,27,2526,4.5,0.0,0.0,0.2,High,0.0
Joe White,Newcastle,3,28,2526,4.5,0.0,0.0,0.19,High,0.0
Joe Willock,Newcastle,3,26,2526,5.0,1.42,0.62,2.21,Low,0.0
Joe Willock,Newcastle,3,27,2526,5.0,1.25,0.67,1.84,Low,0.0
Joe Willock,Newcastle,3,28,2526,5.0,1.17,0.59,1.76,Low,1.0
Joe Worrall,Burnley,0,26,2526,3.8,1.59,0.84,2.34,Low,4.0
Joe Worrall,Burnley,0,27,2526,3.8,1.49,0.81,2.17,Low,2.0
Joe Worrall,Burnley,0,28,2526,3.8,1.85,1.01,2.7,Low,3.0
Joelinton Cássio Apolinário de Lira,Newcastle,3,26,2526,5.9,0.0,0.0,0.3,Medium,0.0
Joelinton Cássio Apolinário de Lira,Newcastle,3,27,2526,5.9,0.92,0.36,1.47,Low,5.0
Joelinton Cássio Apolinário de Lira,Newcastle,3,28,2526,5.9,1.58,0.6,2.56,Low,1.0
John McGinn,Aston Villa,3,26,2526,5.4,0.0,0.0,0.25,Medium,0.0
John McGinn,Aston Villa,3,27,2526,5.4,0.0,0.0,0.29,Medium,0.0
John McGinn,Aston Villa,3,28,2526,5.4,0.0,0.0,0.26,Medium,0.0
John Ruddy,Newcastle,2,26,2526,4.0,0.0,0.0,0.23,Medium,0.0
John Ruddy,Newcastle,2,27,2526,4.0,0.0,0.0,0.21,Medium,0.0
John Ruddy,Newcastle,2,28,2526,4.0,0.0,0.0,0.2,High,0.0
John Stones,Man City,0,26,2526,5.4,0.0,0.0,0.22,Medium,0.0
John Stones,Man City,0,27,2526,5.4,0.0,0.0,0.28,Medium,0.0
John Stones,Man City,0,28,2526,5.4,0.0,0.0,0.28,Medium,0.0
John Victor Maciel Furtado,Nott'm Forest,2,26,2526,4.0,0.0,0.0,0.21,Medium,0.0
John Victor Maciel Furtado,Nott'm Forest,2,27,2526,4.0,0.0,0.0,0.2,High,0.0
John Victor Maciel Furtado,Nott'm Forest,2,28,2526,4.0,0.0,0.0,0.2,High,0.0
Jonah Kusi-Asare,Fulham,1,26,2526,4.5,0.0,0.0,0.24,Medium,0.0
Jonah Kusi-Asare,Fulham,1,27,2526,4.5,0.0,0.0,0.24,Medium,0.0
Jonah Kusi-Asare,Fulham,1,28,2526,4.5,0.0,0.0,0.23,Medium,0.0
Jordan Beyer,Burnley,0,26,2526,3.9,0.0,0.0,0.2,High,0.0
Jordan Beyer,Burnley,0,27,2526,3.9,0.0,0.0,0.19,High,0.0
Jordan Beyer,Burnley,0,28,2526,3.9,0.0,0.0,0.18,High,0.0
Jordan Henderson,Brentford,3,26,2526,5.0,0.65,0.0,1.4,Low,2.0
Jordan Henderson,Brentford,3,27,2526,5.0,1.05,0.25,1.84,Low,1.0
Jordan Henderson,Brentford,3,28,2526,5.0,0.62,0.0,1.4,Low,3.0
Jordan Pickford,Everton,2,26,2526,5.6,2.15,1.16,3.14,Low,1.0
Jordan Pickford,Everton,2,27,2526,5.6,2.53,1.12,3.94,Low,2.0
Jordan Pickford,Everton,2,28,2526,5.6,2.28,0.87,3.7,Low,6.0
Jorge Cuenca Barreno,Fulham,0,26,2526,4.3,0.15,0.0,0.62,Medium,1.0
Jorge Cuenca Barreno,Fulham,0,27,2526,4.3,0.21,0.0,0.76,Medium,1.0
Jorge Cuenca Barreno,Fulham,0,28,2526,4.3,0.17,0.0,0.73,Medium,0.0
Jorrel Hato,Chelsea,0,26,2526,4.6,0.93,0.17,1.68,Low,0.0
Jorrel Hato,Chelsea,0,27,2526,4.6,0.52,0.19,0.84,Medium,0.0
Jorrel Hato,Chelsea,0,28,2526,4.6,1.25,0.87,1.64,Medium,2.0
Josh Acheampong,Chelsea,0,26,2526,3.7,1.45,0.65,2.24,Low,1.0
Josh Acheampong,Chelsea,0,27,2526,3.7,0.1,0.0,0.43,Medium,0.0
Josh Acheampong,Chelsea,0,28,2526,3.7,0.09,0.0,0.5,Medium,0.0
Josh Cullen,Burnley,3,26,2526,4.9,0.0,0.0,0.22,Medium,0.0
Josh Cullen,Burnley,3,27,2526,4.9,0.0,0.0,0.27,Medium,0.0
Josh Cullen,Burnley,3,28,2526,4.9,0.0,0.0,0.23,Medium,0.0
Josh Dasilva,Brentford,3,26,2526,4.9,0.0,0.0,0.19,High,0.0
Josh Dasilva,Brentford,3,27,2526,4.9,0.0,0.0,0.2,High,0.0
Josh Dasilva,Brentford,3,28,2526,4.9,0.0,0.0,0.21,Medium,0.0
Josh King,Fulham,3,26,2526,4.4,0.93,0.17,1.69,Low,0.0
Josh King,Fulham,3,27,2526,4.4,0.04,0.0,0.49,Medium,1.0
Josh King,Fulham,3,28,2526,4.4,0.48,0.0,1.15,Low,3.0
Josh Laurent,Burnley,3,26,2526,4.8,1.51,0.56,2.45,Low,1.0
Josh Laurent,Burnley,3,27,2526,4.8,1.31,0.74,1.88,Low,1.0
Josh Laurent,Burnley,3,28,2526,4.8,0.9,0.04,1.76,Low,1.0
Josh Nichols,Arsenal,0,26,2526,3.7,0.0,0.0,0.2,High,0.0
Josh Nichols,Arsenal,0,26,2526,3.7,0.0,0.0,0.22,Medium,0.0
Josh Nichols,Arsenal,0,27,2526,3.7,0.0,0.0,0.24,Medium,0.0
Josh Nichols,Arsenal,0,28,2526,3.7,0.0,0.0,0.19,High,0.0
Joshua Zirkzee,Man Utd,1,26,2526,5.8,0.25,0.0,0.8,Medium,0.0
Joshua Zirkzee,Man Utd,1,27,2526,5.8,0.0,0.0,0.41,Medium,1.0
Joshua Zirkzee,Man Utd,1,28,2526,5.8,0.15,0.0,0.58,Medium,1.0
José Malheiro de Sá,Wolves,2,26,2526,4.2,1.08,0.08,2.08,Low,1.0
José Malheiro de Sá,Wolves,2,26,2526,4.2,1.48,0.76,2.2,Low,2.0
José Malheiro de Sá,Wolves,2,27,2526,4.2,1.51,0.75,2.27,Low,8.0
José Malheiro de Sá,Wolves,2,28,2526,4.2,1.27,0.45,2.09,Low,3.0
João Maria Lobo Alves Palhares Costa Palhinha Gonçalves,Spurs,3,26,2526,5.5,1.39,0.34,2.45,Low,4.0
João Maria Lobo Alves Palhares Costa Palhinha Gonçalves,Spurs,3,27,2526,5.5,1.81,0.96,2.66,Low,2.0
João Maria Lobo Alves Palhares Costa Palhinha Gonçalves,Spurs,3,28,2526,5.5,1.82,0.79,2.85,Low,4.0
João Pedro Ferreira da Silva,Nott'm Forest,3,26,2526,5.4,0.0,0.0,0.2,High,0.0
João Pedro Ferreira da Silva,Nott'm Forest,3,27,2526,5.4,0.0,0.0,0.2,High,0.0
João Pedro Ferreira da Silva,Nott'm Forest,3,28,2526,5.4,0.0,0.0,0.2,High,0.0
João Pedro Junqueira de Jesus,Chelsea,1,26,2526,7.6,3.21,2.33,4.1,Low,7.0
João Pedro Junqueira de Jesus,Chelsea,1,27,2526,7.7,3.3,2.41,4.19,Low,2.0
João Pedro Junqueira de Jesus,Chelsea,1,28,2526,7.7,2.78,2.21,3.35,Low,19.0
João Victor Gomes da Silva,Wolves,3,26,2526,5.3,2.34,1.0,3.69,Low,0.0
João Victor Gomes da Silva,Wolves,3,26,2526,5.3,0.36,0.0,1.02,Low,1.0
João Victor Gomes da Silva,Wolves,3,27,2526,5.3,0.39,0.0,1.07,Low,14.0
João Victor Gomes da Silva,Wolves,3,28,2526,5.3,1.36,0.0,2.75,Low,3.0
João Victor de Souza Menezes,Spurs,0,26,2526,4.0,0.0,0.0,0.33,Medium,0.0
João Victor de Souza Menezes,Spurs,0,27,2526,4.0,0.0,0.0,0.26,Medium,1.0
João Victor de Souza Menezes,Spurs,0,28,2526,4.0,0.12,0.0,0.5,Medium,0.0
Joél Drakes-Thomas,Crystal Palace,3,26,2526,4.5,0.0,0.0,0.21,High,0.0
Joél Drakes-Thomas,Crystal Palace,3,27,2526,4.5,0.0,0.0,0.23,Medium,0.0
Joél Drakes-Thomas,Crystal Palace,3,28,2526,4.5,0.0,0.0,0.23,Medium,0.0
Joël Piroe,Leeds,1,26,2526,4.9,0.0,0.0,0.33,Medium,0.0
Joël Piroe,Leeds,1,27,2526,4.9,0.0,0.0,0.33,Medium,1.0
Joël Piroe,Leeds,1,28,2526,4.9,0.04,0.0,0.42,Medium,1.0
Joël Veltman,Brighton,0,26,2526,4.3,1.42,0.86,1.98,Low,1.0
Joël Veltman,Brighton,0,27,2526,4.3,0.56,0.0,1.16,Low,1.0
Joël Veltman,Brighton,0,28,2526,4.3,0.49,0.0,1.07,Low,1.0
Joško Gvardiol,Man City,0,26,2526,5.9,0.0,0.0,0.22,Medium,0.0
Joško Gvardiol,Man City,0,27,2526,5.9,0.0,0.0,0.26,Medium,0.0
Joško Gvardiol,Man City,0,28,2526,5.9,0.0,0.0,0.27,Medium,0.0
Julian Eyestone,Brentford,2,26,2526,3.9,0.0,0.0,0.19,High,0.0
Julian Eyestone,Brentford,2,27,2526,3.9,0.0,0.0,0.19,High,0.0
Julian Eyestone,Brentford,2,28,2526,3.9,0.0,0.0,0.2,High,0.0
Julio Enciso Espínola,Brighton,3,26,2526,5.4,0.0,0.0,0.2,High,0.0
Julio Enciso Espínola,Brighton,3,27,2526,5.4,0.0,0.0,0.19,High,0.0
Julio Enciso Espínola,Brighton,3,28,2526,5.4,0.0,0.0,0.2,High,0.0
Julio Soler Barreto,Bournemouth,0,26,2526,4.0,0.0,0.0,0.2,High,0.0
Julio Soler Barreto,Bournemouth,0,27,2526,4.0,0.0,0.0,0.21,High,0.0
Julio Soler Barreto,Bournemouth,0,28,2526,4.0,0.0,0.0,0.2,High,0.0
Julián Araujo Zúñiga,Bournemouth,0,26,2526,3.8,0.0,0.0,0.19,High,0.0
Julián Araujo Zúñiga,Bournemouth,0,27,2526,3.8,0.0,0.0,0.2,High,0.0
Julián Araujo Zúñiga,Bournemouth,0,28,2526,3.8,0.0,0.0,0.19,High,0.0
Jun'ai Byfield,Spurs,0,26,2526,4.0,0.0,0.0,0.24,Medium,0.0
Jun'ai Byfield,Spurs,0,27,2526,4.0,0.0,0.0,0.22,Medium,0.0
Jun'ai Byfield,Spurs,0,28,2526,4.0,0.0,0.0,0.22,Medium,0.0
Junior Kroupi,Bournemouth,1,26,2526,4.7,1.23,0.44,2.02,Low,2.0
Junior Kroupi,Bournemouth,1,27,2526,4.7,1.65,0.8,2.51,Low,2.0
Junior Kroupi,Bournemouth,1,28,2526,4.7,1.27,0.66,1.88,Low,1.0
Jurriën Timber,Arsenal,0,26,2526,6.4,2.63,2.01,3.26,Low,1.0
Jurriën Timber,Arsenal,0,26,2526,6.4,2.96,1.59,4.34,Low,3.0
Jurriën Timber,Arsenal,0,27,2526,6.4,1.7,1.2,2.2,Low,8.0
Jurriën Timber,Arsenal,0,28,2526,6.4,2.19,1.51,2.88,Low,13.0
Justin Devenny,Crystal Palace,3,26,2526,4.3,0.0,0.0,0.27,Medium,0.0
Justin Devenny,Crystal Palace,3,27,2526,4.3,0.0,0.0,0.26,Medium,0.0
Justin Devenny,Crystal Palace,3,28,2526,4.3,0.0,0.0,0.23,Medium,0.0
Justin Kluivert,Bournemouth,3,26,2526,7.0,0.0,0.0,0.24,Medium,0.0
Justin Kluivert,Bournemouth,3,27,2526,7.0,0.0,0.0,0.29,Medium,0.0
Justin Kluivert,Bournemouth,3,28,2526,7.0,0.0,0.0,0.24,Medium,0.0
Jérémy Doku,Man City,3,26,2526,6.4,0.02,0.0,0.4,Medium,0.0
Jérémy Doku,Man City,3,27,2526,6.4,0.0,0.0,0.32,Medium,0.0
Jérémy Doku,Man City,3,28,2526,6.4,0.0,0.0,0.29,Medium,1.0
Jørgen Strand Larsen,Crystal Palace,1,26,2526,6.1,1.57,0.12,3.01,Low,2.0
Jørgen Strand Larsen,Crystal Palace,1,27,2526,6.2,1.97,0.71,3.23,Low,1.0
Jørgen Strand Larsen,Crystal Palace,1,28,2526,6.2,1.07,0.31,1.82,Low,5.0
Kadan Young,Aston Villa,3,26,2526,4.3,0.0,0.0,0.21,High,0.0
Kadan Young,Aston Villa,3,27,2526,4.3,0.0,0.0,0.19,High,0.0
Kadan Young,Aston Villa,3,28,2526,4.3,0.0,0.0,0.21,High,0.0
Kaden Rodney,Crystal Palace,3,26,2526,4.4,0.0,0.0,0.21,High,0.0
Kaden Rodney,Crystal Palace,3,27,2526,4.4,0.0,0.0,0.23,Medium,0.0
Kaden Rodney,Crystal Palace,3,28,2526,4.4,0.0,0.0,0.23,Medium,0.0
Kaelan Casey,West Ham,0,26,2526,4.0,0.0,0.0,0.19,High,0.0
Kaelan Casey,West Ham,0,27,2526,4.0,0.0,0.0,0.18,High,0.0
Kaelan Casey,West Ham,0,28,2526,4.0,0.0,0.0,0.19,High,0.0
Kai Havertz,Arsenal,1,26,2526,7.3,0.31,0.0,0.95,Low,0.0
Kai Havertz,Arsenal,1,26,2526,7.3,0.49,0.0,1.45,Low,0.0
Kai Havertz,Arsenal,1,27,2526,7.3,0.16,0.0,0.7,Medium,1.0
Kai Havertz,Arsenal,1,28,2526,7.3,0.3,0.0,0.78,Medium,1.0
Kalvin Phillips,Man City,3,26,2526,4.7,0.0,0.0,0.21,High,0.0
Kalvin Phillips,Man City,3,27,2526,4.7,0.0,0.0,0.21,High,0.0
Kalvin Phillips,Man City,3,28,2526,4.7,0.0,0.0,0.2,High,0.0
Karl Darlow,Leeds,2,26,2526,3.9,1.36,0.86,1.86,Low,2.0
Karl Darlow,Leeds,2,27,2526,3.9,1.83,1.28,2.38,Low,3.0
Karl Darlow,Leeds,2,28,2526,3.9,1.36,0.6,2.12,Low,2.0
Karl Hein,Arsenal,2,26,2526,4.0,0.0,0.0,0.18,High,0.0
Karl Hein,Arsenal,2,26,2526,4.0,0.0,0.0,0.2,High,0.0
Karl Hein,Arsenal,2,27,2526,4.0,0.0,0.0,0.21,Medium,0.0
Karl Hein,Arsenal,2,28,2526,4.0,0.0,0.0,0.19,High,0.0
Kaye Furo,Brentford,1,26,2526,4.5,0.0,0.0,0.22,Medium,0.0
Kaye Furo,Brentford,1,27,2526,4.5,0.0,0.0,0.23,Medium,0.0
Kaye Furo,Brentford,1,28,2526,4.5,0.0,0.0,0.24,Medium,0.0
Keane Lewis-Potter,Brentford,0,26,2526,4.9,1.32,0.37,2.27,Low,0.0
Keane Lewis-Potter,Brentford,0,27,2526,4.8,0.87,0.04,1.7,Low,1.0
Keane Lewis-Potter,Brentford,0,28,2526,4.8,0.88,0.0,1.88,Low,1.0
Keiber Lamadrid,West Ham,3,26,2526,5.0,0.0,0.0,0.23,Medium,0.0
Keiber Lamadrid,West Ham,3,27,2526,5.0,0.0,0.0,0.23,Medium,0.0
Keiber Lamadrid,West Ham,3,28,2526,5.0,0.0,0.0,0.24,Medium,0.0
Kendry Páez Andrade,Chelsea,3,26,2526,4.5,0.0,0.0,0.2,High,0.0
Kendry Páez Andrade,Chelsea,3,27,2526,4.5,0.0,0.0,0.18,High,0.0
Kendry Páez Andrade,Chelsea,3,28,2526,4.5,0.0,0.0,0.2,High,0.0
Kenny Tete,Fulham,0,26,2526,4.5,1.28,0.69,1.87,Low,4.0
Kenny Tete,Fulham,0,27,2526,4.5,1.49,0.75,2.22,Low,2.0
Kenny Tete,Fulham,0,28,2526,4.5,1.54,0.64,2.44,Low,2.0
Kepa Arrizabalaga Revuelta,Arsenal,2,26,2526,4.1,0.0,0.0,0.22,Medium,0.0
Kepa Arrizabalaga Revuelta,Arsenal,2,26,2526,4.1,0.0,0.0,0.23,Medium,0.0
Kepa Arrizabalaga Revuelta,Arsenal,2,27,2526,4.1,0.0,0.0,0.25,Medium,0.0
Kepa Arrizabalaga Revuelta,Arsenal,2,28,2526,4.1,0.0,0.0,0.22,Medium,0.0
Kevin Danso,Spurs,0,26,2526,4.2,0.0,0.0,0.26,Medium,0.0
Kevin Danso,Spurs,0,27,2526,4.2,0.0,0.0,0.19,High,1.0
Kevin Danso,Spurs,0,28,2526,4.2,0.02,0.0,0.39,Medium,3.0
Kevin Santos Lopes de Macedo,Fulham,3,26,2526,5.8,0.79,0.02,1.55,Low,1.0
Kevin Santos Lopes de Macedo,Fulham,3,27,2526,5.8,0.67,0.0,1.38,Low,0.0
Kevin Santos Lopes de Macedo,Fulham,3,28,2526,5.8,0.02,0.0,0.43,Medium,0.0
Kevin Schade,Brentford,3,26,2526,6.9,0.09,0.0,0.45,Medium,1.0
Kevin Schade,Brentford,3,27,2526,6.9,1.17,0.3,2.05,Low,7.0
Kevin Schade,Brentford,3,28,2526,6.9,2.01,0.17,3.85,Low,3.0
Ki-Jana Hoever,Wolves,0,26,2526,3.8,0.0,0.0,0.18,High,0.0
Ki-Jana Hoever,Wolves,0,26,2526,3.8,0.0,0.0,0.16,High,0.0
Ki-Jana Hoever,Wolves,0,27,2526,3.8,0.0,0.0,0.18,High,0.0
Ki-Jana Hoever,Wolves,0,28,2526,3.8,0.0,0.0,0.17,High,0.0
Kieran Morrison,Liverpool,3,26,2526,4.5,0.0,0.0,0.23,Medium,0.0
Kieran Morrison,Liverpool,3,27,2526,4.5,0.0,0.0,0.23,Medium,0.0
Kieran Morrison,Liverpool,3,28,2526,4.5,0.0,0.0,0.25,Medium,0.0
Kieran Trippier,Newcastle,0,26,2526,4.9,1.62,0.57,2.68,Low,0.0
Kieran Trippier,Newcastle,0,27,2526,4.9,1.84,0.77,2.92,Low,1.0
Kieran Trippier,Newcastle,0,28,2526,4.9,1.25,0.35,2.15,Low,6.0
Kiernan Dewsbury-Hall,Everton,3,26,2526,4.9,1.93,1.05,2.81,Low,4.0
Kiernan Dewsbury-Hall,Everton,3,27,2526,4.9,2.01,1.07,2.95,Low,6.0
Kiernan Dewsbury-Hall,Everton,3,28,2526,5.0,2.21,1.35,3.08,Low,9.0
Kim Ji-soo,Brentford,0,26,2526,3.9,0.0,0.0,0.17,High,0.0
Kim Ji-soo,Brentford,0,27,2526,3.9,0.0,0.0,0.18,High,0.0
Kim Ji-soo,Brentford,0,28,2526,3.9,0.0,0.0,0.19,High,0.0
Kjell Scherpen,Brighton,2,26,2526,4.0,0.0,0.0,0.19,High,0.0
Kjell Scherpen,Brighton,2,27,2526,4.0,0.0,0.0,0.19,High,0.0
Kjell Scherpen,Brighton,2,28,2526,4.0,0.0,0.0,0.19,High,0.0
Kobbie Mainoo,Man Utd,3,26,2526,4.6,1.65,0.88,2.42,Low,3.0
Kobbie Mainoo,Man Utd,3,27,2526,4.6,1.71,0.78,2.64,Low,2.0
Kobbie Mainoo,Man Utd,3,28,2526,4.6,1.5,0.71,2.29,Low,2.0
Konstantinos Mavropanos,West Ham,0,26,2526,4.4,1.43,0.57,2.29,Low,6.0
Konstantinos Mavropanos,West Ham,0,27,2526,4.4,1.5,0.79,2.21,Low,2.0
Konstantinos Mavropanos,West Ham,0,28,2526,4.4,1.74,1.1,2.38,Low,1.0
Konstantinos Tsimikas,Liverpool,0,26,2526,4.8,0.0,0.0,0.2,High,0.0
Konstantinos Tsimikas,Liverpool,0,27,2526,4.8,0.0,0.0,0.2,High,0.0
Konstantinos Tsimikas,Liverpool,0,28,2526,4.8,0.0,0.0,0.22,Medium,0.0
Kristoffer Ajer,Brentford,0,26,2526,4.4,1.7,1.05,2.36,Low,1.0
Kristoffer Ajer,Brentford,0,27,2526,4.4,1.21,0.53,1.89,Low,1.0
Kristoffer Ajer,Brentford,0,28,2526,4.4,1.48,0.73,2.23,Low,6.0
Krisztián Hegyi,West Ham,2,26,2526,3.9,0.0,0.0,0.19,High,0.0
Krisztián Hegyi,West Ham,2,27,2526,3.9,0.0,0.0,0.18,High,0.0
Krisztián Hegyi,West Ham,2,28,2526,3.9,0.0,0.0,0.19,High,0.0
Kyle Walker,Burnley,0,26,2526,4.4,1.41,0.65,2.17,Low,1.0
Kyle Walker,Burnley,0,27,2526,4.4,0.7,0.0,1.44,Low,0.0
Kyle Walker,Burnley,0,28,2526,4.4,0.18,0.0,0.72,Medium,3.0
Kyle Walker-Peters,West Ham,0,26,2526,4.2,0.0,0.0,0.33,Medium,0.0
Kyle Walker-Peters,West Ham,0,27,2526,4.2,0.0,0.0,0.28,Medium,0.0
Kyle Walker-Peters,West Ham,0,28,2526,4.2,0.0,0.0,0.28,Medium,0.0
Ladislav Krejcí,Wolves,0,26,2526,4.5,1.74,0.54,2.95,Low,1.0
Ladislav Krejcí,Wolves,0,26,2526,4.5,1.54,0.91,2.16,Low,-1.0
Ladislav Krejcí,Wolves,0,27,2526,4.5,0.25,0.0,0.78,Medium,0.0
Ladislav Krejcí,Wolves,0,28,2526,4.5,0.11,0.0,0.53,Medium,4.0
Lamare Bogarde,Aston Villa,0,26,2526,4.0,1.12,0.37,1.86,Low,1.0
Lamare Bogarde,Aston Villa,0,27,2526,4.0,0.21,0.0,0.7,Medium,0.0
Lamare Bogarde,Aston Villa,0,28,2526,4.0,0.0,0.0,0.28,Medium,0.0
Landon Emenalo,Chelsea,3,26,2526,4.5,0.0,0.0,0.22,Medium,0.0
Landon Emenalo,Chelsea,3,27,2526,4.5,0.0,0.0,0.21,High,0.0
Landon Emenalo,Chelsea,3,28,2526,4.5,0.0,0.0,0.22,Medium,0.0
Largie Ramazani,Leeds,3,26,2526,4.9,0.0,0.0,0.19,High,0.0
Largie Ramazani,Leeds,3,27,2526,4.9,0.0,0.0,0.19,High,0.0
Largie Ramazani,Leeds,3,28,2526,4.9,0.0,0.0,0.2,High,0.0
Leander Dendoncker,Aston Villa,3,26,2526,4.5,0.0,0.0,0.19,High,0.0
Leander Dendoncker,Aston Villa,3,27,2526,4.5,0.0,0.0,0.19,High,0.0
Leander Dendoncker,Aston Villa,3,28,2526,4.5,0.0,0.0,0.21,High,0.0
Leandro Trossard,Arsenal,3,26,2526,6.8,1.67,0.67,2.67,Low,1.0
Leandro Trossard,Arsenal,3,26,2526,6.8,0.84,0.03,1.64,Low,2.0
Leandro Trossard,Arsenal,3,27,2526,6.8,1.48,0.57,2.4,Low,1.0
Leandro Trossard,Arsenal,3,28,2526,6.7,0.95,0.13,1.77,Low,1.0
Leny Yoro,Man Utd,0,26,2526,4.1,0.6,0.0,1.34,Low,6.0
Leny Yoro,Man Utd,0,27,2526,4.1,1.42,0.67,2.17,Low,2.0
Leny Yoro,Man Utd,0,28,2526,4.1,1.39,0.56,2.21,Low,1.0
Leo Fuhr Hjelde,Sunderland,0,26,2526,4.0,0.0,0.0,0.18,High,0.0
Leo Fuhr Hjelde,Sunderland,0,27,2526,4.0,0.0,0.0,0.18,High,0.0
Leo Fuhr Hjelde,Sunderland,0,28,2526,4.0,0.0,0.0,0.18,High,0.0
Leo Shahar,Newcastle,0,26,2526,4.0,0.0,0.0,0.23,Medium,0.0
Leo Shahar,Newcastle,0,27,2526,4.0,0.0,0.0,0.28,Medium,0.0
Leo Shahar,Newcastle,0,28,2526,4.0,0.0,0.0,0.21,Medium,0.0
Leon Bailey,Aston Villa,3,26,2526,5.5,0.72,0.03,1.41,Low,2.0
Leon Bailey,Aston Villa,3,27,2526,5.5,0.99,0.11,1.87,Low,0.0
Leon Bailey,Aston Villa,3,28,2526,5.5,1.0,0.38,1.62,Low,5.0
Leon Chiwome,Wolves,1,26,2526,4.4,0.0,0.0,0.22,Medium,0.0
Leon Chiwome,Wolves,1,26,2526,4.4,0.0,0.0,0.19,High,0.0
Leon Chiwome,Wolves,1,27,2526,4.4,0.0,0.0,0.22,Medium,0.0
Leon Chiwome,Wolves,1,28,2526,4.4,0.0,0.0,0.21,Medium,0.0
Leon Routh,Aston Villa,0,26,2526,4.0,0.0,0.0,0.2,High,0.0
Leon Routh,Aston Villa,0,27,2526,4.0,0.0,0.0,0.21,High,0.0
Leon Routh,Aston Villa,0,28,2526,4.0,0.0,0.0,0.23,Medium,0.0
Lesley Ugochukwu,Burnley,3,26,2526,5.0,1.68,0.82,2.54,Low,1.0
Lesley Ugochukwu,Burnley,3,27,2526,5.0,0.92,0.22,1.61,Low,1.0
Lesley Ugochukwu,Burnley,3,28,2526,5.0,1.07,0.32,1.82,Low,2.0
Levi Samuels Colwill,Chelsea,0,26,2526,4.7,0.0,0.0,0.2,High,0.0
Levi Samuels Colwill,Chelsea,0,27,2526,4.7,0.0,0.0,0.2,High,0.0
Levi Samuels Colwill,Chelsea,0,28,2526,4.7,0.0,0.0,0.21,High,0.0
Lewis Cook,Bournemouth,3,26,2526,4.9,0.39,0.0,0.97,Low,0.0
Lewis Cook,Bournemouth,3,27,2526,4.9,0.11,0.0,0.58,Medium,0.0
Lewis Cook,Bournemouth,3,28,2526,4.9,0.0,0.0,0.38,Medium,0.0
Lewis Dobbin,Aston Villa,3,26,2526,5.0,0.0,0.0,0.19,High,0.0
Lewis Dobbin,Aston Villa,3,27,2526,5.0,0.0,0.0,0.19,High,0.0
Lewis Dobbin,Aston Villa,3,28,2526,5.0,0.0,0.0,0.21,Medium,0.0
Lewis Dunk,Brighton,0,26,2526,4.5,1.73,0.64,2.82,Low,6.0
Lewis Dunk,Brighton,0,27,2526,4.5,1.55,0.89,2.22,Low,1.0
Lewis Dunk,Brighton,0,28,2526,4.5,1.84,1.01,2.67,Low,0.0
Lewis Hall,Newcastle,0,26,2526,5.3,0.51,0.0,1.32,Low,7.0
Lewis Hall,Newcastle,0,27,2526,5.3,1.97,0.8,3.15,Low,1.0
Lewis Hall,Newcastle,0,28,2526,5.3,1.91,0.99,2.83,Low,2.0
Lewis Miley,Newcastle,3,26,2526,4.5,0.11,0.0,0.55,Medium,0.0
Lewis Miley,Newcastle,3,27,2526,4.5,0.0,0.0,0.3,Medium,0.0
Lewis Miley,Newcastle,3,28,2526,4.5,0.0,0.0,0.24,Medium,0.0
Lewis O'Brien,Nott'm Forest,3,26,2526,5.0,0.0,0.0,0.2,High,0.0
Lewis O'Brien,Nott'm Forest,3,27,2526,5.0,0.0,0.0,0.2,High,0.0
Lewis O'Brien,Nott'm Forest,3,28,2526,5.0,0.0,0.0,0.2,High,0.0
Lewis Orford,West Ham,3,26,2526,4.4,0.0,0.0,0.2,High,0.0
Lewis Orford,West Ham,3,27,2526,4.4,0.0,0.0,0.19,High,0.0
Lewis Orford,West Ham,3,28,2526,4.4,0.0,0.0,0.2,High,0.0
Liam Delap,Chelsea,1,26,2526,6.2,0.65,0.0,1.47,Low,1.0
Liam Delap,Chelsea,1,27,2526,6.2,0.42,0.0,1.0,Low,1.0
Liam Delap,Chelsea,1,28,2526,6.2,0.25,0.0,0.84,Medium,1.0
Lino da Cruz Sousa,Aston Villa,0,26,2526,3.8,0.0,0.0,0.18,High,0.0
Lino da Cruz Sousa,Aston Villa,0,27,2526,3.8,0.0,0.0,0.18,High,0.0
Lino da Cruz Sousa,Aston Villa,0,28,2526,3.8,0.0,0.0,0.2,High,0.0
Lisandro Martínez,Man Utd,0,26,2526,4.8,1.58,0.79,2.37,Low,0.0
Lisandro Martínez,Man Utd,0,27,2526,4.8,0.29,0.0,0.93,Low,0.0
Lisandro Martínez,Man Utd,0,28,2526,4.8,0.21,0.0,0.78,Medium,0.0
Lorenzo Lucca,Nott'm Forest,1,26,2526,5.5,0.87,0.0,1.76,Low,1.0
Lorenzo Lucca,Nott'm Forest,1,27,2526,5.5,0.47,0.0,1.1,Low,0.0
Lorenzo Lucca,Nott'm Forest,1,28,2526,5.5,0.06,0.0,0.51,Medium,0.0
Loum Tchaouna,Burnley,3,26,2526,4.9,0.0,0.0,0.31,Medium,1.0
Loum Tchaouna,Burnley,3,27,2526,4.9,0.24,0.0,0.77,Medium,1.0
Loum Tchaouna,Burnley,3,28,2526,4.9,0.23,0.0,0.74,Medium,1.0
Luca Koleosho,Burnley,3,26,2526,5.0,0.0,0.0,0.2,High,0.0
Luca Koleosho,Burnley,3,27,2526,5.0,0.0,0.0,0.19,High,0.0
Luca Koleosho,Burnley,3,28,2526,5.0,0.0,0.0,0.19,High,0.0
Luca Netz,Nott'm Forest,0,26,2526,4.5,0.0,0.0,0.34,Medium,0.0
Luca Netz,Nott'm Forest,0,27,2526,4.5,0.0,0.0,0.31,Medium,1.0
Luca Netz,Nott'm Forest,0,28,2526,4.5,0.62,0.03,1.22,Low,0.0
Lucas Bergvall,Spurs,3,26,2526,5.2,0.0,0.0,0.23,Medium,0.0
Lucas Bergvall,Spurs,3,27,2526,5.2,0.0,0.0,0.21,Medium,0.0
Lucas Bergvall,Spurs,3,28,2526,5.2,0.0,0.0,0.2,High,0.0
Lucas Digne,Aston Villa,0,26,2526,4.5,0.22,0.0,0.77,Medium,0.0
Lucas Digne,Aston Villa,0,27,2526,4.5,0.12,0.0,0.6,Medium,2.0
Lucas Digne,Aston Villa,0,28,2526,4.5,0.84,0.06,1.63,Low,0.0
Lucas Estella Perri,Leeds,2,26,2526,4.5,0.0,0.0,0.23,Medium,0.0
Lucas Estella Perri,Leeds,2,27,2526,4.5,0.0,0.0,0.22,Medium,0.0
Lucas Estella Perri,Leeds,2,28,2526,4.5,0.0,0.0,0.21,Medium,0.0
Lucas Pires Silva,Burnley,0,26,2526,3.8,0.14,0.0,0.65,Medium,1.0
Lucas Pires Silva,Burnley,0,27,2526,3.8,0.92,0.35,1.5,Low,0.0
Lucas Pires Silva,Burnley,0,28,2526,3.8,1.31,0.67,1.95,Low,1.0
Lucas Tolentino Coelho de Lima,West Ham,3,26,2526,5.9,0.0,0.0,0.21,High,0.0
Lucas Tolentino Coelho de Lima,West Ham,3,27,2526,5.9,0.0,0.0,0.18,High,0.0
Lucas Tolentino Coelho de Lima,West Ham,3,28,2526,5.9,0.0,0.0,0.2,High,0.0
Lucá Williams-Barnett,Spurs,3,26,2526,4.5,0.0,0.0,0.23,Medium,0.0
Lucá Williams-Barnett,Spurs,3,27,2526,4.5,0.0,0.0,0.22,Medium,0.0
Lucá Williams-Barnett,Spurs,3,28,2526,4.5,0.0,0.0,0.23,Medium,0.0
Luis Díaz Marulanda,Liverpool,3,26,2526,8.0,0.0,0.0,0.19,High,0.0
Luis Díaz Marulanda,Liverpool,3,27,2526,8.0,0.0,0.0,0.19,High,0.0
Luis Díaz Marulanda,Liverpool,3,28,2526,8.0,0.0,0.0,0.22,Medium,0.0
Luis Eduardo Soares da Silva,Nott'm Forest,0,26,2526,4.5,0.0,0.0,0.2,High,0.0
Luis Eduardo Soares da Silva,Nott'm Forest,0,27,2526,4.5,0.0,0.0,0.19,High,0.0
Luis Eduardo Soares da Silva,Nott'm Forest,0,28,2526,4.5,0.0,0.0,0.19,High,0.0
Luis Guilherme Lira dos Santos,West Ham,3,26,2526,4.9,0.0,0.0,0.2,High,0.0
Luis Guilherme Lira dos Santos,West Ham,3,27,2526,4.9,0.0,0.0,0.19,High,0.0
Luis Guilherme Lira dos Santos,West Ham,3,28,2526,4.9,0.0,0.0,0.2,High,0.0
Luis Sinisterra Lucumí,Bournemouth,3,26,2526,5.0,0.0,0.0,0.2,High,0.0
Luis Sinisterra Lucumí,Bournemouth,3,27,2526,5.0,0.0,0.0,0.21,High,0.0
Luis Sinisterra Lucumí,Bournemouth,3,28,2526,5.0,0.0,0.0,0.2,High,0.0
Luka Bentt,Brentford,3,26,2526,4.5,0.0,0.0,0.22,Medium,0.0
Luka Bentt,Brentford,3,27,2526,4.5,0.0,0.0,0.22,Medium,0.0
Luka Bentt,Brentford,3,28,2526,4.5,0.0,0.0,0.23,Medium,0.0
Luka Vušković,Spurs,0,26,2526,3.9,0.0,0.0,0.18,High,0.0
Luka Vušković,Spurs,0,27,2526,3.9,0.0,0.0,0.17,High,0.0
Luka Vušković,Spurs,0,28,2526,3.9,0.0,0.0,0.19,High,0.0
Lukas Nmecha,Leeds,1,26,2526,5.0,1.16,0.0,2.59,Low,1.0
Lukas Nmecha,Leeds,1,27,2526,5.0,0.87,0.0,1.74,Low,1.0
Lukas Nmecha,Leeds,1,28,2526,5.0,0.87,0.0,1.78,Low,1.0
Lukasz Fabianski,West Ham,2,26,2526,4.5,0.0,0.0,0.22,Medium,0.0
Lukasz Fabianski,West Ham,2,27,2526,4.5,0.0,0.0,0.21,Medium,0.0
Lukasz Fabianski,West Ham,2,28,2526,4.5,0.0,0.0,0.23,Medium,0.0
Luke Harris,Fulham,3,26,2526,4.5,0.0,0.0,0.2,High,0.0
Luke Harris,Fulham,3,27,2526,4.5,0.0,0.0,0.21,High,0.0
Luke Harris,Fulham,3,28,2526,4.5,0.0,0.0,0.21,High,0.0
Luke O'Nien,Sunderland,0,26,2526,4.0,0.0,0.0,0.31,Medium,0.0
Luke O'Nien,Sunderland,0,27,2526,4.0,0.0,0.0,0.24,Medium,0.0
Luke O'Nien,Sunderland,0,28,2526,4.0,0.0,0.0,0.23,Medium,5.0
Luke Rawlings,Wolves,3,26,2526,4.5,0.0,0.0,0.24,Medium,0.0
Luke Rawlings,Wolves,3,26,2526,4.5,0.0,0.0,0.22,Medium,0.0
Luke Rawlings,Wolves,3,27,2526,4.5,0.0,0.0,0.24,Medium,0.0
Luke Rawlings,Wolves,3,28,2526,4.5,0.0,0.0,0.23,Medium,0.0
Luke Shaw,Man Utd,0,26,2526,4.5,1.56,0.64,2.48,Low,6.0
Luke Shaw,Man Utd,0,27,2526,4.5,1.53,0.65,2.4,Low,1.0
Luke Shaw,Man Utd,0,28,2526,4.5,0.38,0.0,1.19,Low,1.0
Lutsharel Geertruida,Sunderland,0,26,2526,4.5,0.25,0.0,0.73,Medium,1.0
Lutsharel Geertruida,Sunderland,0,27,2526,4.5,1.5,0.96,2.05,Low,4.0
Lutsharel Geertruida,Sunderland,0,28,2526,4.5,1.55,0.94,2.17,Low,1.0
Luís Hemir Silva Semedo,Sunderland,1,26,2526,4.4,0.0,0.0,0.19,High,0.0
Luís Hemir Silva Semedo,Sunderland,1,27,2526,4.4,0.0,0.0,0.19,High,0.0
Luís Hemir Silva Semedo,Sunderland,1,28,2526,4.4,0.0,0.0,0.18,High,0.0
Lyle Foster,Burnley,1,26,2526,4.9,0.63,0.0,1.42,Low,0.0
Lyle Foster,Burnley,1,27,2526,4.9,0.18,0.0,0.76,Medium,0.0
Lyle Foster,Burnley,1,28,2526,4.9,1.22,0.59,1.84,Low,2.0
Mads Hermansen,West Ham,2,26,2526,4.2,1.19,0.44,1.95,Low,10.0
Mads Hermansen,West Ham,2,27,2526,4.2,1.42,0.05,2.79,Low,0.0
Mads Hermansen,West Ham,2,28,2526,4.2,1.48,0.72,2.24,Low,9.0
Mads Roerslev Rasmussen,Brentford,0,26,2526,4.5,0.0,0.0,0.17,High,0.0
Mads Roerslev Rasmussen,Brentford,0,27,2526,4.5,0.0,0.0,0.18,High,0.0
Mads Roerslev Rasmussen,Brentford,0,28,2526,4.5,0.0,0.0,0.19,High,0.0
Malcolm Ebiowei,Crystal Palace,3,26,2526,4.5,0.0,0.0,0.18,High,0.0
Malcolm Ebiowei,Crystal Palace,3,27,2526,4.5,0.0,0.0,0.2,High,0.0
Malcolm Ebiowei,Crystal Palace,3,28,2526,4.5,0.0,0.0,0.2,High,0.0
Malcom DaCosta,Bournemouth,3,26,2526,4.5,0.0,0.0,0.24,Medium,0.0
Malcom DaCosta,Bournemouth,3,27,2526,4.5,0.0,0.0,0.25,Medium,0.0
Malcom DaCosta,Bournemouth,3,28,2526,4.5,0.0,0.0,0.23,Medium,0.0
Maldini Kacurri,Arsenal,0,26,2526,3.9,0.0,0.0,0.18,High,0.0
Maldini Kacurri,Arsenal,0,26,2526,3.9,0.0,0.0,0.2,High,0.0
Maldini Kacurri,Arsenal,0,27,2526,3.9,0.0,0.0,0.21,Medium,0.0
Maldini Kacurri,Arsenal,0,28,2526,3.9,0.0,0.0,0.19,High,0.0
Malick Thiaw,Newcastle,0,26,2526,5.1,1.88,1.16,2.59,Low,3.0
Malick Thiaw,Newcastle,0,27,2526,5.0,2.07,1.31,2.82,Low,1.0
Malick Thiaw,Newcastle,0,28,2526,5.0,1.7,0.98,2.41,Low,4.0
Malick Yalcouyé,Brighton,3,26,2526,5.0,0.0,0.0,0.2,High,0.0
Malick Yalcouyé,Brighton,3,27,2526,5.0,0.0,0.0,0.19,High,0.0
Malick Yalcouyé,Brighton,3,28,2526,5.0,0.0,0.0,0.2,High,0.0
Malo Gusto,Chelsea,0,26,2526,4.9,1.74,1.02,2.46,Low,6.0
Malo Gusto,Chelsea,0,27,2526,4.9,1.34,0.57,2.11,Low,1.0
Malo Gusto,Chelsea,0,28,2526,4.9,0.67,0.0,1.41,Low,5.0
Mamadou Sarr,Chelsea,0,26,2526,4.5,0.0,0.0,0.22,Medium,1.0
Mamadou Sarr,Chelsea,0,27,2526,4.5,0.0,0.0,0.28,Medium,1.0
Mamadou Sarr,Chelsea,0,28,2526,4.5,1.23,0.58,1.88,Low,0.0
Manor Solomon,Spurs,3,26,2526,5.4,0.0,0.0,0.2,High,0.0
Manor Solomon,Spurs,3,27,2526,5.4,0.0,0.0,0.18,High,0.0
Manor Solomon,Spurs,3,28,2526,5.4,0.0,0.0,0.2,High,0.0
Manuel Akanji,Man City,0,26,2526,5.4,0.0,0.0,0.19,High,0.0
Manuel Akanji,Man City,0,27,2526,5.4,0.0,0.0,0.19,High,0.0
Manuel Akanji,Man City,0,28,2526,5.4,0.0,0.0,0.19,High,0.0
Manuel Benson Hedilazio,Burnley,3,26,2526,5.4,0.0,0.0,0.2,High,0.0
Manuel Benson Hedilazio,Burnley,3,27,2526,5.4,0.0,0.0,0.19,High,0.0
Manuel Benson Hedilazio,Burnley,3,28,2526,5.4,0.0,0.0,0.19,High,0.0
Manuel Ugarte Ribeiro,Man Utd,3,26,2526,4.7,0.0,0.0,0.42,Medium,0.0
Manuel Ugarte Ribeiro,Man Utd,3,27,2526,4.7,0.0,0.0,0.4,Medium,0.0
Manuel Ugarte Ribeiro,Man Utd,3,28,2526,4.7,0.0,0.0,0.3,Medium,1.0
Marc Cucurella Saseta,Chelsea,0,26,2526,6.1,1.36,0.33,2.4,Low,0.0
Marc Cucurella Saseta,Chelsea,0,27,2526,6.1,0.47,0.11,0.82,Medium,0.0
Marc Cucurella Saseta,Chelsea,0,28,2526,6.0,0.54,0.0,1.17,Low,1.0
Marc Guiu Paz,Chelsea,1,26,2526,4.2,0.0,0.0,0.17,High,0.0
Marc Guiu Paz,Chelsea,1,27,2526,4.2,0.0,0.0,0.15,High,0.0
Marc Guiu Paz,Chelsea,1,28,2526,4.1,0.0,0.0,0.16,High,0.0
Marc Guéhi,Man City,0,26,2526,5.2,2.33,2.04,2.62,Medium,2.0
Marc Guéhi,Man City,0,27,2526,5.2,2.57,2.1,3.03,Low,6.0
Marc Guéhi,Man City,0,28,2526,5.2,2.55,2.19,2.9,Medium,1.0
Marco Bizot,Aston Villa,2,26,2526,4.2,0.0,0.0,0.25,Medium,0.0
Marco Bizot,Aston Villa,2,27,2526,4.2,0.0,0.0,0.22,Medium,0.0
Marco Bizot,Aston Villa,2,28,2526,4.2,0.0,0.0,0.25,Medium,0.0
Marcos Senesi Barón,Bournemouth,0,26,2526,4.8,2.09,1.57,2.61,Low,5.0
Marcos Senesi Barón,Bournemouth,0,27,2526,4.8,2.19,1.77,2.61,Medium,4.0
Marcos Senesi Barón,Bournemouth,0,28,2526,4.9,2.37,1.57,3.16,Low,11.0
Marcus Bettinelli,Man City,2,26,2526,3.8,0.0,0.0,0.21,High,0.0
Marcus Bettinelli,Man City,2,27,2526,3.8,0.0,0.0,0.21,High,0.0
Marcus Bettinelli,Man City,2,28,2526,3.8,0.0,0.0,0.21,High,0.0
Marcus Edwards,Burnley,3,26,2526,4.7,1.04,0.24,1.84,Low,2.0
Marcus Edwards,Burnley,3,27,2526,4.7,1.7,0.79,2.6,Low,0.0
Marcus Edwards,Burnley,3,28,2526,4.7,0.18,0.0,0.69,Medium,0.0
Marcus Rashford,Man Utd,3,26,2526,7.0,0.0,0.0,0.2,High,0.0
Marcus Rashford,Man Utd,3,27,2526,7.0,0.0,0.0,0.19,High,0.0
Marcus Rashford,Man Utd,3,28,2526,7.0,0.0,0.0,0.2,High,0.0
Marcus Tavernier,Bournemouth,3,26,2526,5.3,0.0,0.0,0.32,Medium,1.0
Marcus Tavernier,Bournemouth,3,27,2526,5.3,0.31,0.0,0.9,Low,7.0
Marcus Tavernier,Bournemouth,3,28,2526,5.3,1.6,0.0,3.21,Low,2.0
Mark Gillespie,Newcastle,2,26,2526,3.9,0.0,0.0,0.21,Medium,0.0
Mark Gillespie,Newcastle,2,27,2526,3.9,0.0,0.0,0.21,High,0.0
Mark Gillespie,Newcastle,2,28,2526,3.9,0.0,0.0,0.2,High,0.0
Mark Travers,Everton,2,26,2526,4.3,0.0,0.0,0.21,High,0.0
Mark Travers,Everton,2,27,2526,4.3,0.0,0.0,0.22,Medium,0.0
Mark Travers,Everton,2,28,2526,4.3,0.0,0.0,0.22,Medium,0.0
Marko Stamenić,Nott'm Forest,3,26,2526,4.5,0.0,0.0,0.2,High,0.0
Marko Stamenić,Nott'm Forest,3,27,2526,4.5,0.0,0.0,0.19,High,0.0
Marko Stamenić,Nott'm Forest,3,28,2526,4.5,0.0,0.0,0.2,High,0.0
Marli Salmon,Arsenal,0,26,2526,4.0,0.0,0.0,0.21,Medium,0.0
Marli Salmon,Arsenal,0,26,2526,4.0,0.0,0.0,0.22,Medium,0.0
Marli Salmon,Arsenal,0,27,2526,4.0,0.0,0.0,0.24,Medium,0.0
Marli Salmon,Arsenal,0,28,2526,4.0,0.0,0.0,0.21,High,0.0
Marshall Munetsi,Wolves,3,26,2526,5.3,0.0,0.0,0.2,High,0.0
Marshall Munetsi,Wolves,3,26,2526,5.3,0.0,0.0,0.18,High,0.0
Marshall Munetsi,Wolves,3,27,2526,5.3,0.0,0.0,0.2,High,0.0
Marshall Munetsi,Wolves,3,28,2526,5.3,0.0,0.0,0.2,High,0.0
Martial Godo,Fulham,3,26,2526,4.5,0.0,0.0,0.2,High,0.0
Martial Godo,Fulham,3,27,2526,4.5,0.0,0.0,0.21,High,0.0
Martial Godo,Fulham,3,28,2526,4.5,0.0,0.0,0.21,High,0.0
Martin Dúbravka,Burnley,2,26,2526,4.0,1.97,1.66,2.28,Medium,2.0
Martin Dúbravka,Burnley,2,27,2526,4.0,2.12,1.45,2.8,Low,0.0
Martin Dúbravka,Burnley,2,28,2526,4.0,2.08,1.67,2.49,Medium,2.0
Martin Sherif,Everton,1,26,2526,4.4,0.0,0.0,0.18,High,0.0
Martin Sherif,Everton,1,27,2526,4.4,0.0,0.0,0.19,High,0.0
Martin Sherif,Everton,1,28,2526,4.4,0.0,0.0,0.2,High,0.0
Martin Ødegaard,Arsenal,3,26,2526,7.8,1.24,0.47,2.01,Low,0.0
Martin Ødegaard,Arsenal,3,26,2526,7.8,0.13,0.0,0.57,Medium,4.0
Martin Ødegaard,Arsenal,3,27,2526,7.8,0.43,0.0,1.29,Low,0.0
Martin Ødegaard,Arsenal,3,28,2526,7.8,0.09,0.0,0.52,Medium,0.0
Martín Zubimendi Ibáñez,Arsenal,3,26,2526,5.3,2.33,1.63,3.03,Low,4.0
Martín Zubimendi Ibáñez,Arsenal,3,26,2526,5.3,2.59,1.7,3.48,Low,2.0
Martín Zubimendi Ibáñez,Arsenal,3,27,2526,5.3,2.18,0.87,3.5,Low,2.0
Martín Zubimendi Ibáñez,Arsenal,3,28,2526,5.3,1.89,0.81,2.98,Low,3.0
Mason Mount,Man Utd,3,26,2526,5.9,0.0,0.0,0.27,Medium,0.0
Mason Mount,Man Utd,3,27,2526,5.9,0.0,0.0,0.25,Medium,0.0
Mason Mount,Man Utd,3,28,2526,5.9,0.0,0.0,0.23,Medium,0.0
Matai Akinmboni,Bournemouth,0,26,2526,3.8,0.0,0.0,0.2,High,0.0
Matai Akinmboni,Bournemouth,0,27,2526,3.8,0.0,0.0,0.21,Medium,0.0
Matai Akinmboni,Bournemouth,0,28,2526,3.8,0.0,0.0,0.21,High,0.0
Mateo Joseph Fernández-Regatillo,Leeds,1,26,2526,5.0,0.0,0.0,0.18,High,0.0
Mateo Joseph Fernández-Regatillo,Leeds,1,27,2526,5.0,0.0,0.0,0.18,High,0.0
Mateo Joseph Fernández-Regatillo,Leeds,1,28,2526,5.0,0.0,0.0,0.19,High,0.0
Mateo Kovačić,Man City,3,26,2526,5.8,0.0,0.0,0.21,High,0.0
Mateo Kovačić,Man City,3,27,2526,5.8,0.0,0.0,0.21,High,0.0
Mateo Kovačić,Man City,3,28,2526,5.8,0.0,0.0,0.2,High,0.0
Mateus Gonçalo Espanha Fernandes,West Ham,3,26,2526,5.5,2.04,1.28,2.79,Low,5.0
Mateus Gonçalo Espanha Fernandes,West Ham,3,27,2526,5.5,1.8,1.08,2.51,Low,2.0
Mateus Gonçalo Espanha Fernandes,West Ham,3,28,2526,5.5,1.78,0.72,2.83,Low,2.0
Mateus Mané,Wolves,1,26,2526,4.6,2.29,1.26,3.32,Low,2.0
Mateus Mané,Wolves,1,26,2526,4.6,2.23,1.07,3.38,Low,2.0
Mateus Mané,Wolves,1,27,2526,4.6,1.71,1.01,2.42,Low,2.0
Mateus Mané,Wolves,1,28,2526,4.6,1.76,0.53,3.0,Low,2.0
Matheus França de Oliveira,Crystal Palace,3,26,2526,4.5,0.0,0.0,0.18,High,0.0
Matheus França de Oliveira,Crystal Palace,3,27,2526,4.5,0.0,0.0,0.2,High,0.0
Matheus França de Oliveira,Crystal Palace,3,28,2526,4.5,0.0,0.0,0.2,High,0.0
Matheus Nunes,Man City,0,26,2526,5.4,1.08,0.15,2.01,Low,2.0
Matheus Nunes,Man City,0,27,2526,5.4,1.78,0.6,2.97,Low,8.0
Matheus Nunes,Man City,0,28,2526,5.4,1.37,0.58,2.15,Low,1.0
Matheus Santos Carneiro da Cunha,Man Utd,3,26,2526,8.1,2.01,0.37,3.65,Low,3.0
Matheus Santos Carneiro da Cunha,Man Utd,3,27,2526,8.1,2.34,1.03,3.66,Low,5.0
Matheus Santos Carneiro da Cunha,Man Utd,3,28,2526,8.0,2.22,0.82,3.62,Low,2.0
Mathias Jensen,Brentford,3,26,2526,4.9,1.71,1.04,2.37,Low,2.0
Mathias Jensen,Brentford,3,27,2526,4.9,1.47,0.59,2.35,Low,2.0
Mathias Jensen,Brentford,3,28,2526,4.9,1.69,0.76,2.62,Low,4.0
Mathys Tel,Spurs,3,26,2526,6.2,1.68,0.5,2.85,Low,1.0
Mathys Tel,Spurs,3,27,2526,6.2,0.39,0.0,0.98,Low,1.0
Mathys Tel,Spurs,3,28,2526,6.2,0.83,0.14,1.52,Low,2.0
Mats Wieffer,Brighton,3,26,2526,4.9,0.0,0.0,0.2,High,2.0
Mats Wieffer,Brighton,3,27,2526,4.9,1.17,0.44,1.9,Low,1.0
Mats Wieffer,Brighton,3,28,2526,4.9,1.04,0.61,1.48,Low,4.0
Matt Doherty,Wolves,0,26,2526,4.4,0.0,0.0,0.28,Medium,0.0
Matt Doherty,Wolves,0,26,2526,4.4,0.0,0.0,0.25,Medium,0.0
Matt Doherty,Wolves,0,27,2526,4.4,0.0,0.0,0.26,Medium,0.0
Matt Doherty,Wolves,0,28,2526,4.4,0.0,0.0,0.2,High,1.0
Matt O'Riley,Brighton,3,26,2526,5.5,0.0,0.0,0.33,Medium,0.0
Matt O'Riley,Brighton,3,27,2526,5.5,0.0,0.0,0.34,Medium,0.0
Matt O'Riley,Brighton,3,28,2526,5.5,0.0,0.0,0.33,Medium,0.0
Matt Targett,Newcastle,0,26,2526,4.0,0.0,0.0,0.2,High,0.0
Matt Targett,Newcastle,0,27,2526,4.0,0.0,0.0,0.19,High,0.0
Matt Targett,Newcastle,0,28,2526,4.0,0.0,0.0,0.18,High,0.0
Matt Turner,Nott'm Forest,2,26,2526,4.0,0.0,0.0,0.2,High,0.0
Matt Turner,Nott'm Forest,2,27,2526,4.0,0.0,0.0,0.19,High,0.0
Matt Turner,Nott'm Forest,2,28,2526,4.0,0.0,0.0,0.19,High,0.0
Matthew Cox,Brentford,2,26,2526,3.9,0.0,0.0,0.17,High,0.0
Matthew Cox,Brentford,2,27,2526,3.9,0.0,0.0,0.18,High,0.0
Matthew Cox,Brentford,2,28,2526,3.9,0.0,0.0,0.19,High,0.0
Matthijs de Ligt,Man Utd,0,26,2526,4.9,0.0,0.0,0.27,Medium,0.0
Matthijs de Ligt,Man Utd,0,27,2526,4.9,0.0,0.0,0.26,Medium,0.0
Matthijs de Ligt,Man Utd,0,28,2526,4.9,0.0,0.0,0.21,Medium,0.0
Matty Cash,Aston Villa,0,26,2526,4.9,0.44,0.0,0.94,Low,2.0
Matty Cash,Aston Villa,0,27,2526,4.9,1.94,1.27,2.62,Low,0.0
Matty Cash,Aston Villa,0,28,2526,4.9,2.12,1.15,3.09,Low,-1.0
Matz Sels,Nott'm Forest,2,26,2526,4.6,0.16,0.0,0.55,Medium,0.0
Matz Sels,Nott'm Forest,2,27,2526,4.6,0.04,0.0,0.32,Medium,2.0
Matz Sels,Nott'm Forest,2,28,2526,4.6,1.49,0.63,2.35,Low,1.0
Max Alleyne,Man City,0,26,2526,4.2,0.0,0.0,0.28,Medium,0.0
Max Alleyne,Man City,0,27,2526,4.1,0.0,0.0,0.24,Medium,0.0
Max Alleyne,Man City,0,28,2526,4.1,0.0,0.0,0.22,Medium,0.0
Max Dowman,Arsenal,3,26,2526,4.2,0.0,0.0,0.23,Medium,0.0
Max Dowman,Arsenal,3,26,2526,4.2,0.0,0.0,0.24,Medium,0.0
Max Dowman,Arsenal,3,27,2526,4.2,0.0,0.0,0.26,Medium,0.0
Max Dowman,Arsenal,3,28,2526,4.2,0.0,0.0,0.22,Medium,0.0
Max Merrick,Chelsea,2,26,2526,4.0,0.0,0.0,0.21,Medium,0.0
Max Merrick,Chelsea,2,27,2526,4.0,0.0,0.0,0.21,High,0.0
Max Merrick,Chelsea,2,28,2526,4.0,0.0,0.0,0.22,Medium,0.0
Max Weiß,Burnley,2,26,2526,4.3,0.0,0.0,0.22,Medium,0.0
Max Weiß,Burnley,2,27,2526,4.3,0.0,0.0,0.22,Medium,0.0
Max Weiß,Burnley,2,28,2526,4.3,0.0,0.0,0.21,Medium,0.0
Maxence Lacroix,Crystal Palace,0,26,2526,5.1,2.71,1.33,4.08,Low,0.0
Maxence Lacroix,Crystal Palace,0,27,2526,5.1,0.36,0.0,0.89,Low,3.0
Maxence Lacroix,Crystal Palace,0,28,2526,5.1,0.32,0.0,0.65,Medium,0.0
Maxim De Cuyper,Brighton,0,26,2526,4.3,0.14,0.0,0.6,Medium,1.0
Maxim De Cuyper,Brighton,0,27,2526,4.3,0.5,0.0,1.09,Low,1.0
Maxim De Cuyper,Brighton,0,28,2526,4.3,0.2,0.0,0.74,Medium,0.0
Maxime Estève,Burnley,0,26,2526,3.9,2.1,1.33,2.87,Low,2.0
Maxime Estève,Burnley,0,27,2526,3.9,1.98,1.28,2.67,Low,0.0
Maxime Estève,Burnley,0,28,2526,3.9,1.79,1.07,2.5,Low,1.0
Maximilian Kilman,West Ham,0,26,2526,4.2,0.0,0.0,0.3,Medium,0.0
Maximilian Kilman,West Ham,0,27,2526,4.2,0.0,0.0,0.3,Medium,0.0
Maximilian Kilman,West Ham,0,28,2526,4.2,0.0,0.0,0.23,Medium,0.0
Maxwel Cornet,West Ham,3,26,2526,4.9,0.0,0.0,0.2,High,0.0
Maxwel Cornet,West Ham,3,27,2526,4.9,0.0,0.0,0.19,High,0.0
Maxwel Cornet,West Ham,3,28,2526,4.9,0.0,0.0,0.2,High,0.0
Melker Ellborg,Sunderland,2,26,2526,4.0,0.0,0.0,0.22,Medium,0.0
Melker Ellborg,Sunderland,2,27,2526,4.0,0.0,0.0,0.22,Medium,0.0
Melker Ellborg,Sunderland,2,28,2526,4.0,0.0,0.0,0.22,Medium,10.0
Merlin Röhl,Everton,3,26,2526,5.0,0.0,0.0,0.24,Medium,0.0
Merlin Röhl,Everton,3,27,2526,5.0,0.0,0.0,0.25,Medium,0.0
Merlin Röhl,Everton,3,28,2526,5.0,0.0,0.0,0.24,Medium,0.0
Michael Kayode,Brentford,0,26,2526,4.5,1.69,0.95,2.43,Low,0.0
Michael Kayode,Brentford,0,27,2526,4.5,0.3,0.0,0.92,Low,-1.0
Michael Kayode,Brentford,0,28,2526,4.5,1.25,0.7,1.8,Low,6.0
Michael Keane,Everton,0,26,2526,4.7,0.46,0.0,1.16,Low,2.0
Michael Keane,Everton,0,27,2526,4.7,1.94,0.99,2.89,Low,1.0
Michael Keane,Everton,0,28,2526,4.6,0.36,0.0,1.06,Low,1.0
Michael Obafemi,Burnley,1,26,2526,4.4,0.0,0.0,0.19,High,0.0
Michael Obafemi,Burnley,1,27,2526,4.4,0.0,0.0,0.18,High,0.0
Michael Obafemi,Burnley,1,28,2526,4.4,0.0,0.0,0.18,High,0.0
Micky van de Ven,Spurs,0,26,2526,4.5,2.45,1.99,2.9,Low,0.0
Micky van de Ven,Spurs,0,27,2526,4.5,2.37,1.42,3.32,Low,0.0
Micky van de Ven,Spurs,0,28,2526,4.5,2.07,1.5,2.64,Low,-3.0
Mike Penders,Chelsea,2,26,2526,4.0,0.0,0.0,0.19,High,0.0
Mike Penders,Chelsea,2,27,2526,4.0,0.0,0.0,0.18,High,0.0
Mike Penders,Chelsea,2,28,2526,4.0,0.0,0.0,0.19,High,0.0
Mike Trésor Ndayishimiye,Burnley,3,26,2526,4.4,0.0,0.0,0.22,Medium,0.0
Mike Trésor Ndayishimiye,Burnley,3,27,2526,4.4,0.0,0.0,0.21,Medium,0.0
Mike Trésor Ndayishimiye,Burnley,3,28,2526,4.4,0.0,0.0,0.21,High,0.0
Mikel Merino Zazón,Arsenal,3,26,2526,5.4,0.0,0.0,0.29,Medium,0.0
Mikel Merino Zazón,Arsenal,3,26,2526,5.4,0.0,0.0,0.3,Medium,0.0
Mikel Merino Zazón,Arsenal,3,27,2526,5.4,0.0,0.0,0.28,Medium,0.0
Mikel Merino Zazón,Arsenal,3,28,2526,5.4,0.0,0.0,0.23,Medium,0.0
Mikey Moore,Spurs,3,26,2526,5.0,0.0,0.0,0.2,High,0.0
Mikey Moore,Spurs,3,27,2526,5.0,0.0,0.0,0.18,High,0.0
Mikey Moore,Spurs,3,28,2526,5.0,0.0,0.0,0.2,High,0.0
Mikkel Damsgaard,Brentford,3,26,2526,5.6,0.7,0.0,1.52,Low,1.0
Mikkel Damsgaard,Brentford,3,27,2526,5.6,1.0,0.0,2.06,Low,18.0
Mikkel Damsgaard,Brentford,3,28,2526,5.6,1.81,0.02,3.59,Low,3.0
Milan Aleksić,Sunderland,3,26,2526,4.9,0.0,0.0,0.22,Medium,0.0
Milan Aleksić,Sunderland,3,27,2526,4.9,0.0,0.0,0.22,Medium,0.0
Milan Aleksić,Sunderland,3,28,2526,4.9,0.0,0.0,0.22,Medium,0.0
Milos Kerkez,Liverpool,0,26,2526,5.6,0.28,0.0,0.9,Low,6.0
Milos Kerkez,Liverpool,0,27,2526,5.6,1.37,0.41,2.32,Low,1.0
Milos Kerkez,Liverpool,0,28,2526,5.6,1.43,0.47,2.4,Low,6.0
Miodrag Pivaš,Newcastle,0,26,2526,3.8,0.0,0.0,0.22,Medium,0.0
Miodrag Pivaš,Newcastle,0,27,2526,3.8,0.0,0.0,0.21,Medium,0.0
Miodrag Pivaš,Newcastle,0,28,2526,3.8,0.0,0.0,0.19,High,0.0
Mitoma Kaoru,Brighton,3,26,2526,6.1,1.65,0.51,2.79,Low,3.0
Mitoma Kaoru,Brighton,3,27,2526,6.1,1.95,0.78,3.12,Low,1.0
Mitoma Kaoru,Brighton,3,28,2526,6.1,2.18,0.9,3.45,Low,1.0
Mohamadou Kanté,West Ham,3,26,2526,4.5,0.0,0.0,0.23,Medium,1.0
Mohamadou Kanté,West Ham,3,27,2526,4.5,0.1,0.0,0.46,Medium,1.0
Mohamadou Kanté,West Ham,3,28,2526,4.5,0.03,0.0,0.45,Medium,0.0
Mohamed Salah,Liverpool,3,26,2526,14.0,3.43,0.69,6.17,Low,3.0
Mohamed Salah,Liverpool,3,27,2526,14.0,2.32,0.41,4.23,Low,2.0
Mohamed Salah,Liverpool,3,28,2526,14.0,2.49,0.69,4.29,Low,9.0
Mohammed Kudus,Spurs,3,26,2526,6.4,0.0,0.0,0.16,High,0.0
Mohammed Kudus,Spurs,3,27,2526,6.4,0.02,0.0,0.16,High,0.0
Mohammed Kudus,Spurs,3,28,2526,6.4,0.0,0.0,0.18,High,0.0
Moisés Caicedo Corozo,Chelsea,3,26,2526,5.7,2.14,1.25,3.03,Low,2.0
Moisés Caicedo Corozo,Chelsea,3,27,2526,5.7,1.97,0.98,2.96,Low,4.0
Moisés Caicedo Corozo,Chelsea,3,28,2526,5.7,2.54,1.26,3.83,Low,2.0
Morgan Gibbs-White,Nott'm Forest,3,26,2526,7.3,1.88,0.87,2.9,Low,2.0
Morgan Gibbs-White,Nott'm Forest,3,27,2526,7.3,2.03,1.04,3.01,Low,9.0
Morgan Gibbs-White,Nott'm Forest,3,28,2526,7.3,1.6,0.46,2.73,Low,8.0
Morgan Rogers,Aston Villa,3,26,2526,7.6,4.28,1.68,6.88,Low,2.0
Morgan Rogers,Aston Villa,3,27,2526,7.7,3.54,1.72,5.36,Low,2.0
Morgan Rogers,Aston Villa,3,28,2526,7.7,3.84,1.27,6.41,Low,1.0
Murillo Costa dos Santos,Nott'm Forest,0,26,2526,5.2,0.15,0.0,0.57,Medium,2.0
Murillo Costa dos Santos,Nott'm Forest,0,27,2526,5.2,1.81,0.86,2.77,Low,1.0
Murillo Costa dos Santos,Nott'm Forest,0,28,2526,5.2,1.68,0.67,2.69,Low,2.0
Mykhailo Mudryk,Chelsea,3,26,2526,4.9,0.0,0.0,0.2,High,0.0
Mykhailo Mudryk,Chelsea,3,27,2526,4.9,0.0,0.0,0.2,High,0.0
Mykhailo Mudryk,Chelsea,3,28,2526,4.9,0.0,0.0,0.22,Medium,0.0
Myles Lewis-Skelly,Arsenal,0,26,2526,5.1,0.0,0.0,0.3,Medium,0.0
Myles Lewis-Skelly,Arsenal,0,26,2526,5.1,0.0,0.0,0.3,Medium,0.0
Myles Lewis-Skelly,Arsenal,0,27,2526,5.1,0.0,0.0,0.31,Medium,0.0
Myles Lewis-Skelly,Arsenal,0,28,2526,5.1,0.0,0.0,0.27,Medium,0.0
Myles Peart-Harris,Brentford,3,26,2526,4.4,0.0,0.0,0.18,High,0.0
Myles Peart-Harris,Brentford,3,27,2526,4.4,0.0,0.0,0.19,High,0.0
Myles Peart-Harris,Brentford,3,28,2526,4.4,0.0,0.0,0.2,High,0.0
Naouirou Ahamada,Crystal Palace,3,26,2526,4.3,0.0,0.0,0.18,High,0.0
Naouirou Ahamada,Crystal Palace,3,27,2526,4.3,0.0,0.0,0.2,High,0.0
Naouirou Ahamada,Crystal Palace,3,28,2526,4.3,0.0,0.0,0.2,High,0.0
Nathan Aké,Man City,0,26,2526,5.3,0.0,0.0,0.37,Medium,0.0
Nathan Aké,Man City,0,27,2526,5.3,0.0,0.0,0.34,Medium,1.0
Nathan Aké,Man City,0,28,2526,5.3,0.15,0.0,0.71,Medium,0.0
Nathan Collins,Brentford,0,26,2526,5.0,0.27,0.0,0.83,Medium,1.0
Nathan Collins,Brentford,0,27,2526,5.0,1.21,0.48,1.94,Low,0.0
Nathan Collins,Brentford,0,28,2526,5.0,0.15,0.0,0.67,Medium,6.0
Nathan Fraser,Wolves,1,26,2526,4.2,0.0,0.0,0.23,Medium,0.0
Nathan Fraser,Wolves,1,26,2526,4.2,0.0,0.0,0.19,High,0.0
Nathan Fraser,Wolves,1,27,2526,4.2,0.0,0.0,0.23,Medium,0.0
Nathan Fraser,Wolves,1,28,2526,4.2,0.0,0.0,0.2,High,0.0
Nathan Patterson,Everton,0,26,2526,4.4,0.0,0.0,0.32,Medium,0.0
Nathan Patterson,Everton,0,27,2526,4.4,0.0,0.0,0.28,Medium,0.0
Nathan Patterson,Everton,0,28,2526,4.4,0.0,0.0,0.25,Medium,0.0
Nathaniel Clyne,Crystal Palace,0,26,2526,3.8,0.0,0.0,0.18,High,0.0
Nathaniel Clyne,Crystal Palace,0,27,2526,3.8,0.0,0.0,0.19,High,0.0
Nathaniel Clyne,Crystal Palace,0,28,2526,3.8,0.0,0.0,0.21,High,1.0
Nayef Aguerd,West Ham,0,26,2526,4.4,0.0,0.0,0.19,High,0.0
Nayef Aguerd,West Ham,0,27,2526,4.4,0.0,0.0,0.18,High,0.0
Nayef Aguerd,West Ham,0,28,2526,4.4,0.0,0.0,0.19,High,0.0
Nazarii Rusyn,Sunderland,1,26,2526,4.4,0.0,0.0,0.19,High,0.0
Nazarii Rusyn,Sunderland,1,27,2526,4.4,0.0,0.0,0.19,High,0.0
Nazarii Rusyn,Sunderland,1,28,2526,4.4,0.0,0.0,0.18,High,0.0
Neco Williams,Nott'm Forest,0,26,2526,4.7,1.56,0.46,2.65,Low,4.0
Neco Williams,Nott'm Forest,0,27,2526,4.7,1.91,1.02,2.8,Low,0.0
Neco Williams,Nott'm Forest,0,28,2526,4.7,0.93,0.26,1.6,Low,1.0
Nectarios Triantis,Sunderland,3,26,2526,4.4,0.0,0.0,0.19,High,0.0
Nectarios Triantis,Sunderland,3,27,2526,4.4,0.0,0.0,0.19,High,0.0
Nectarios Triantis,Sunderland,3,28,2526,4.4,0.0,0.0,0.19,High,0.0
Nehemiah Oriola,Brighton,3,26,2526,4.5,0.0,0.0,0.24,Medium,0.0
Nehemiah Oriola,Brighton,3,27,2526,4.5,0.0,0.0,0.22,Medium,0.0
Nehemiah Oriola,Brighton,3,28,2526,4.5,0.0,0.0,0.22,Medium,0.0
Niall Huggins,Sunderland,0,26,2526,4.0,0.0,0.0,0.18,High,0.0
Niall Huggins,Sunderland,0,27,2526,4.0,0.0,0.0,0.18,High,0.0
Niall Huggins,Sunderland,0,28,2526,4.0,0.0,0.0,0.18,High,0.0
Nick Pope,Newcastle,2,26,2526,5.1,1.61,0.66,2.56,Low,2.0
Nick Pope,Newcastle,2,27,2526,5.1,1.91,1.0,2.82,Low,1.0
Nick Pope,Newcastle,2,28,2526,5.1,1.59,0.65,2.54,Low,0.0
Nick Woltemade,Newcastle,1,26,2526,6.9,0.58,0.0,1.43,Low,1.0
Nick Woltemade,Newcastle,1,27,2526,6.9,1.2,0.4,1.99,Low,1.0
Nick Woltemade,Newcastle,1,28,2526,6.8,1.02,0.28,1.75,Low,0.0
Niclas Füllkrug,West Ham,1,26,2526,5.6,0.0,0.0,0.19,High,0.0
Niclas Füllkrug,West Ham,1,27,2526,5.6,0.0,0.0,0.18,High,0.0
Niclas Füllkrug,West Ham,1,28,2526,5.6,0.0,0.0,0.19,High,0.0
Nico González Iglesias,Man City,3,26,2526,5.9,0.73,0.1,1.36,Low,0.0
Nico González Iglesias,Man City,3,27,2526,5.9,0.08,0.0,0.57,Medium,0.0
Nico González Iglesias,Man City,3,28,2526,5.9,0.0,0.0,0.32,Medium,0.0
Nico O'Reilly,Man City,0,26,2526,4.9,1.36,0.42,2.29,Low,17.0
Nico O'Reilly,Man City,0,27,2526,4.9,1.14,0.07,2.2,Low,6.0
Nico O'Reilly,Man City,0,28,2526,5.0,2.85,1.59,4.11,Low,0.0
Nicolas Jackson,Chelsea,1,26,2526,6.5,0.0,0.0,0.18,High,0.0
Nicolas Jackson,Chelsea,1,27,2526,6.5,0.0,0.0,0.18,High,0.0
Nicolas Jackson,Chelsea,1,28,2526,6.5,0.0,0.0,0.19,High,0.0
Nicolás Domínguez,Nott'm Forest,3,26,2526,5.0,0.07,0.0,0.51,Medium,1.0
Nicolás Domínguez,Nott'm Forest,3,27,2526,5.0,0.42,0.0,0.96,Low,0.0
Nicolás Domínguez,Nott'm Forest,3,28,2526,5.0,0.0,0.0,0.31,Medium,2.0
Nicolò Savona,Nott'm Forest,0,26,2526,4.5,0.0,0.0,0.21,Medium,0.0
Nicolò Savona,Nott'm Forest,0,27,2526,4.5,0.0,0.0,0.19,High,0.0
Nicolò Savona,Nott'm Forest,0,28,2526,4.5,0.0,0.0,0.19,High,0.0
Nikola Milenković,Nott'm Forest,0,26,2526,5.1,1.68,0.61,2.76,Low,4.0
Nikola Milenković,Nott'm Forest,0,27,2526,5.1,1.83,0.98,2.67,Low,1.0
Nikola Milenković,Nott'm Forest,0,28,2526,5.1,1.76,0.68,2.83,Low,0.0
Nilson Angulo,Sunderland,3,26,2526,5.0,1.12,0.54,1.7,Low,2.0
Nilson Angulo,Sunderland,3,27,2526,5.0,0.75,0.17,1.34,Low,1.0
Nilson Angulo,Sunderland,3,28,2526,5.0,0.57,0.0,1.24,Low,3.0
Noah Okafor,Leeds,3,26,2526,5.5,1.63,0.0,3.41,Low,0.0
Noah Okafor,Leeds,3,27,2526,5.5,0.26,0.0,0.81,Medium,0.0
Noah Okafor,Leeds,3,28,2526,5.5,0.05,0.0,0.36,Medium,0.0
Noah Sadiki,Sunderland,3,26,2526,4.9,1.72,0.61,2.83,Low,2.0
Noah Sadiki,Sunderland,3,27,2526,4.9,1.66,0.84,2.48,Low,1.0
Noah Sadiki,Sunderland,3,28,2526,4.9,1.64,0.95,2.33,Low,3.0
Noni Madueke,Arsenal,3,26,2526,6.8,1.76,0.0,3.9,Low,2.0
Noni Madueke,Arsenal,3,26,2526,6.8,1.44,0.35,2.53,Low,1.0
Noni Madueke,Arsenal,3,27,2526,6.8,0.44,0.0,1.23,Low,0.0
Noni Madueke,Arsenal,3,28,2526,6.8,0.18,0.0,0.62,Medium,0.0
Norberto Bercique Gomes Betuncal,Everton,1,26,2526,5.0,1.29,0.53,2.04,Low,1.0
Norberto Bercique Gomes Betuncal,Everton,1,27,2526,5.0,0.58,0.0,1.36,Low,9.0
Norberto Bercique Gomes Betuncal,Everton,1,28,2526,5.0,1.1,0.0,2.3,Low,2.0
Norberto Murara Neto,Bournemouth,2,26,2526,4.5,0.0,0.0,0.19,High,0.0
Norberto Murara Neto,Bournemouth,2,27,2526,4.5,0.0,0.0,0.21,High,0.0
Norberto Murara Neto,Bournemouth,2,28,2526,4.5,0.0,0.0,0.2,High,0.0
Nordi Mukiele,Sunderland,0,26,2526,4.6,2.37,1.7,3.03,Low,1.0
Nordi Mukiele,Sunderland,0,27,2526,4.6,0.24,0.0,0.71,Medium,0.0
Nordi Mukiele,Sunderland,0,28,2526,4.6,0.3,0.01,0.59,Medium,0.0
Noussair Mazraoui,Man Utd,0,26,2526,4.9,0.01,0.0,0.44,Medium,0.0
Noussair Mazraoui,Man Utd,0,27,2526,4.9,0.55,0.08,1.02,Low,7.0
Noussair Mazraoui,Man Utd,0,28,2526,4.9,1.02,0.18,1.86,Low,1.0
Odsonne Édouard,Crystal Palace,1,26,2526,5.0,0.0,0.0,0.17,High,0.0
Odsonne Édouard,Crystal Palace,1,27,2526,5.0,0.0,0.0,0.2,High,0.0
Odsonne Édouard,Crystal Palace,1,28,2526,5.0,0.0,0.0,0.2,High,0.0
Odysseas Vlachodimos,Newcastle,2,26,2526,4.0,0.0,0.0,0.2,High,0.0
Odysseas Vlachodimos,Newcastle,2,27,2526,4.0,0.0,0.0,0.19,High,0.0
Odysseas Vlachodimos,Newcastle,2,28,2526,4.0,0.0,0.0,0.19,High,0.0
Ola Aina,Nott'm Forest,0,26,2526,4.7,1.54,0.49,2.59,Low,1.0
Ola Aina,Nott'm Forest,0,27,2526,4.7,1.93,1.05,2.81,Low,1.0
Ola Aina,Nott'm Forest,0,28,2526,4.7,1.47,0.5,2.45,Low,1.0
Oleksandr Zinchenko,Nott'm Forest,0,26,2526,4.9,0.0,0.0,0.2,High,0.0
Oleksandr Zinchenko,Nott'm Forest,0,27,2526,4.9,0.0,0.0,0.19,High,0.0
Oleksandr Zinchenko,Nott'm Forest,0,28,2526,4.9,0.0,0.0,0.19,High,0.0
Oliver Pimlott,Burnley,3,26,2526,4.5,0.0,0.0,0.23,Medium,0.0
Oliver Pimlott,Burnley,3,27,2526,4.5,0.0,0.0,0.23,Medium,0.0
Oliver Pimlott,Burnley,3,28,2526,4.5,0.0,0.0,0.22,Medium,0.0
Oliver Sonne,Burnley,0,26,2526,3.8,0.0,0.0,0.2,High,0.0
Oliver Sonne,Burnley,0,27,2526,3.8,0.0,0.0,0.18,High,0.0
Oliver Sonne,Burnley,0,28,2526,3.8,0.0,0.0,0.17,High,0.0
Olivier Boscagli,Brighton,0,26,2526,4.2,0.78,0.17,1.39,Low,0.0
Olivier Boscagli,Brighton,0,27,2526,4.2,0.02,0.0,0.38,Medium,0.0
Olivier Boscagli,Brighton,0,28,2526,4.2,0.0,0.0,0.35,Medium,1.0
Ollie Scarles,West Ham,0,26,2526,4.3,0.35,0.0,0.84,Medium,0.0
Ollie Scarles,West Ham,0,27,2526,4.3,0.0,0.0,0.33,Medium,0.0
Ollie Scarles,West Ham,0,28,2526,4.3,0.0,0.0,0.31,Medium,0.0
Ollie Shield,Brentford,0,28,2526,4.0,0.0,0.0,0.25,Medium,0.0
Ollie Watkins,Aston Villa,1,26,2526,8.7,1.63,0.37,2.9,Low,2.0
Ollie Watkins,Aston Villa,1,27,2526,8.6,2.32,0.88,3.75,Low,2.0
Ollie Watkins,Aston Villa,1,28,2526,8.6,1.88,0.59,3.17,Low,1.0
Oluwaseun Adewumi,Burnley,3,26,2526,4.5,0.0,0.0,0.2,High,0.0
Oluwaseun Adewumi,Burnley,3,27,2526,4.5,0.0,0.0,0.19,High,0.0
Oluwaseun Adewumi,Burnley,3,28,2526,4.5,0.0,0.0,0.19,High,0.0
Omar Alderete,Sunderland,0,26,2526,4.1,1.67,0.83,2.52,Low,1.0
Omar Alderete,Sunderland,0,27,2526,4.1,1.79,0.95,2.64,Low,4.0
Omar Alderete,Sunderland,0,28,2526,4.1,2.58,1.55,3.61,Low,7.0
Omar Marmoush,Man City,3,26,2526,8.3,1.26,0.28,2.23,Low,4.0
Omar Marmoush,Man City,3,27,2526,8.3,1.36,0.07,2.66,Low,3.0
Omar Marmoush,Man City,3,28,2526,8.3,1.31,0.33,2.3,Low,0.0
Omar Richards,Nott'm Forest,0,26,2526,4.5,0.0,0.0,0.2,High,0.0
Omar Richards,Nott'm Forest,0,27,2526,4.5,0.0,0.0,0.19,High,0.0
Omar Richards,Nott'm Forest,0,28,2526,4.5,0.0,0.0,0.19,High,0.0
Omari Hutchinson,Nott'm Forest,3,26,2526,5.4,1.14,0.34,1.94,Low,3.0
Omari Hutchinson,Nott'm Forest,3,27,2526,5.4,1.09,0.17,2.01,Low,1.0
Omari Hutchinson,Nott'm Forest,3,28,2526,5.4,1.17,0.26,2.08,Low,0.0
Oscar Bobb,Fulham,3,26,2526,5.1,0.59,0.0,1.23,Low,1.0
Oscar Bobb,Fulham,3,27,2526,5.1,0.84,0.13,1.55,Low,5.0
Oscar Bobb,Fulham,3,28,2526,5.1,0.97,0.04,1.9,Low,1.0
Owen Bevan,Bournemouth,0,26,2526,3.8,0.0,0.0,0.21,Medium,0.0
Owen Bevan,Bournemouth,0,27,2526,3.8,0.0,0.0,0.22,Medium,0.0
Owen Bevan,Bournemouth,0,28,2526,3.8,0.0,0.0,0.21,High,0.0
Owen Dodgson,Burnley,0,26,2526,4.0,0.0,0.0,0.19,High,0.0
Owen Dodgson,Burnley,0,27,2526,4.0,0.0,0.0,0.18,High,0.0
Owen Dodgson,Burnley,0,28,2526,4.0,0.0,0.0,0.18,High,0.0
Pablo Felipe Pereira de Jesus,West Ham,1,26,2526,5.5,0.06,0.0,0.51,Medium,0.0
Pablo Felipe Pereira de Jesus,West Ham,1,27,2526,5.5,0.0,0.0,0.31,Medium,0.0
Pablo Felipe Pereira de Jesus,West Ham,1,28,2526,5.5,0.0,0.0,0.39,Medium,0.0
Pape Matar Sarr,Spurs,3,26,2526,4.5,2.25,1.06,3.44,Low,4.0
Pape Matar Sarr,Spurs,3,27,2526,4.5,2.37,1.32,3.43,Low,1.0
Pape Matar Sarr,Spurs,3,28,2526,4.5,1.11,0.32,1.9,Low,1.0
Paris Maghoma,Brentford,3,26,2526,4.5,0.0,0.0,0.18,High,0.0
Paris Maghoma,Brentford,3,27,2526,4.5,0.0,0.0,0.19,High,0.0
Paris Maghoma,Brentford,3,28,2526,4.5,0.0,0.0,0.2,High,0.0
Pascal Groß,Brighton,3,26,2526,5.5,2.12,0.84,3.4,Low,3.0
Pascal Groß,Brighton,3,27,2526,5.5,1.54,0.57,2.51,Low,5.0
Pascal Groß,Brighton,3,28,2526,5.5,1.75,0.73,2.77,Low,2.0
Pascal Struijk,Leeds,0,26,2526,4.3,0.22,0.0,0.75,Medium,2.0
Pascal Struijk,Leeds,0,27,2526,4.3,1.49,0.74,2.24,Low,2.0
Pascal Struijk,Leeds,0,28,2526,4.3,1.56,0.65,2.47,Low,2.0
Patrick Bamford,Leeds,1,26,2526,4.9,0.0,0.0,0.19,High,0.0
Patrick Bamford,Leeds,1,27,2526,4.9,0.0,0.0,0.19,High,0.0
Patrick Bamford,Leeds,1,28,2526,4.9,0.0,0.0,0.2,High,0.0
Patrick Dorgu,Man Utd,0,26,2526,4.3,0.2,0.0,0.58,Medium,0.0
Patrick Dorgu,Man Utd,0,27,2526,4.3,0.01,0.0,0.22,Medium,0.0
Patrick Dorgu,Man Utd,0,28,2526,4.2,0.0,0.0,0.22,Medium,0.0
Patrick Roberts,Sunderland,3,26,2526,5.4,0.0,0.0,0.19,High,0.0
Patrick Roberts,Sunderland,3,27,2526,5.4,0.0,0.0,0.19,High,0.0
Patrick Roberts,Sunderland,3,28,2526,5.4,0.0,0.0,0.19,High,0.0
Pau Torres,Aston Villa,0,26,2526,4.3,0.04,0.0,0.39,Medium,0.0
Pau Torres,Aston Villa,0,27,2526,4.3,0.0,0.0,0.33,Medium,1.0
Pau Torres,Aston Villa,0,28,2526,4.3,1.21,0.54,1.89,Low,0.0
Pedro Cardoso de Lima,Wolves,0,26,2526,4.0,0.0,0.0,0.3,Medium,0.0
Pedro Cardoso de Lima,Wolves,0,26,2526,4.0,0.0,0.0,0.24,Medium,0.0
Pedro Cardoso de Lima,Wolves,0,27,2526,4.0,0.0,0.0,0.25,Medium,0.0
Pedro Cardoso de Lima,Wolves,0,28,2526,4.0,0.0,0.0,0.22,Medium,0.0
Pedro Lomba Neto,Chelsea,3,26,2526,7.0,1.2,0.14,2.25,Low,8.0
Pedro Lomba Neto,Chelsea,3,27,2526,7.0,1.68,0.21,3.15,Low,-1.0
Pedro Lomba Neto,Chelsea,3,28,2526,7.0,0.5,0.0,1.07,Low,0.0
Pedro Porro Sauceda,Spurs,0,26,2526,5.2,0.13,0.0,0.41,Medium,0.0
Pedro Porro Sauceda,Spurs,0,27,2526,5.1,0.12,0.0,0.37,Medium,0.0
Pedro Porro Sauceda,Spurs,0,28,2526,5.1,2.04,1.05,3.04,Low,1.0
Pervis Estupiñán Tenorio,Brighton,0,26,2526,4.5,0.0,0.0,0.19,High,0.0
Pervis Estupiñán Tenorio,Brighton,0,27,2526,4.5,0.0,0.0,0.19,High,0.0
Pervis Estupiñán Tenorio,Brighton,0,28,2526,4.5,0.0,0.0,0.19,High,0.0
Phil Foden,Man City,3,26,2526,8.2,1.78,1.07,2.49,Low,1.0
Phil Foden,Man City,3,27,2526,8.2,0.86,0.0,1.91,Low,0.0
Phil Foden,Man City,3,28,2526,8.1,0.34,0.0,0.88,Low,2.0
Philip Billing,Bournemouth,3,26,2526,4.9,0.0,0.0,0.2,High,0.0
Philip Billing,Bournemouth,3,27,2526,4.9,0.0,0.0,0.21,High,0.0
Philip Billing,Bournemouth,3,28,2526,4.9,0.0,0.0,0.2,High,0.0
Piero Hincapié,Arsenal,0,26,2526,5.1,1.3,0.22,2.39,Low,8.0
Piero Hincapié,Arsenal,0,26,2526,5.1,1.74,0.54,2.94,Low,4.0
Piero Hincapié,Arsenal,0,27,2526,5.1,2.37,0.62,4.13,Low,0.0
Piero Hincapié,Arsenal,0,28,2526,5.1,1.64,0.32,2.96,Low,9.0
Pierre Ekwah Elimby,Sunderland,3,26,2526,4.5,0.0,0.0,0.19,High,0.0
Pierre Ekwah Elimby,Sunderland,3,27,2526,4.5,0.0,0.0,0.19,High,0.0
Pierre Ekwah Elimby,Sunderland,3,28,2526,4.5,0.0,0.0,0.19,High,0.0
Quilindschy Hartman,Burnley,0,26,2526,4.0,0.0,0.0,0.2,High,0.0
Quilindschy Hartman,Burnley,0,27,2526,4.0,0.0,0.0,0.19,High,0.0
Quilindschy Hartman,Burnley,0,28,2526,4.0,0.0,0.0,0.18,High,0.0
Radu Drăgușin,Spurs,0,26,2526,4.5,1.48,0.95,2.02,Low,2.0
Radu Drăgușin,Spurs,0,27,2526,4.5,2.31,1.55,3.07,Low,3.0
Radu Drăgușin,Spurs,0,28,2526,4.5,1.63,0.92,2.34,Low,0.0
Randal Kolo Muani,Spurs,1,26,2526,6.9,0.68,0.0,1.4,Low,7.0
Randal Kolo Muani,Spurs,1,27,2526,6.9,1.22,0.03,2.41,Low,1.0
Randal Kolo Muani,Spurs,1,28,2526,6.9,0.99,0.29,1.68,Low,1.0
Rasmus Højlund,Man Utd,1,26,2526,6.3,0.0,0.0,0.2,High,0.0
Rasmus Højlund,Man Utd,1,27,2526,6.3,0.0,0.0,0.19,High,0.0
Rasmus Højlund,Man Utd,1,28,2526,6.3,0.0,0.0,0.19,High,0.0
Rayan Aït-Nouri,Man City,0,26,2526,5.7,1.34,0.04,2.65,Low,2.0
Rayan Aït-Nouri,Man City,0,27,2526,5.7,1.71,0.63,2.79,Low,11.0
Rayan Aït-Nouri,Man City,0,28,2526,5.7,1.81,0.53,3.1,Low,4.0
Rayan Cherki,Man City,3,26,2526,6.5,1.06,0.11,2.02,Low,1.0
Rayan Cherki,Man City,3,27,2526,6.5,1.28,0.26,2.31,Low,3.0
Rayan Cherki,Man City,3,28,2526,6.4,1.73,0.71,2.74,Low,5.0
Rayan Vitor Simplício Rocha,Bournemouth,3,26,2526,5.5,2.78,0.87,4.68,Low,3.0
Rayan Vitor Simplício Rocha,Bournemouth,3,27,2526,5.5,1.76,0.9,2.63,Low,2.0
Rayan Vitor Simplício Rocha,Bournemouth,3,28,2526,5.6,1.85,1.02,2.69,Low,3.0
Raúl Jiménez Rodríguez,Fulham,1,26,2526,6.2,1.31,0.44,2.18,Low,11.0
Raúl Jiménez Rodríguez,Fulham,1,27,2526,6.1,1.54,0.12,2.97,Low,2.0
Raúl Jiménez Rodríguez,Fulham,1,28,2526,6.1,1.67,0.44,2.89,Low,1.0
Reece James,Chelsea,0,26,2526,5.7,0.24,0.0,0.56,Medium,6.0
Reece James,Chelsea,0,27,2526,5.6,1.85,0.92,2.78,Low,6.0
Reece James,Chelsea,0,28,2526,5.6,1.99,0.52,3.46,Low,2.0
Reece Welch,Everton,0,26,2526,3.8,0.0,0.0,0.19,High,0.0
Reece Welch,Everton,0,27,2526,3.8,0.0,0.0,0.2,High,0.0
Reece Welch,Everton,0,28,2526,3.8,0.0,0.0,0.22,Medium,0.0
Reigan Heskey,Man City,3,26,2526,4.5,0.0,0.0,0.23,Medium,0.0
Reigan Heskey,Man City,3,27,2526,4.5,0.0,0.0,0.23,Medium,0.0
Reigan Heskey,Man City,3,28,2526,4.5,0.0,0.0,0.23,Medium,0.0
Reinildo Mandava,Sunderland,0,26,2526,3.8,2.31,1.22,3.4,Low,0.0
Reinildo Mandava,Sunderland,0,27,2526,3.8,0.3,0.0,0.81,Medium,0.0
Reinildo Mandava,Sunderland,0,28,2526,3.8,0.09,0.0,0.4,Medium,0.0
Reiss Nelson,Brentford,3,26,2526,4.8,0.0,0.0,0.27,Medium,0.0
Reiss Nelson,Brentford,3,27,2526,4.8,0.0,0.0,0.26,Medium,0.0
Reiss Nelson,Brentford,3,28,2526,4.8,0.0,0.0,0.27,Medium,0.0
Remi Matthews,Crystal Palace,2,26,2526,3.9,0.0,0.0,0.19,High,0.0
Remi Matthews,Crystal Palace,2,27,2526,3.9,0.0,0.0,0.21,Medium,0.0
Remi Matthews,Crystal Palace,2,28,2526,3.9,0.0,0.0,0.2,High,0.0
Remy Rees-Dottin,Bournemouth,3,26,2526,4.3,0.0,0.0,0.23,Medium,0.0
Remy Rees-Dottin,Bournemouth,3,27,2526,4.3,0.0,0.0,0.24,Medium,0.0
Remy Rees-Dottin,Bournemouth,3,28,2526,4.3,0.0,0.0,0.23,Medium,0.0
Rhys Williams,Liverpool,0,26,2526,3.7,0.0,0.0,0.21,Medium,0.0
Rhys Williams,Liverpool,0,27,2526,3.7,0.0,0.0,0.22,Medium,0.0
Rhys Williams,Liverpool,0,28,2526,3.7,0.0,0.0,0.22,Medium,0.0
Riccardo Calafiori,Arsenal,0,26,2526,5.6,0.6,0.0,1.34,Low,1.0
Riccardo Calafiori,Arsenal,0,26,2526,5.6,0.48,0.0,1.26,Low,0.0
Riccardo Calafiori,Arsenal,0,27,2526,5.6,0.25,0.0,0.84,Medium,0.0
Riccardo Calafiori,Arsenal,0,28,2526,5.6,0.2,0.0,0.71,Medium,1.0
Richarlison de Andrade,Spurs,1,26,2526,6.3,0.0,0.0,0.25,Medium,1.0
Richarlison de Andrade,Spurs,1,27,2526,6.3,1.37,0.19,2.55,Low,5.0
Richarlison de Andrade,Spurs,1,28,2526,6.3,1.25,0.27,2.24,Low,1.0
Rico Henry,Brentford,0,26,2526,4.3,1.42,0.71,2.13,Low,1.0
Rico Henry,Brentford,0,27,2526,4.3,1.33,0.73,1.92,Low,4.0
Rico Henry,Brentford,0,28,2526,4.3,1.43,0.61,2.26,Low,1.0
Rico Lewis,Man City,0,26,2526,4.6,0.0,0.0,0.27,Medium,0.0
Rico Lewis,Man City,0,27,2526,4.6,0.0,0.0,0.25,Medium,0.0
Rico Lewis,Man City,0,28,2526,4.6,0.0,0.0,0.27,Medium,0.0
Rio Cardines,Crystal Palace,3,26,2526,4.4,0.0,0.0,0.18,High,0.0
Rio Cardines,Crystal Palace,3,27,2526,4.4,0.0,0.0,0.22,Medium,0.0
Rio Cardines,Crystal Palace,3,28,2526,4.4,0.0,0.0,0.22,Medium,0.0
Rio Kyerematen,Spurs,3,26,2526,4.5,0.0,0.0,0.23,Medium,0.0
Rio Kyerematen,Spurs,3,27,2526,4.5,0.0,0.0,0.21,High,0.0
Rio Kyerematen,Spurs,3,28,2526,4.5,0.0,0.0,0.23,Medium,0.0
Rio Ngumoha,Liverpool,3,26,2526,4.3,0.0,0.0,0.4,Medium,1.0
Rio Ngumoha,Liverpool,3,27,2526,4.3,0.37,0.0,0.93,Low,1.0
Rio Ngumoha,Liverpool,3,28,2526,4.3,0.37,0.0,0.93,Low,1.0
Rob Holding,Crystal Palace,0,26,2526,4.0,0.0,0.0,0.17,High,0.0
Rob Holding,Crystal Palace,0,27,2526,4.0,0.0,0.0,0.19,High,0.0
Rob Holding,Crystal Palace,0,28,2526,4.0,0.0,0.0,0.19,High,0.0
Robert Lynch Sánchez,Chelsea,2,26,2526,4.9,1.85,1.05,2.64,Low,2.0
Robert Lynch Sánchez,Chelsea,2,27,2526,4.9,2.26,1.47,3.05,Low,2.0
Robert Lynch Sánchez,Chelsea,2,28,2526,4.9,2.05,1.44,2.66,Low,0.0
Robin Roefs,Sunderland,2,26,2526,5.0,2.58,0.87,4.29,Low,1.0
Robin Roefs,Sunderland,2,27,2526,4.9,1.87,1.05,2.69,Low,2.0
Robin Roefs,Sunderland,2,28,2526,4.9,2.36,1.31,3.41,Low,0.0
Rodrigo 'Rodri' Hernandez Cascante,Man City,3,26,2526,6.3,1.05,0.11,2.0,Low,6.0
Rodrigo 'Rodri' Hernandez Cascante,Man City,3,27,2526,6.3,1.45,0.49,2.41,Low,3.0
Rodrigo 'Rodri' Hernandez Cascante,Man City,3,28,2526,6.3,1.86,0.65,3.07,Low,9.0
Rodrigo Bentancur,Spurs,3,26,2526,5.3,0.0,0.0,0.23,Medium,0.0
Rodrigo Bentancur,Spurs,3,27,2526,5.3,0.0,0.0,0.19,High,0.0
Rodrigo Bentancur,Spurs,3,28,2526,5.3,0.0,0.0,0.2,High,0.0
Rodrigo Martins Gomes,Wolves,0,26,2526,4.4,0.78,0.22,1.34,Low,1.0
Rodrigo Martins Gomes,Wolves,0,26,2526,4.4,0.66,0.0,1.37,Low,0.0
Rodrigo Martins Gomes,Wolves,0,27,2526,4.4,0.02,0.0,0.4,Medium,7.0
Rodrigo Martins Gomes,Wolves,0,28,2526,4.4,0.15,0.0,0.76,Medium,7.0
Rodrigo Muniz Carvalho,Fulham,1,26,2526,5.3,0.82,0.0,1.66,Low,1.0
Rodrigo Muniz Carvalho,Fulham,1,27,2526,5.3,0.73,0.0,1.56,Low,1.0
Rodrigo Muniz Carvalho,Fulham,1,28,2526,5.3,0.69,0.0,1.53,Low,1.0
Romain Esse,Crystal Palace,3,26,2526,4.7,0.0,0.0,0.18,High,0.0
Romain Esse,Crystal Palace,3,27,2526,4.7,0.0,0.0,0.21,High,0.0
Romain Esse,Crystal Palace,3,28,2526,4.7,0.0,0.0,0.2,High,0.0
Romain Faivre,Bournemouth,3,26,2526,4.5,0.0,0.0,0.2,High,0.0
Romain Faivre,Bournemouth,3,27,2526,4.5,0.0,0.0,0.21,High,0.0
Romain Faivre,Bournemouth,3,28,2526,4.5,0.0,0.0,0.2,High,0.0
Romaine Mundle,Sunderland,3,26,2526,4.9,0.3,0.0,0.79,Medium,1.0
Romaine Mundle,Sunderland,3,27,2526,4.9,1.06,0.33,1.8,Low,0.0
Romaine Mundle,Sunderland,3,28,2526,4.9,0.0,0.0,0.3,Medium,0.0
Roman Dixon,Everton,0,26,2526,3.8,0.0,0.0,0.18,High,0.0
Roman Dixon,Everton,0,27,2526,3.8,0.0,0.0,0.19,High,0.0
Roman Dixon,Everton,0,28,2526,3.8,0.0,0.0,0.2,High,0.0
Romelle Donovan,Brentford,3,26,2526,4.4,0.0,0.0,0.29,Medium,1.0
Romelle Donovan,Brentford,3,27,2526,4.4,0.24,0.0,0.75,Medium,1.0
Romelle Donovan,Brentford,3,28,2526,4.4,0.49,0.0,1.1,Low,0.0
Roméo Lavia,Chelsea,3,26,2526,4.9,0.0,0.0,0.2,High,0.0
Roméo Lavia,Chelsea,3,27,2526,4.9,0.0,0.0,0.19,High,1.0
Roméo Lavia,Chelsea,3,28,2526,4.9,0.22,0.0,0.63,Medium,1.0
Ronnie Hollingshead,Aston Villa,2,26,2526,4.0,0.0,0.0,0.2,High,0.0
Ronnie Hollingshead,Aston Villa,2,27,2526,4.0,0.0,0.0,0.21,High,0.0
Ronnie Hollingshead,Aston Villa,2,28,2526,4.0,0.0,0.0,0.23,Medium,0.0
Ross Barkley,Aston Villa,3,26,2526,4.8,0.61,0.0,1.28,Low,1.0
Ross Barkley,Aston Villa,3,27,2526,4.8,0.67,0.03,1.31,Low,1.0
Ross Barkley,Aston Villa,3,28,2526,4.8,0.68,0.03,1.32,Low,1.0
Ryan Christie,Bournemouth,3,26,2526,4.9,1.02,0.29,1.74,Low,1.0
Ryan Christie,Bournemouth,3,27,2526,4.9,0.65,0.0,1.31,Low,0.0
Ryan Christie,Bournemouth,3,28,2526,4.9,0.96,0.35,1.57,Low,3.0
Ryan Gravenberch,Liverpool,3,26,2526,5.5,2.11,0.84,3.38,Low,3.0
Ryan Gravenberch,Liverpool,3,27,2526,5.5,2.29,0.74,3.85,Low,5.0
Ryan Gravenberch,Liverpool,3,28,2526,5.5,1.47,0.52,2.42,Low,0.0
Ryan McAidoo,Man City,3,26,2526,4.5,0.0,0.0,0.22,Medium,0.0
Ryan McAidoo,Man City,3,27,2526,4.5,0.0,0.0,0.22,Medium,0.0
Ryan McAidoo,Man City,3,28,2526,4.5,0.0,0.0,0.22,Medium,0.0
Ryan Sessegnon,Fulham,3,26,2526,5.4,1.84,0.89,2.79,Low,2.0
Ryan Sessegnon,Fulham,3,27,2526,5.4,1.77,0.51,3.04,Low,4.0
Ryan Sessegnon,Fulham,3,28,2526,5.4,1.72,0.84,2.61,Low,1.0
Ryan Trevitt,Brentford,3,26,2526,4.5,0.0,0.0,0.18,High,0.0
Ryan Trevitt,Brentford,3,27,2526,4.5,0.0,0.0,0.18,High,0.0
Ryan Trevitt,Brentford,3,28,2526,4.5,0.0,0.0,0.2,High,0.0
Ryan Yates,Nott'm Forest,3,26,2526,4.7,0.0,0.0,0.36,Medium,0.0
Ryan Yates,Nott'm Forest,3,27,2526,4.7,0.0,0.0,0.35,Medium,0.0
Ryan Yates,Nott'm Forest,3,28,2526,4.7,0.0,0.0,0.32,Medium,1.0
Rúben dos Santos Gato Alves Dias,Man City,0,26,2526,5.5,1.63,0.59,2.66,Low,0.0
Rúben dos Santos Gato Alves Dias,Man City,0,27,2526,5.5,1.02,0.23,1.82,Low,9.0
Rúben dos Santos Gato Alves Dias,Man City,0,28,2526,5.5,1.65,0.74,2.55,Low,1.0
Saheed Olagunju,Wolves,0,26,2526,4.0,0.0,0.0,0.23,Medium,0.0
Saheed Olagunju,Wolves,0,26,2526,4.0,0.0,0.0,0.2,High,0.0
Saheed Olagunju,Wolves,0,27,2526,4.0,0.0,0.0,0.23,Medium,0.0
Saheed Olagunju,Wolves,0,28,2526,4.0,0.0,0.0,0.21,High,0.0
Sam Alabi,Newcastle,3,26,2526,4.5,0.0,0.0,0.24,Medium,0.0
Sam Alabi,Newcastle,3,27,2526,4.5,0.0,0.0,0.23,Medium,0.0
Sam Alabi,Newcastle,3,28,2526,4.5,0.0,0.0,0.22,Medium,0.0
Sam Byram,Leeds,0,26,2526,3.8,0.0,0.0,0.2,High,0.0
Sam Byram,Leeds,0,27,2526,3.8,0.0,0.0,0.2,High,0.0
Sam Byram,Leeds,0,28,2526,3.8,0.0,0.0,0.2,High,0.0
Sam Chambers,Leeds,3,26,2526,4.4,0.0,0.0,0.23,Medium,0.0
Sam Chambers,Leeds,3,27,2526,4.4,0.0,0.0,0.23,Medium,0.0
Sam Chambers,Leeds,3,28,2526,4.4,0.0,0.0,0.24,Medium,0.0
Sam Greenwood,Leeds,3,26,2526,4.9,0.0,0.0,0.19,High,0.0
Sam Greenwood,Leeds,3,27,2526,4.9,0.0,0.0,0.19,High,0.0
Sam Greenwood,Leeds,3,28,2526,4.9,0.0,0.0,0.2,High,0.0
Sam Johnstone,Wolves,2,26,2526,4.4,0.0,0.0,0.23,Medium,0.0
Sam Johnstone,Wolves,2,26,2526,4.4,0.0,0.0,0.2,High,0.0
Sam Johnstone,Wolves,2,27,2526,4.4,0.0,0.0,0.23,Medium,0.0
Sam Johnstone,Wolves,2,28,2526,4.4,0.0,0.0,0.22,Medium,0.0
Sam Proctor,Aston Villa,2,26,2526,3.9,0.0,0.0,0.19,High,0.0
Sam Proctor,Aston Villa,2,27,2526,3.9,0.0,0.0,0.2,High,0.0
Sam Proctor,Aston Villa,2,28,2526,3.9,0.0,0.0,0.23,Medium,0.0
Samuel Amissah,Fulham,0,26,2526,3.8,0.0,0.0,0.21,Medium,0.0
Samuel Amissah,Fulham,0,27,2526,3.8,0.0,0.0,0.22,Medium,0.0
Samuel Amissah,Fulham,0,28,2526,3.8,0.0,0.0,0.21,High,0.0
Samuel Chukwueze,Fulham,3,26,2526,5.3,0.98,0.19,1.77,Low,0.0
Samuel Chukwueze,Fulham,3,27,2526,5.3,0.1,0.0,0.58,Medium,1.0
Samuel Chukwueze,Fulham,3,28,2526,5.3,0.64,0.0,1.39,Low,2.0
Samuel Iling-Junior,Aston Villa,3,26,2526,5.5,0.0,0.0,0.19,High,0.0
Samuel Iling-Junior,Aston Villa,3,27,2526,5.5,0.0,0.0,0.19,High,0.0
Samuel Iling-Junior,Aston Villa,3,28,2526,5.5,0.0,0.0,0.21,Medium,0.0
Sander Berge,Fulham,3,26,2526,4.9,1.19,0.45,1.94,Low,4.0
Sander Berge,Fulham,3,27,2526,4.9,1.98,0.8,3.16,Low,2.0
Sander Berge,Fulham,3,28,2526,4.9,1.46,0.47,2.46,Low,4.0
Sandro Tonali,Newcastle,3,26,2526,5.3,0.69,0.0,1.51,Low,2.0
Sandro Tonali,Newcastle,3,27,2526,5.3,1.74,0.62,2.86,Low,6.0
Sandro Tonali,Newcastle,3,28,2526,5.3,1.32,0.37,2.28,Low,2.0
Santiago Ignacio Bueno,Wolves,0,26,2526,4.4,1.33,0.48,2.17,Low,3.0
Santiago Ignacio Bueno,Wolves,0,26,2526,4.4,1.69,0.98,2.4,Low,2.0
Santiago Ignacio Bueno,Wolves,0,27,2526,4.4,1.58,0.98,2.19,Low,6.0
Santiago Ignacio Bueno,Wolves,0,28,2526,4.4,1.52,0.74,2.31,Low,1.0
Saša Kalajdžić,Wolves,1,26,2526,4.9,0.0,0.0,0.19,High,0.0
Saša Kalajdžić,Wolves,1,26,2526,4.9,0.0,0.0,0.17,High,0.0
Saša Kalajdžić,Wolves,1,27,2526,4.9,0.0,0.0,0.2,High,0.0
Saša Kalajdžić,Wolves,1,28,2526,4.9,0.0,0.0,0.19,High,0.0
Saša Lukić,Fulham,3,26,2526,4.9,0.0,0.0,0.23,Medium,0.0
Saša Lukić,Fulham,3,27,2526,4.9,0.0,0.0,0.23,Medium,0.0
Saša Lukić,Fulham,3,28,2526,4.9,0.0,0.0,0.21,Medium,0.0
Sean Longstaff,Leeds,3,26,2526,4.8,0.29,0.0,0.63,Medium,1.0
Sean Longstaff,Leeds,3,27,2526,4.8,0.39,0.0,0.98,Low,0.0
Sean Longstaff,Leeds,3,28,2526,4.8,0.03,0.0,0.45,Medium,0.0
Sean Neave,Newcastle,1,26,2526,4.3,0.0,0.0,0.23,Medium,0.0
Sean Neave,Newcastle,1,27,2526,4.3,0.0,0.0,0.23,Medium,0.0
Sean Neave,Newcastle,1,28,2526,4.3,0.0,0.0,0.21,High,0.0
Sebastiaan Bornauw,Leeds,0,26,2526,3.8,0.89,0.51,1.27,Medium,0.0
Sebastiaan Bornauw,Leeds,0,27,2526,3.8,0.0,0.0,0.32,Medium,0.0
Sebastiaan Bornauw,Leeds,0,28,2526,3.8,0.0,0.0,0.31,Medium,0.0
Senne Lammens,Man Utd,2,26,2526,5.0,1.49,0.55,2.43,Low,9.0
Senne Lammens,Man Utd,2,27,2526,5.0,1.66,0.37,2.94,Low,2.0
Senne Lammens,Man Utd,2,28,2526,5.0,1.52,0.61,2.43,Low,2.0
Sepp van den Berg,Brentford,0,26,2526,4.5,1.51,0.65,2.37,Low,3.0
Sepp van den Berg,Brentford,0,27,2526,4.5,2.18,1.06,3.3,Low,6.0
Sepp van den Berg,Brentford,0,28,2526,4.5,2.41,1.31,3.51,Low,6.0
Seth Ridgeon,Fulham,3,26,2526,4.5,0.0,0.0,0.24,Medium,0.0
Seth Ridgeon,Fulham,3,27,2526,4.5,0.0,0.0,0.24,Medium,0.0
Seth Ridgeon,Fulham,3,28,2526,4.5,0.0,0.0,0.23,Medium,0.0
Seung-Soo Park,Newcastle,3,26,2526,4.3,0.0,0.0,0.24,Medium,0.0
Seung-Soo Park,Newcastle,3,27,2526,4.3,0.0,0.0,0.24,Medium,0.0
Seung-Soo Park,Newcastle,3,28,2526,4.3,0.0,0.0,0.22,Medium,0.0
Shea Lacey,Man Utd,3,26,2526,4.5,0.0,0.0,0.26,Medium,0.0
Shea Lacey,Man Utd,3,27,2526,4.5,0.0,0.0,0.23,Medium,0.0
Shea Lacey,Man Utd,3,28,2526,4.5,0.0,0.0,0.23,Medium,0.0
Shurandy Sambo,Burnley,0,26,2526,4.0,0.0,0.0,0.19,High,0.0
Shurandy Sambo,Burnley,0,27,2526,4.0,0.0,0.0,0.18,High,0.0
Shurandy Sambo,Burnley,0,28,2526,4.0,0.0,0.0,0.18,High,0.0
Simon Adingra,Sunderland,3,26,2526,4.9,0.0,0.0,0.21,Medium,0.0
Simon Adingra,Sunderland,3,27,2526,4.9,0.0,0.0,0.2,High,0.0
Simon Adingra,Sunderland,3,28,2526,4.9,0.0,0.0,0.2,High,0.0
Simon Moore,Sunderland,2,26,2526,3.9,0.0,0.0,0.19,High,0.0
Simon Moore,Sunderland,2,27,2526,3.9,0.0,0.0,0.2,High,0.0
Simon Moore,Sunderland,2,28,2526,3.9,0.0,0.0,0.2,High,0.0
Solly March,Brighton,3,26,2526,5.8,0.0,0.0,0.2,High,0.0
Solly March,Brighton,3,27,2526,5.8,0.0,0.0,0.21,Medium,1.0
Solly March,Brighton,3,28,2526,5.8,0.0,0.0,0.34,Medium,0.0
Son Heung-min,Spurs,3,26,2526,8.5,0.0,0.0,0.18,High,0.0
Son Heung-min,Spurs,3,27,2526,8.5,0.0,0.0,0.16,High,0.0
Son Heung-min,Spurs,3,28,2526,8.5,0.0,0.0,0.22,Medium,0.0
Soungoutou Magassa,West Ham,3,26,2526,5.0,0.26,0.0,0.75,Medium,3.0
Soungoutou Magassa,West Ham,3,27,2526,5.0,1.15,0.33,1.96,Low,1.0
Soungoutou Magassa,West Ham,3,28,2526,5.0,1.26,0.58,1.93,Low,1.0
Stefan Bajčetić Maquieira,Liverpool,3,26,2526,4.3,0.0,0.0,0.23,Medium,0.0
Stefan Bajčetić Maquieira,Liverpool,3,27,2526,4.3,0.0,0.0,0.22,Medium,0.0
Stefan Bajčetić Maquieira,Liverpool,3,28,2526,4.3,0.0,0.0,0.25,Medium,0.0
Stefan Ortega Moreno,Nott'm Forest,2,26,2526,4.7,1.16,0.24,2.08,Low,3.0
Stefan Ortega Moreno,Nott'm Forest,2,27,2526,4.7,1.22,0.41,2.03,Low,0.0
Stefan Ortega Moreno,Nott'm Forest,2,28,2526,4.7,0.19,0.0,0.71,Medium,0.0
Stefanos Tzimas,Brighton,1,26,2526,5.2,0.0,0.0,0.21,High,0.0
Stefanos Tzimas,Brighton,1,27,2526,5.2,0.0,0.0,0.21,Medium,0.0
Stefanos Tzimas,Brighton,1,28,2526,5.2,0.0,0.0,0.22,Medium,0.0
Stephen Mfuni,Man City,0,26,2526,3.9,0.0,0.0,0.2,High,0.0
Stephen Mfuni,Man City,0,27,2526,3.9,0.0,0.0,0.2,High,0.0
Stephen Mfuni,Man City,0,28,2526,3.9,0.0,0.0,0.2,High,0.0
Steven Benda,Fulham,2,26,2526,4.0,0.0,0.0,0.2,High,0.0
Steven Benda,Fulham,2,27,2526,4.0,0.0,0.0,0.2,High,0.0
Steven Benda,Fulham,2,28,2526,4.0,0.0,0.0,0.2,High,0.0
Sven Botman,Newcastle,0,26,2526,4.9,1.8,0.8,2.8,Low,0.0
Sven Botman,Newcastle,0,27,2526,4.9,0.14,0.0,0.6,Medium,0.0
Sven Botman,Newcastle,0,28,2526,4.9,0.13,0.0,0.56,Medium,1.0
Sverre Nypan,Man City,3,26,2526,5.0,0.0,0.0,0.23,Medium,0.0
Sverre Nypan,Man City,3,27,2526,5.0,0.0,0.0,0.23,Medium,0.0
Sverre Nypan,Man City,3,28,2526,5.0,0.0,0.0,0.22,Medium,0.0
Sávio Moreira de Oliveira,Man City,3,26,2526,6.9,0.0,0.0,0.23,Medium,0.0
Sávio Moreira de Oliveira,Man City,3,27,2526,6.9,0.0,0.0,0.27,Medium,0.0
Sávio Moreira de Oliveira,Man City,3,28,2526,6.9,0.77,0.22,1.33,Low,1.0
Séamus Coleman,Everton,0,26,2526,4.2,0.0,0.0,0.21,Medium,0.0
Séamus Coleman,Everton,0,27,2526,4.2,0.0,0.0,0.22,Medium,0.0
Séamus Coleman,Everton,0,28,2526,4.2,0.0,0.0,0.23,Medium,0.0
Sékou Koné,Man Utd,3,26,2526,4.3,0.0,0.0,0.21,High,0.0
Sékou Koné,Man Utd,3,27,2526,4.3,0.0,0.0,0.2,High,0.0
Sékou Koné,Man Utd,3,28,2526,4.3,0.0,0.0,0.2,High,0.0
TJ Carroll,Aston Villa,0,26,2526,4.0,0.0,0.0,0.21,Medium,0.0
TJ Carroll,Aston Villa,0,27,2526,4.0,0.0,0.0,0.22,Medium,0.0
TJ Carroll,Aston Villa,0,28,2526,4.0,0.0,0.0,0.23,Medium,0.0
Taiwo Awoniyi,Nott'm Forest,1,26,2526,5.2,0.04,0.0,0.46,Medium,0.0
Taiwo Awoniyi,Nott'm Forest,1,27,2526,5.2,0.0,0.0,0.35,Medium,1.0
Taiwo Awoniyi,Nott'm Forest,1,28,2526,5.2,0.23,0.0,0.76,Medium,1.0
Takai Kōta,Spurs,0,26,2526,4.0,0.0,0.0,0.19,High,0.0
Takai Kōta,Spurs,0,27,2526,4.0,0.0,0.0,0.17,High,0.0
Takai Kōta,Spurs,0,28,2526,4.0,0.0,0.0,0.19,High,0.0
Tammy Abraham,Aston Villa,1,26,2526,6.0,0.53,0.0,1.24,Low,7.0
Tammy Abraham,Aston Villa,1,27,2526,6.0,0.41,0.0,1.31,Low,1.0
Tammy Abraham,Aston Villa,1,28,2526,6.0,0.71,0.0,1.51,Low,1.0
Tanaka Ao,Leeds,3,26,2526,4.8,0.02,0.0,0.43,Medium,0.0
Tanaka Ao,Leeds,3,27,2526,4.8,0.0,0.0,0.33,Medium,0.0
Tanaka Ao,Leeds,3,28,2526,4.8,0.0,0.0,0.29,Medium,0.0
Tariq Lamptey,Brighton,0,26,2526,4.4,0.0,0.0,0.19,High,0.0
Tariq Lamptey,Brighton,0,27,2526,4.4,0.0,0.0,0.19,High,0.0
Tariq Lamptey,Brighton,0,28,2526,4.4,0.0,0.0,0.19,High,0.0
Tawanda Chirewa,Wolves,3,26,2526,4.3,0.0,0.0,0.2,High,0.0
Tawanda Chirewa,Wolves,3,26,2526,4.3,0.0,0.0,0.17,High,0.0
Tawanda Chirewa,Wolves,3,27,2526,4.3,0.0,0.0,0.2,High,0.0
Tawanda Chirewa,Wolves,3,28,2526,4.3,0.0,0.0,0.19,High,0.0
Teddy Sharman-Lowe,Chelsea,2,26,2526,4.0,0.0,0.0,0.21,Medium,0.0
Teddy Sharman-Lowe,Chelsea,2,27,2526,4.0,0.0,0.0,0.21,High,0.0
Teddy Sharman-Lowe,Chelsea,2,28,2526,4.0,0.0,0.0,0.22,Medium,0.0
Temple Ojinnaka,Wolves,3,26,2526,4.5,0.0,0.0,0.22,Medium,0.0
Temple Ojinnaka,Wolves,3,26,2526,4.5,0.0,0.0,0.2,High,0.0
Temple Ojinnaka,Wolves,3,27,2526,4.5,0.0,0.0,0.21,Medium,0.0
Temple Ojinnaka,Wolves,3,28,2526,4.5,0.0,0.0,0.21,Medium,0.0
Thierno Barry,Everton,1,26,2526,5.7,1.4,0.04,2.76,Low,2.0
Thierno Barry,Everton,1,27,2526,5.7,1.57,0.47,2.68,Low,6.0
Thierno Barry,Everton,1,28,2526,5.7,1.8,0.0,3.95,Low,1.0
Tijjani Reijnders,Man City,3,26,2526,5.1,1.14,0.15,2.12,Low,0.0
Tijjani Reijnders,Man City,3,27,2526,5.1,0.28,0.0,0.84,Medium,1.0
Tijjani Reijnders,Man City,3,28,2526,5.0,1.0,0.0,2.04,Low,0.0
Tim Iroegbunam,Everton,3,26,2526,4.8,0.05,0.0,0.46,Medium,2.0
Tim Iroegbunam,Everton,3,27,2526,4.8,1.1,0.34,1.86,Low,0.0
Tim Iroegbunam,Everton,3,28,2526,4.8,0.0,0.0,0.38,Medium,1.0
Timothy Castagne,Fulham,0,26,2526,4.3,0.11,0.0,0.57,Medium,1.0
Timothy Castagne,Fulham,0,27,2526,4.3,0.19,0.0,0.76,Medium,0.0
Timothy Castagne,Fulham,0,28,2526,4.3,0.0,0.0,0.34,Medium,1.0
Timothée Pembélé,Sunderland,0,26,2526,3.9,0.0,0.0,0.18,High,0.0
Timothée Pembélé,Sunderland,0,27,2526,3.9,0.0,0.0,0.18,High,0.0
Timothée Pembélé,Sunderland,0,28,2526,3.9,0.0,0.0,0.18,High,0.0
Tino Livramento,Newcastle,0,26,2526,4.9,0.0,0.0,0.24,Medium,0.0
Tino Livramento,Newcastle,0,27,2526,4.9,0.0,0.0,0.21,Medium,0.0
Tino Livramento,Newcastle,0,28,2526,4.9,0.0,0.0,0.21,High,0.0
Toby Collyer,Man Utd,3,26,2526,4.5,0.0,0.0,0.21,High,0.0
Toby Collyer,Man Utd,3,27,2526,4.5,0.0,0.0,0.2,High,0.0
Toby Collyer,Man Utd,3,28,2526,4.5,0.0,0.0,0.2,High,0.0
Tolu Arokodare,Wolves,1,26,2526,5.4,1.7,0.36,3.03,Low,2.0
Tolu Arokodare,Wolves,1,26,2526,5.4,1.58,0.72,2.44,Low,0.0
Tolu Arokodare,Wolves,1,27,2526,5.4,1.78,1.3,2.26,Low,1.0
Tolu Arokodare,Wolves,1,28,2526,5.4,0.38,0.0,0.95,Low,4.0
Tom Cairney,Fulham,3,26,2526,4.8,0.0,0.0,0.32,Medium,1.0
Tom Cairney,Fulham,3,27,2526,4.8,0.07,0.0,0.52,Medium,0.0
Tom Cairney,Fulham,3,28,2526,4.8,0.62,0.15,1.08,Low,3.0
Tom Edozie,Wolves,3,26,2526,4.3,0.0,0.0,0.24,Medium,6.0
Tom Edozie,Wolves,3,26,2526,4.3,0.15,0.0,0.67,Medium,0.0
Tom Edozie,Wolves,3,27,2526,4.3,0.02,0.0,0.41,Medium,0.0
Tom Edozie,Wolves,3,28,2526,4.3,0.0,0.0,0.37,Medium,0.0
Tom Heaton,Man Utd,2,26,2526,3.9,0.0,0.0,0.21,Medium,0.0
Tom Heaton,Man Utd,2,27,2526,3.9,0.0,0.0,0.2,High,0.0
Tom Heaton,Man Utd,2,28,2526,3.9,0.0,0.0,0.21,High,0.0
Tom King,Everton,2,26,2526,3.9,0.0,0.0,0.18,High,0.0
Tom King,Everton,2,27,2526,3.9,0.0,0.0,0.2,High,0.0
Tom King,Everton,2,28,2526,3.9,0.0,0.0,0.22,Medium,0.0
Tom McGill,Brighton,2,26,2526,3.9,0.0,0.0,0.21,Medium,0.0
Tom McGill,Brighton,2,27,2526,3.9,0.0,0.0,0.21,High,0.0
Tom McGill,Brighton,2,28,2526,3.9,0.0,0.0,0.21,High,0.0
Tom Watson,Brighton,3,26,2526,4.8,0.0,0.0,0.2,High,0.0
Tom Watson,Brighton,3,27,2526,4.8,0.0,0.0,0.19,High,0.0
Tom Watson,Brighton,3,28,2526,4.8,0.0,0.0,0.2,High,0.0
Tommy Setford,Arsenal,2,26,2526,3.9,0.0,0.0,0.2,High,0.0
Tommy Setford,Arsenal,2,26,2526,3.9,0.0,0.0,0.21,Medium,0.0
Tommy Setford,Arsenal,2,27,2526,3.9,0.0,0.0,0.23,Medium,0.0
Tommy Setford,Arsenal,2,28,2526,3.9,0.0,0.0,0.21,High,0.0
Tomáš Souček,West Ham,3,26,2526,5.7,1.42,0.36,2.47,Low,2.0
Tomáš Souček,West Ham,3,27,2526,5.7,1.37,0.54,2.21,Low,7.0
Tomáš Souček,West Ham,3,28,2526,5.7,1.9,0.67,3.14,Low,3.0
Tosin Adarabioyo,Chelsea,0,26,2526,4.0,0.0,0.0,0.23,Medium,1.0
Tosin Adarabioyo,Chelsea,0,27,2526,4.0,0.24,0.0,0.66,Medium,1.0
Tosin Adarabioyo,Chelsea,0,28,2526,4.0,0.01,0.0,0.36,Medium,1.0
Toti Gomes,Wolves,0,26,2526,4.2,0.0,0.0,0.2,High,0.0
Toti Gomes,Wolves,0,26,2526,4.2,0.0,0.0,0.17,High,0.0
Toti Gomes,Wolves,0,27,2526,4.2,0.0,0.0,0.2,High,8.0
Toti Gomes,Wolves,0,28,2526,4.2,1.31,0.72,1.9,Low,0.0
Trai Hume,Sunderland,0,26,2526,4.5,1.34,0.52,2.17,Low,1.0
Trai Hume,Sunderland,0,27,2526,4.5,1.44,0.7,2.18,Low,2.0
Trai Hume,Sunderland,0,28,2526,4.5,1.36,0.72,2.0,Low,8.0
Travis Patterson,Aston Villa,0,26,2526,3.9,0.0,0.0,0.19,High,0.0
Travis Patterson,Aston Villa,0,27,2526,3.9,0.0,0.0,0.2,High,0.0
Travis Patterson,Aston Villa,0,28,2526,3.9,0.0,0.0,0.22,Medium,0.0
Trevoh Chalobah,Chelsea,0,26,2526,5.8,2.68,1.89,3.47,Low,2.0
Trevoh Chalobah,Chelsea,0,27,2526,5.8,2.64,1.92,3.37,Low,1.0
Trevoh Chalobah,Chelsea,0,28,2526,5.7,2.42,1.42,3.43,Low,2.0
Trey Nyoni,Liverpool,3,26,2526,4.3,0.0,0.0,0.24,Medium,0.0
Trey Nyoni,Liverpool,3,27,2526,4.3,0.0,0.0,0.24,Medium,1.0
Trey Nyoni,Liverpool,3,28,2526,4.3,0.0,0.0,0.36,Medium,0.0
Triston Rowe,Aston Villa,0,26,2526,4.0,0.0,0.0,0.18,High,0.0
Triston Rowe,Aston Villa,0,27,2526,4.0,0.0,0.0,0.18,High,0.0
Triston Rowe,Aston Villa,0,28,2526,4.0,0.0,0.0,0.2,High,0.0
Tyler Adams,Bournemouth,3,26,2526,4.9,0.0,0.0,0.22,Medium,5.0
Tyler Adams,Bournemouth,3,27,2526,4.9,0.94,0.19,1.68,Low,1.0
Tyler Adams,Bournemouth,3,28,2526,4.9,1.0,0.47,1.53,Low,4.0
Tyler Dibling,Everton,3,26,2526,5.3,0.0,0.0,0.33,Medium,0.0
Tyler Dibling,Everton,3,27,2526,5.3,0.0,0.0,0.29,Medium,0.0
Tyler Dibling,Everton,3,28,2526,5.3,0.0,0.0,0.25,Medium,1.0
Tyler Fletcher,Man Utd,3,26,2526,4.4,0.0,0.0,0.28,Medium,0.0
Tyler Fletcher,Man Utd,3,27,2526,4.4,0.0,0.0,0.27,Medium,0.0
Tyler Fletcher,Man Utd,3,28,2526,4.4,0.0,0.0,0.27,Medium,0.0
Tyler Fredricson,Man Utd,0,26,2526,3.8,0.0,0.0,0.21,High,0.0
Tyler Fredricson,Man Utd,0,27,2526,3.8,0.0,0.0,0.2,High,0.0
Tyler Fredricson,Man Utd,0,28,2526,3.8,0.0,0.0,0.2,High,0.0
Tyler Morton,Liverpool,3,26,2526,4.5,0.0,0.0,0.2,High,0.0
Tyler Morton,Liverpool,3,27,2526,4.5,0.0,0.0,0.2,High,0.0
Tyler Morton,Liverpool,3,28,2526,4.5,0.0,0.0,0.23,Medium,0.0
Tyler Onyango,Everton,3,26,2526,4.5,0.0,0.0,0.18,High,0.0
Tyler Onyango,Everton,3,27,2526,4.5,0.0,0.0,0.2,High,0.0
Tyler Onyango,Everton,3,28,2526,4.5,0.0,0.0,0.21,High,0.0
Tymur Tutierov,Sunderland,3,26,2526,4.5,0.0,0.0,0.21,High,0.0
Tymur Tutierov,Sunderland,3,27,2526,4.5,0.0,0.0,0.2,High,0.0
Tymur Tutierov,Sunderland,3,28,2526,4.5,0.0,0.0,0.2,High,0.0
Tyrell Malacia,Man Utd,0,26,2526,3.8,0.0,0.0,0.22,Medium,0.0
Tyrell Malacia,Man Utd,0,27,2526,3.8,0.0,0.0,0.21,Medium,0.0
Tyrell Malacia,Man Utd,0,28,2526,3.8,0.0,0.0,0.2,High,1.0
Tyrick Mitchell,Crystal Palace,0,26,2526,5.0,1.63,0.8,2.47,Low,11.0
Tyrick Mitchell,Crystal Palace,0,27,2526,5.0,1.57,0.01,3.13,Low,1.0
Tyrick Mitchell,Crystal Palace,0,28,2526,5.0,2.03,0.75,3.32,Low,2.0
Tyrique George,Everton,3,26,2526,4.8,0.79,0.05,1.52,Low,1.0
Tyrique George,Everton,3,27,2526,4.8,0.51,0.0,1.12,Low,0.0
Tyrique George,Everton,3,28,2526,4.8,0.02,0.0,0.46,Medium,1.0
Tyrone Mings,Aston Villa,0,26,2526,4.3,1.12,0.0,2.37,Low,2.0
Tyrone Mings,Aston Villa,0,27,2526,4.3,1.84,0.78,2.91,Low,0.0
Tyrone Mings,Aston Villa,0,28,2526,4.3,0.25,0.0,0.81,Medium,0.0
Valentín Castellanos,West Ham,1,26,2526,5.5,1.02,0.05,1.99,Low,2.0
Valentín Castellanos,West Ham,1,27,2526,5.5,1.78,0.57,2.98,Low,7.0
Valentín Castellanos,West Ham,1,28,2526,5.5,1.67,0.37,2.97,Low,2.0
Veljko Milosavljevic,Bournemouth,0,26,2526,4.4,0.0,0.0,0.25,Medium,0.0
Veljko Milosavljevic,Bournemouth,0,27,2526,4.4,0.0,0.0,0.25,Medium,0.0
Veljko Milosavljevic,Bournemouth,0,28,2526,4.4,0.0,0.0,0.22,Medium,0.0
Victor Lindelöf,Aston Villa,0,26,2526,4.5,0.08,0.0,0.45,Medium,0.0
Victor Lindelöf,Aston Villa,0,27,2526,4.5,0.0,0.0,0.27,Medium,0.0
Victor Lindelöf,Aston Villa,0,28,2526,4.5,0.0,0.0,0.29,Medium,0.0
Viktor Gyökeres,Arsenal,1,26,2526,8.8,2.86,1.94,3.78,Low,2.0
Viktor Gyökeres,Arsenal,1,26,2526,8.8,2.04,0.83,3.25,Low,13.0
Viktor Gyökeres,Arsenal,1,27,2526,8.8,3.27,0.0,6.54,Low,2.0
Viktor Gyökeres,Arsenal,1,28,2526,8.8,2.27,0.59,3.95,Low,1.0
Virgil van Dijk,Liverpool,0,26,2526,5.9,2.19,1.05,3.33,Low,11.0
Virgil van Dijk,Liverpool,0,27,2526,5.9,2.9,1.69,4.12,Low,7.0
Virgil van Dijk,Liverpool,0,28,2526,6.0,3.01,2.8,3.22,Medium,1.0
Vitalii Mykolenko,Everton,0,26,2526,4.9,1.44,0.67,2.21,Low,0.0
Vitalii Mykolenko,Everton,0,27,2526,4.9,0.16,0.0,0.65,Medium,3.0
Vitalii Mykolenko,Everton,0,28,2526,4.9,1.77,0.8,2.75,Low,6.0
Vitaly Janelt,Brentford,3,26,2526,4.9,1.79,1.19,2.39,Low,1.0
Vitaly Janelt,Brentford,3,27,2526,4.9,0.77,0.17,1.38,Low,0.0
Vitaly Janelt,Brentford,3,28,2526,4.9,0.34,0.0,1.05,Low,0.0
Vitor de Oliveira Nunes dos Reis,Man City,0,26,2526,5.0,0.0,0.0,0.19,High,0.0
Vitor de Oliveira Nunes dos Reis,Man City,0,27,2526,5.0,0.0,0.0,0.2,High,0.0
Vitor de Oliveira Nunes dos Reis,Man City,0,28,2526,5.0,0.0,0.0,0.2,High,0.0
Václav Hladký,Burnley,2,26,2526,3.9,0.0,0.0,0.21,High,0.0
Václav Hladký,Burnley,2,27,2526,3.9,0.0,0.0,0.2,High,0.0
Václav Hladký,Burnley,2,28,2526,3.9,0.0,0.0,0.2,High,0.0
Walter Benítez,Crystal Palace,2,26,2526,4.0,0.0,0.0,0.19,High,0.0
Walter Benítez,Crystal Palace,2,27,2526,4.0,0.0,0.0,0.2,High,0.0
Walter Benítez,Crystal Palace,2,28,2526,4.0,0.0,0.0,0.22,Medium,0.0
Wellity Lucky,Liverpool,0,26,2526,4.0,0.0,0.0,0.23,Medium,0.0
Wellity Lucky,Liverpool,0,27,2526,4.0,0.0,0.0,0.22,Medium,0.0
Wellity Lucky,Liverpool,0,28,2526,4.0,0.0,0.0,0.23,Medium,0.0
Wes Foderingham,West Ham,2,26,2526,4.0,0.0,0.0,0.19,High,0.0
Wes Foderingham,West Ham,2,27,2526,4.0,0.0,0.0,0.18,High,0.0
Wes Foderingham,West Ham,2,28,2526,4.0,0.0,0.0,0.19,High,0.0
Wesley Fofana,Chelsea,0,26,2526,4.4,0.48,0.0,1.15,Low,-1.0
Wesley Fofana,Chelsea,0,27,2526,4.4,0.11,0.0,0.22,Medium,0.0
Wesley Fofana,Chelsea,0,28,2526,4.4,0.04,0.0,0.41,Medium,2.0
Wilfried Gnonto,Leeds,3,26,2526,5.2,0.0,0.0,0.37,Medium,0.0
Wilfried Gnonto,Leeds,3,27,2526,5.2,0.0,0.0,0.34,Medium,1.0
Wilfried Gnonto,Leeds,3,28,2526,5.2,0.3,0.0,0.79,Medium,0.0
Will Dennis,Bournemouth,2,26,2526,4.0,0.0,0.0,0.19,High,0.0
Will Dennis,Bournemouth,2,27,2526,4.0,0.0,0.0,0.2,High,0.0
Will Dennis,Bournemouth,2,28,2526,4.0,0.0,0.0,0.19,High,0.0
Will Hughes,Crystal Palace,3,26,2526,4.7,0.69,0.0,1.4,Low,0.0
Will Hughes,Crystal Palace,3,27,2526,4.7,0.76,0.23,1.3,Low,1.0
Will Hughes,Crystal Palace,3,28,2526,4.7,0.67,0.0,1.36,Low,1.0
Will Lankshear,Spurs,1,26,2526,4.5,0.0,0.0,0.19,High,0.0
Will Lankshear,Spurs,1,27,2526,4.5,0.0,0.0,0.17,High,0.0
Will Lankshear,Spurs,1,28,2526,4.5,0.0,0.0,0.19,High,0.0
William Osula,Newcastle,1,26,2526,5.4,0.14,0.0,0.68,Medium,1.0
William Osula,Newcastle,1,27,2526,5.4,0.34,0.0,0.93,Low,1.0
William Osula,Newcastle,1,28,2526,5.4,0.2,0.0,0.75,Medium,7.0
William Saliba,Arsenal,0,26,2526,6.1,0.61,0.17,1.05,Low,1.0
William Saliba,Arsenal,0,26,2526,6.1,2.8,1.22,4.37,Low,2.0
William Saliba,Arsenal,0,27,2526,6.1,2.19,1.34,3.04,Low,10.0
William Saliba,Arsenal,0,28,2526,6.1,1.85,0.72,2.98,Low,0.0
Willy Boly,Nott'm Forest,0,26,2526,3.8,0.0,0.0,0.21,High,0.0
Willy Boly,Nott'm Forest,0,27,2526,3.8,0.0,0.0,0.2,High,0.0
Willy Boly,Nott'm Forest,0,28,2526,3.8,0.0,0.0,0.2,High,0.0
Wilson Isidor,Sunderland,1,26,2526,5.1,0.23,0.0,0.87,Low,1.0
Wilson Isidor,Sunderland,1,27,2526,5.1,0.74,0.0,1.53,Low,1.0
Wilson Isidor,Sunderland,1,28,2526,5.1,0.26,0.0,0.89,Low,4.0
Wilson Odobert,Spurs,3,26,2526,5.3,0.48,0.0,1.22,Low,0.0
Wilson Odobert,Spurs,3,27,2526,5.3,0.0,0.0,0.3,Medium,0.0
Wilson Odobert,Spurs,3,28,2526,5.3,0.0,0.0,0.29,Medium,0.0
Xavi Simons,Spurs,3,26,2526,6.5,2.02,1.19,2.84,Low,2.0
Xavi Simons,Spurs,3,27,2526,6.5,1.87,0.7,3.03,Low,1.0
Xavi Simons,Spurs,3,28,2526,6.5,1.06,0.27,1.85,Low,1.0
Yang Min-hyeok,Spurs,3,26,2526,4.5,0.0,0.0,0.2,High,0.0
Yang Min-hyeok,Spurs,3,27,2526,4.5,0.0,0.0,0.18,High,0.0
Yang Min-hyeok,Spurs,3,28,2526,4.5,0.0,0.0,0.2,High,0.0
Yankuba Minteh,Brighton,3,26,2526,5.6,0.49,0.0,1.18,Low,0.0
Yankuba Minteh,Brighton,3,27,2526,5.6,0.19,0.0,0.78,Medium,0.0
Yankuba Minteh,Brighton,3,28,2526,5.6,0.13,0.0,0.68,Medium,1.0
Yasin Ayari,Brighton,3,26,2526,4.8,0.15,0.0,0.51,Medium,0.0
Yasin Ayari,Brighton,3,27,2526,4.8,0.07,0.0,0.46,Medium,0.0
Yasin Ayari,Brighton,3,28,2526,4.8,0.0,0.0,0.33,Medium,0.0
Yasin Özcan,Aston Villa,0,26,2526,4.0,0.0,0.0,0.18,High,0.0
Yasin Özcan,Aston Villa,0,27,2526,4.0,0.0,0.0,0.18,High,0.0
Yasin Özcan,Aston Villa,0,28,2526,4.0,0.0,0.0,0.2,High,0.0
Yehor Yarmoliuk,Brentford,3,26,2526,5.0,0.93,0.28,1.58,Low,0.0
Yehor Yarmoliuk,Brentford,3,27,2526,5.0,1.25,0.61,1.89,Low,1.0
Yehor Yarmoliuk,Brentford,3,28,2526,5.0,1.3,0.94,1.66,Medium,1.0
Yerson Mosquera Valdelamar,Wolves,0,26,2526,4.3,1.47,0.63,2.3,Low,3.0
Yerson Mosquera Valdelamar,Wolves,0,26,2526,4.3,1.48,0.92,2.04,Low,4.0
Yerson Mosquera Valdelamar,Wolves,0,27,2526,4.3,1.66,0.94,2.37,Low,9.0
Yerson Mosquera Valdelamar,Wolves,0,28,2526,4.3,1.52,0.75,2.29,Low,1.0
Yoane Wissa,Newcastle,1,26,2526,7.3,0.19,0.0,0.76,Medium,0.0
Yoane Wissa,Newcastle,1,27,2526,7.3,0.09,0.0,0.54,Medium,1.0
Yoane Wissa,Newcastle,1,28,2526,7.3,0.46,0.0,1.05,Low,0.0
Youri Tielemans,Aston Villa,3,26,2526,5.9,0.0,0.0,0.31,Medium,0.0
Youri Tielemans,Aston Villa,3,27,2526,5.9,0.0,0.0,0.26,Medium,0.0
Youri Tielemans,Aston Villa,3,28,2526,5.9,0.0,0.0,0.29,Medium,0.0
Youssef Ramalho Chermiti,Everton,1,26,2526,4.9,0.0,0.0,0.18,High,0.0
Youssef Ramalho Chermiti,Everton,1,27,2526,4.9,0.0,0.0,0.19,High,0.0
Youssef Ramalho Chermiti,Everton,1,28,2526,4.9,0.0,0.0,0.2,High,0.0
Yunus Emre Konak,Brentford,3,26,2526,4.3,0.0,0.0,0.18,High,0.0
Yunus Emre Konak,Brentford,3,27,2526,4.3,0.0,0.0,0.18,High,0.0
Yunus Emre Konak,Brentford,3,28,2526,4.3,0.0,0.0,0.2,High,0.0
Yusuf Akhamrich,Spurs,3,26,2526,4.5,0.0,0.0,0.2,High,0.0
Yusuf Akhamrich,Spurs,3,27,2526,4.5,0.0,0.0,0.19,High,0.0
Yusuf Akhamrich,Spurs,3,28,2526,4.5,0.0,0.0,0.2,High,0.0
Yves Bissouma,Spurs,3,26,2526,5.2,0.6,0.0,1.29,Low,3.0
Yves Bissouma,Spurs,3,27,2526,5.2,2.25,1.66,2.83,Low,2.0
Yves Bissouma,Spurs,3,28,2526,5.2,1.39,0.47,2.3,Low,0.0
Yéremy Pino Santos,Crystal Palace,3,26,2526,5.8,0.78,0.0,1.66,Low,3.0
Yéremy Pino Santos,Crystal Palace,3,27,2526,5.8,1.2,0.15,2.26,Low,1.0
Yéremy Pino Santos,Crystal Palace,3,28,2526,5.8,0.37,0.0,1.01,Low,0.0
Zach Abbott,Nott'm Forest,0,26,2526,3.8,0.0,0.0,0.26,Medium,0.0
Zach Abbott,Nott'm Forest,0,27,2526,3.8,0.0,0.0,0.26,Medium,0.0
Zach Abbott,Nott'm Forest,0,28,2526,3.8,0.0,0.0,0.26,Medium,0.0
Zach Marsh,Crystal Palace,1,26,2526,4.4,0.0,0.0,0.22,Medium,0.0
Zach Marsh,Crystal Palace,1,27,2526,4.4,0.0,0.0,0.22,Medium,0.0
Zach Marsh,Crystal Palace,1,28,2526,4.4,0.0,0.0,0.24,Medium,0.0
Zain Silcott-Duberry,Bournemouth,3,26,2526,4.4,0.0,0.0,0.2,High,0.0
Zain Silcott-Duberry,Bournemouth,3,27,2526,4.4,0.0,0.0,0.21,High,0.0
Zain Silcott-Duberry,Bournemouth,3,28,2526,4.4,0.0,0.0,0.2,High,0.0
Zak Johnson,Sunderland,0,26,2526,3.8,0.0,0.0,0.18,High,0.0
Zak Johnson,Sunderland,0,27,2526,3.8,0.0,0.0,0.18,High,0.0
Zak Johnson,Sunderland,0,28,2526,3.8,0.0,0.0,0.18,High,0.0
Zeki Amdouni,Burnley,1,26,2526,4.8,0.0,0.0,0.22,Medium,0.0
Zeki Amdouni,Burnley,1,27,2526,4.8,0.0,0.0,0.23,Medium,0.0
Zeki Amdouni,Burnley,1,28,2526,4.8,0.0,0.0,0.25,Medium,0.0
Zian Flemming,Burnley,1,26,2526,5.3,1.07,0.31,1.82,Low,9.0
Zian Flemming,Burnley,1,27,2526,5.3,1.17,0.0,2.44,Low,6.0
Zian Flemming,Burnley,1,28,2526,5.3,1.62,0.76,2.48,Low,0.0
Zépiqueno Redmond,Aston Villa,1,26,2526,4.5,0.0,0.0,0.18,High,0.0
Zépiqueno Redmond,Aston Villa,1,27,2526,4.5,0.0,0.0,0.19,High,0.0
Zépiqueno Redmond,Aston Villa,1,28,2526,4.5,0.0,0.0,0.21,Medium,0.0
Álex Jiménez Sánchez,Bournemouth,0,26,2526,4.5,1.7,1.49,1.91,Medium,6.0
Álex Jiménez Sánchez,Bournemouth,0,27,2526,4.5,1.28,0.59,1.97,Low,2.0
Álex Jiménez Sánchez,Bournemouth,0,28,2526,4.5,1.55,0.73,2.37,Low,8.0
Álex Moreno Lopera,Aston Villa,0,26,2526,4.0,0.0,0.0,0.17,High,0.0
Álex Moreno Lopera,Aston Villa,0,27,2526,4.0,0.0,0.0,0.18,High,0.0
Álex Moreno Lopera,Aston Villa,0,28,2526,4.0,0.0,0.0,0.2,High,0.0
Ármin Pécsi,Liverpool,2,26,2526,3.8,0.0,0.0,0.21,Medium,0.0
Ármin Pécsi,Liverpool,2,27,2526,3.8,0.0,0.0,0.22,Medium,0.0
Ármin Pécsi,Liverpool,2,28,2526,3.8,0.0,0.0,0.22,Medium,0.0
Đorđe Petrović,Bournemouth,2,26,2526,4.5,1.62,0.78,2.47,Low,9.0
Đorđe Petrović,Bournemouth,2,27,2526,4.5,1.19,0.33,2.06,Low,3.0
Đorđe Petrović,Bournemouth,2,28,2526,4.5,1.62,0.79,2.44,Low,6.0
İlkay Gündoğan,Man City,3,26,2526,6.3,0.0,0.0,0.2,High,0.0
İlkay Gündoğan,Man City,3,27,2526,6.3,0.0,0.0,0.2,High,0.0
İlkay Gündoğan,Man City,3,28,2526,6.3,0.0,0.0,0.2,High,0.0
