name,team,position,element,GW,value,predicted_pts_mid,actual_pts
David Raya Martín,Arsenal,GK,1,15,5.9,4.5,2
David Raya Martín,Arsenal,GK,1,16,6.0,4.5,2
David Raya Martín,Arsenal,GK,1,17,6.0,4.5,7
David Raya Martín,Arsenal,GK,1,18,6.0,4.53,2
David Raya Martín,Arsenal,GK,1,19,6.0,4.51,2
David Raya Martín,Arsenal,GK,1,20,6.0,4.22,1
David Raya Martín,Arsenal,GK,1,21,6.0,4.12,6
David Raya Martín,Arsenal,GK,1,22,5.9,4.47,6
David Raya Martín,Arsenal,GK,1,23,5.9,4.43,1
David Raya Martín,Arsenal,GK,1,24,5.9,4.86,6
David Raya Martín,Arsenal,GK,1,25,5.9,4.83,7
David Raya Martín,Arsenal,GK,1,26,5.9,5.0,2
David Raya Martín,Arsenal,GK,1,26,5.9,4.78,1
David Raya Martín,Arsenal,GK,1,27,6.0,4.67,3
David Raya Martín,Arsenal,GK,1,28,6.0,4.49,3
Kepa Arrizabalaga Revuelta,Arsenal,GK,2,15,4.2,0.0,0
Kepa Arrizabalaga Revuelta,Arsenal,GK,2,16,4.1,0.0,0
Kepa Arrizabalaga Revuelta,Arsenal,GK,2,17,4.1,0.0,0
Kepa Arrizabalaga Revuelta,Arsenal,GK,2,18,4.1,0.0,0
Kepa Arrizabalaga Revuelta,Arsenal,GK,2,19,4.1,0.0,0
Kepa Arrizabalaga Revuelta,Arsenal,GK,2,20,4.1,0.0,0
Kepa Arrizabalaga Revuelta,Arsenal,GK,2,21,4.1,0.0,0
Kepa Arrizabalaga Revuelta,Arsenal,GK,2,22,4.1,0.0,0
Kepa Arrizabalaga Revuelta,Arsenal,GK,2,23,4.1,0.0,0
Kepa Arrizabalaga Revuelta,Arsenal,GK,2,24,4.1,0.0,0
Kepa Arrizabalaga Revuelta,Arsenal,GK,2,25,4.1,0.0,0
Kepa Arrizabalaga Revuelta,Arsenal,GK,2,26,4.1,0.0,0
Kepa Arrizabalaga Revuelta,Arsenal,GK,2,26,4.1,0.0,0
Kepa Arrizabalaga Revuelta,Arsenal,GK,2,27,4.1,0.0,0
Kepa Arrizabalaga Revuelta,Arsenal,GK,2,28,4.1,0.0,0
Karl Hein,Arsenal,GK,3,15,4.0,0.0,0
Karl Hein,Arsenal,GK,3,16,4.0,0.0,0
Karl Hein,Arsenal,GK,3,17,4.0,0.0,0
Karl Hein,Arsenal,GK,3,18,4.0,0.0,0
Karl Hein,Arsenal,GK,3,19,4.0,0.0,0
Karl Hein,Arsenal,GK,3,20,4.0,0.0,0
Karl Hein,Arsenal,GK,3,21,4.0,0.0,0
Karl Hein,Arsenal,GK,3,22,4.0,0.0,0
Karl Hein,Arsenal,GK,3,23,4.0,0.0,0
Karl Hein,Arsenal,GK,3,24,4.0,0.0,0
Karl Hein,Arsenal,GK,3,25,4.0,0.0,0
Karl Hein,Arsenal,GK,3,26,4.0,0.0,0
Karl Hein,Arsenal,GK,3,26,4.0,0.0,0
Karl Hein,Arsenal,GK,3,27,4.0,0.0,0
Karl Hein,Arsenal,GK,3,28,4.0,0.0,0
Tommy Setford,Arsenal,GK,4,15,3.9,0.0,0
Tommy Setford,Arsenal,GK,4,16,3.9,0.0,0
Tommy Setford,Arsenal,GK,4,17,3.9,0.0,0
Tommy Setford,Arsenal,GK,4,18,3.9,0.0,0
Tommy Setford,Arsenal,GK,4,19,3.9,0.0,0
Tommy Setford,Arsenal,GK,4,20,3.9,0.0,0
Tommy Setford,Arsenal,GK,4,21,3.9,0.0,0
Tommy Setford,Arsenal,GK,4,22,3.9,0.0,0
Tommy Setford,Arsenal,GK,4,23,3.9,0.0,0
Tommy Setford,Arsenal,GK,4,24,3.9,0.0,0
Tommy Setford,Arsenal,GK,4,25,3.9,0.0,0
Tommy Setford,Arsenal,GK,4,26,3.9,0.0,0
Tommy Setford,Arsenal,GK,4,26,3.9,0.0,0
Tommy Setford,Arsenal,GK,4,27,3.9,0.0,0
Tommy Setford,Arsenal,GK,4,28,3.9,0.0,0
Gabriel dos Santos Magalhães,Arsenal,DEF,5,15,6.3,2.02,0
Gabriel dos Santos Magalhães,Arsenal,DEF,5,16,6.2,1.73,0
Gabriel dos Santos Magalhães,Arsenal,DEF,5,17,6.2,1.77,0
Gabriel dos Santos Magalhães,Arsenal,DEF,5,18,6.2,1.67,1
Gabriel dos Santos Magalhães,Arsenal,DEF,5,19,6.3,3.63,15
Gabriel dos Santos Magalhães,Arsenal,DEF,5,20,6.5,4.83,9
Gabriel dos Santos Magalhães,Arsenal,DEF,5,21,6.6,5.54,6
Gabriel dos Santos Magalhães,Arsenal,DEF,5,22,6.8,6.43,8
Gabriel dos Santos Magalhães,Arsenal,DEF,5,23,6.9,6.09,1
Gabriel dos Santos Magalhães,Arsenal,DEF,5,24,7.0,6.14,8
Gabriel dos Santos Magalhães,Arsenal,DEF,5,25,7.1,6.07,6
Gabriel dos Santos Magalhães,Arsenal,DEF,5,26,7.1,5.93,3
Gabriel dos Santos Magalhães,Arsenal,DEF,5,26,7.1,6.21,4
Gabriel dos Santos Magalhães,Arsenal,DEF,5,27,7.1,5.97,2
Gabriel dos Santos Magalhães,Arsenal,DEF,5,28,7.1,5.77,9
William Saliba,Arsenal,DEF,6,15,6.0,1.79,0
William Saliba,Arsenal,DEF,6,16,6.0,2.98,2
William Saliba,Arsenal,DEF,6,17,5.9,3.38,6
William Saliba,Arsenal,DEF,6,18,5.9,3.93,2
William Saliba,Arsenal,DEF,6,19,5.9,4.33,2
William Saliba,Arsenal,DEF,6,20,5.9,4.12,1
William Saliba,Arsenal,DEF,6,21,5.9,4.09,7
William Saliba,Arsenal,DEF,6,22,6.0,4.62,8
William Saliba,Arsenal,DEF,6,23,6.0,4.72,1
William Saliba,Arsenal,DEF,6,24,6.0,5.14,6
William Saliba,Arsenal,DEF,6,25,6.0,5.06,7
William Saliba,Arsenal,DEF,6,26,6.1,3.62,0
William Saliba,Arsenal,DEF,6,26,6.1,4.57,1
William Saliba,Arsenal,DEF,6,27,6.1,4.39,2
William Saliba,Arsenal,DEF,6,28,6.1,4.15,10
Riccardo Calafiori,Arsenal,DEF,7,15,5.8,4.25,1
Riccardo Calafiori,Arsenal,DEF,7,16,5.7,2.75,0
Riccardo Calafiori,Arsenal,DEF,7,17,5.7,4.28,6
Riccardo Calafiori,Arsenal,DEF,7,18,5.7,2.58,0
Riccardo Calafiori,Arsenal,DEF,7,19,5.7,2.16,0
Riccardo Calafiori,Arsenal,DEF,7,20,5.7,2.08,0
Riccardo Calafiori,Arsenal,DEF,7,21,5.6,1.43,0
Riccardo Calafiori,Arsenal,DEF,7,22,5.6,1.53,0
Riccardo Calafiori,Arsenal,DEF,7,23,5.6,1.39,0
Riccardo Calafiori,Arsenal,DEF,7,24,5.6,1.52,1
Riccardo Calafiori,Arsenal,DEF,7,25,5.6,3.14,6
Riccardo Calafiori,Arsenal,DEF,7,26,5.6,2.14,1
Riccardo Calafiori,Arsenal,DEF,7,26,5.6,2.26,1
Riccardo Calafiori,Arsenal,DEF,7,27,5.6,2.21,0
Riccardo Calafiori,Arsenal,DEF,7,28,5.6,1.7,0
Jurriën Timber,Arsenal,DEF,8,15,6.4,4.73,3
Jurriën Timber,Arsenal,DEF,8,16,6.5,4.58,2
Jurriën Timber,Arsenal,DEF,8,17,6.5,4.66,6
Jurriën Timber,Arsenal,DEF,8,18,6.5,3.36,0
Jurriën Timber,Arsenal,DEF,8,19,6.4,4.5,9
Jurriën Timber,Arsenal,DEF,8,20,6.4,5.12,3
Jurriën Timber,Arsenal,DEF,8,21,6.3,4.82,6
Jurriën Timber,Arsenal,DEF,8,22,6.3,5.73,5
Jurriën Timber,Arsenal,DEF,8,23,6.3,5.25,1
Jurriën Timber,Arsenal,DEF,8,24,6.3,5.5,5
Jurriën Timber,Arsenal,DEF,8,25,6.4,5.43,6
Jurriën Timber,Arsenal,DEF,8,26,6.4,5.45,2
Jurriën Timber,Arsenal,DEF,8,26,6.4,5.23,1
Jurriën Timber,Arsenal,DEF,8,27,6.4,3.74,3
Jurriën Timber,Arsenal,DEF,8,28,6.4,5.06,8
Jakub Kiwior,Arsenal,DEF,9,15,5.4,0.7,0
Jakub Kiwior,Arsenal,DEF,9,16,5.4,0.66,0
Jakub Kiwior,Arsenal,DEF,9,17,5.4,0.71,0
Jakub Kiwior,Arsenal,DEF,9,18,5.4,0.61,0
Jakub Kiwior,Arsenal,DEF,9,19,5.4,0.58,0
Jakub Kiwior,Arsenal,DEF,9,20,5.4,0.61,0
Jakub Kiwior,Arsenal,DEF,9,21,5.4,0.51,0
Jakub Kiwior,Arsenal,DEF,9,22,5.4,0.6,0
Jakub Kiwior,Arsenal,DEF,9,23,5.4,0.57,0
Jakub Kiwior,Arsenal,DEF,9,24,5.4,0.68,0
Jakub Kiwior,Arsenal,DEF,9,25,5.4,0.53,0
Jakub Kiwior,Arsenal,DEF,9,26,5.4,0.54,0
Jakub Kiwior,Arsenal,DEF,9,26,5.4,0.54,0
Jakub Kiwior,Arsenal,DEF,9,27,5.4,0.54,0
Jakub Kiwior,Arsenal,DEF,9,28,5.4,0.51,0
Myles Lewis-Skelly,Arsenal,DEF,10,15,5.1,0.93,1
Myles Lewis-Skelly,Arsenal,DEF,10,16,5.1,0.99,1
Myles Lewis-Skelly,Arsenal,DEF,10,17,5.1,0.99,0
Myles Lewis-Skelly,Arsenal,DEF,10,18,5.1,2.22,1
Myles Lewis-Skelly,Arsenal,DEF,10,19,5.1,1.14,1
Myles Lewis-Skelly,Arsenal,DEF,10,20,5.1,1.06,0
Myles Lewis-Skelly,Arsenal,DEF,10,21,5.1,0.95,1
Myles Lewis-Skelly,Arsenal,DEF,10,22,5.1,0.87,0
Myles Lewis-Skelly,Arsenal,DEF,10,23,5.1,0.73,0
Myles Lewis-Skelly,Arsenal,DEF,10,24,5.1,0.83,0
Myles Lewis-Skelly,Arsenal,DEF,10,25,5.1,0.54,0
Myles Lewis-Skelly,Arsenal,DEF,10,26,5.1,0.55,0
Myles Lewis-Skelly,Arsenal,DEF,10,26,5.1,0.53,0
Myles Lewis-Skelly,Arsenal,DEF,10,27,5.1,0.53,0
Myles Lewis-Skelly,Arsenal,DEF,10,28,5.1,0.5,0
Benjamin White,Arsenal,DEF,11,15,5.3,3.44,1
Benjamin White,Arsenal,DEF,11,16,5.4,2.64,1
Benjamin White,Arsenal,DEF,11,17,5.3,2.52,0
Benjamin White,Arsenal,DEF,11,18,5.2,1.42,0
Benjamin White,Arsenal,DEF,11,19,5.1,1.07,1
Benjamin White,Arsenal,DEF,11,20,5.1,0.82,0
Benjamin White,Arsenal,DEF,11,21,5.1,0.71,0
Benjamin White,Arsenal,DEF,11,22,5.1,2.49,6
Benjamin White,Arsenal,DEF,11,23,5.1,1.38,1
Benjamin White,Arsenal,DEF,11,24,5.1,1.66,0
Benjamin White,Arsenal,DEF,11,25,5.1,1.49,0
Benjamin White,Arsenal,DEF,11,26,5.1,0.97,0
Benjamin White,Arsenal,DEF,11,26,5.1,0.85,0
Benjamin White,Arsenal,DEF,11,27,5.1,0.74,0
Benjamin White,Arsenal,DEF,11,28,5.1,0.69,0
Oleksandr Zinchenko,Nott'm Forest,DEF,12,15,4.9,0.54,0
Oleksandr Zinchenko,Nott'm Forest,DEF,12,16,4.9,0.5,0
Oleksandr Zinchenko,Nott'm Forest,DEF,12,17,4.9,0.51,1
Oleksandr Zinchenko,Nott'm Forest,DEF,12,18,4.9,0.49,0
Oleksandr Zinchenko,Nott'm Forest,DEF,12,19,4.9,1.83,1
Oleksandr Zinchenko,Nott'm Forest,DEF,12,20,4.9,0.89,0
Oleksandr Zinchenko,Nott'm Forest,DEF,12,21,4.9,0.8,0
Oleksandr Zinchenko,Nott'm Forest,DEF,12,22,4.9,0.65,0
Oleksandr Zinchenko,Nott'm Forest,DEF,12,23,4.9,0.45,0
Oleksandr Zinchenko,Nott'm Forest,DEF,12,24,4.9,0.36,0
Oleksandr Zinchenko,Nott'm Forest,DEF,12,25,4.9,0.44,0
Oleksandr Zinchenko,Nott'm Forest,DEF,12,26,4.9,0.39,0
Oleksandr Zinchenko,Nott'm Forest,DEF,12,27,4.9,0.34,0
Oleksandr Zinchenko,Nott'm Forest,DEF,12,28,4.9,0.42,0
Brayden Clarke,Arsenal,DEF,13,15,3.8,0.0,0
Brayden Clarke,Arsenal,DEF,13,16,3.8,0.0,0
Brayden Clarke,Arsenal,DEF,13,17,3.8,0.01,0
Brayden Clarke,Arsenal,DEF,13,18,3.8,0.0,0
Brayden Clarke,Arsenal,DEF,13,19,3.8,0.0,0
Brayden Clarke,Arsenal,DEF,13,20,3.8,0.0,0
Brayden Clarke,Arsenal,DEF,13,21,3.8,0.0,0
Brayden Clarke,Arsenal,DEF,13,22,3.8,0.0,0
Brayden Clarke,Arsenal,DEF,13,23,3.8,0.0,0
Brayden Clarke,Arsenal,DEF,13,24,3.8,0.0,0
Brayden Clarke,Arsenal,DEF,13,25,3.8,0.0,0
Brayden Clarke,Arsenal,DEF,13,26,3.8,0.0,0
Brayden Clarke,Arsenal,DEF,13,26,3.8,0.0,0
Brayden Clarke,Arsenal,DEF,13,27,3.8,0.0,0
Brayden Clarke,Arsenal,DEF,13,28,3.8,0.0,0
Maldini Kacurri,Arsenal,DEF,14,15,3.9,0.02,0
Maldini Kacurri,Arsenal,DEF,14,16,3.9,0.0,0
Maldini Kacurri,Arsenal,DEF,14,17,3.9,0.03,0
Maldini Kacurri,Arsenal,DEF,14,18,3.9,0.0,0
Maldini Kacurri,Arsenal,DEF,14,19,3.9,0.0,0
Maldini Kacurri,Arsenal,DEF,14,20,3.9,0.0,0
Maldini Kacurri,Arsenal,DEF,14,21,3.9,0.0,0
Maldini Kacurri,Arsenal,DEF,14,22,3.9,0.0,0
Maldini Kacurri,Arsenal,DEF,14,23,3.9,0.0,0
Maldini Kacurri,Arsenal,DEF,14,24,3.9,0.0,0
Maldini Kacurri,Arsenal,DEF,14,25,3.9,0.0,0
Maldini Kacurri,Arsenal,DEF,14,26,3.9,0.0,0
Maldini Kacurri,Arsenal,DEF,14,26,3.9,0.0,0
Maldini Kacurri,Arsenal,DEF,14,27,3.9,0.0,0
Maldini Kacurri,Arsenal,DEF,14,28,3.9,0.0,0
Josh Nichols,Arsenal,DEF,15,15,3.8,0.0,0
Josh Nichols,Arsenal,DEF,15,16,3.8,0.0,0
Josh Nichols,Arsenal,DEF,15,17,3.8,0.0,0
Josh Nichols,Arsenal,DEF,15,18,3.8,0.0,0
Josh Nichols,Arsenal,DEF,15,19,3.8,0.0,0
Josh Nichols,Arsenal,DEF,15,20,3.8,0.0,0
Josh Nichols,Arsenal,DEF,15,21,3.8,0.0,0
Josh Nichols,Arsenal,DEF,15,22,3.8,0.0,0
Josh Nichols,Arsenal,DEF,15,23,3.8,0.0,0
Josh Nichols,Arsenal,DEF,15,24,3.8,0.0,0
Josh Nichols,Arsenal,DEF,15,25,3.8,0.0,0
Josh Nichols,Arsenal,DEF,15,26,3.7,0.0,0
Josh Nichols,Arsenal,DEF,15,26,3.7,0.0,0
Josh Nichols,Arsenal,DEF,15,27,3.7,0.0,0
Josh Nichols,Arsenal,DEF,15,28,3.7,0.0,0
Bukayo Saka,Arsenal,MID,16,15,10.1,6.26,4
Bukayo Saka,Arsenal,MID,16,16,10.2,6.54,11
Bukayo Saka,Arsenal,MID,16,17,10.3,6.89,3
Bukayo Saka,Arsenal,MID,16,18,10.3,6.93,7
Bukayo Saka,Arsenal,MID,16,19,10.3,7.11,6
Bukayo Saka,Arsenal,MID,16,20,10.3,5.48,4
Bukayo Saka,Arsenal,MID,16,21,10.2,6.64,3
Bukayo Saka,Arsenal,MID,16,22,10.2,4.66,1
Bukayo Saka,Arsenal,MID,16,23,10.1,5.65,2
Bukayo Saka,Arsenal,MID,16,24,10.0,4.04,0
Bukayo Saka,Arsenal,MID,16,25,9.9,3.37,0
Bukayo Saka,Arsenal,MID,16,26,9.9,3.18,1
Bukayo Saka,Arsenal,MID,16,26,9.9,4.62,12
Bukayo Saka,Arsenal,MID,16,27,9.8,5.35,5
Bukayo Saka,Arsenal,MID,16,28,9.8,6.03,2
Martin Ødegaard,Arsenal,MID,17,15,7.8,3.77,2
Martin Ødegaard,Arsenal,MID,17,16,7.8,2.59,1
Martin Ødegaard,Arsenal,MID,17,17,7.8,4.23,3
Martin Ødegaard,Arsenal,MID,17,18,7.8,4.25,10
Martin Ødegaard,Arsenal,MID,17,19,7.8,4.63,5
Martin Ødegaard,Arsenal,MID,17,20,7.8,5.29,7
Martin Ødegaard,Arsenal,MID,17,21,7.8,5.55,3
Martin Ødegaard,Arsenal,MID,17,22,7.8,3.76,1
Martin Ødegaard,Arsenal,MID,17,23,7.8,3.55,4
Martin Ødegaard,Arsenal,MID,17,24,7.8,3.4,4
Martin Ødegaard,Arsenal,MID,17,25,7.8,2.94,0
Martin Ødegaard,Arsenal,MID,17,26,7.8,2.63,1
Martin Ødegaard,Arsenal,MID,17,26,7.8,2.32,0
Martin Ødegaard,Arsenal,MID,17,27,7.8,2.28,4
Martin Ødegaard,Arsenal,MID,17,28,7.8,2.26,0
Noni Madueke,Arsenal,MID,18,15,6.8,1.75,1
Noni Madueke,Arsenal,MID,18,16,6.8,1.83,0
Noni Madueke,Arsenal,MID,18,17,6.8,1.62,0
Noni Madueke,Arsenal,MID,18,18,6.8,1.17,0
Noni Madueke,Arsenal,MID,18,19,6.8,1.07,1
Noni Madueke,Arsenal,MID,18,20,6.8,2.74,2
Noni Madueke,Arsenal,MID,18,21,6.8,1.34,1
Noni Madueke,Arsenal,MID,18,22,6.8,1.57,1
Noni Madueke,Arsenal,MID,18,23,6.8,1.68,1
Noni Madueke,Arsenal,MID,18,24,6.8,3.38,14
Noni Madueke,Arsenal,MID,18,25,6.8,2.55,1
Noni Madueke,Arsenal,MID,18,26,6.8,4.23,11
Noni Madueke,Arsenal,MID,18,26,6.8,5.01,2
Noni Madueke,Arsenal,MID,18,27,6.8,2.71,1
Noni Madueke,Arsenal,MID,18,28,6.8,2.51,0
Gabriel Martinelli Silva,Arsenal,MID,19,15,6.8,1.72,1
Gabriel Martinelli Silva,Arsenal,MID,19,16,6.8,1.84,1
Gabriel Martinelli Silva,Arsenal,MID,19,17,6.8,1.86,0
Gabriel Martinelli Silva,Arsenal,MID,19,18,6.8,1.54,1
Gabriel Martinelli Silva,Arsenal,MID,19,19,6.8,1.53,0
Gabriel Martinelli Silva,Arsenal,MID,19,20,6.8,2.97,5
Gabriel Martinelli Silva,Arsenal,MID,19,21,6.8,1.67,0
Gabriel Martinelli Silva,Arsenal,MID,19,22,6.8,1.83,1
Gabriel Martinelli Silva,Arsenal,MID,19,23,6.8,1.99,0
Gabriel Martinelli Silva,Arsenal,MID,19,24,6.8,1.92,4
Gabriel Martinelli Silva,Arsenal,MID,19,25,6.8,2.05,4
Gabriel Martinelli Silva,Arsenal,MID,19,26,6.8,2.06,1
Gabriel Martinelli Silva,Arsenal,MID,19,26,6.8,3.81,2
Gabriel Martinelli Silva,Arsenal,MID,19,27,6.8,2.1,1
Gabriel Martinelli Silva,Arsenal,MID,19,28,6.8,1.82,1
Leandro Trossard,Arsenal,MID,20,15,6.9,2.77,6
Leandro Trossard,Arsenal,MID,20,16,6.9,2.13,1
Leandro Trossard,Arsenal,MID,20,17,6.9,3.84,3
Leandro Trossard,Arsenal,MID,20,18,6.9,4.04,2
Leandro Trossard,Arsenal,MID,20,19,6.9,4.23,13
Leandro Trossard,Arsenal,MID,20,20,7.0,3.64,1
Leandro Trossard,Arsenal,MID,20,21,7.0,4.61,2
Leandro Trossard,Arsenal,MID,20,22,6.9,3.12,1
Leandro Trossard,Arsenal,MID,20,23,6.9,4.13,2
Leandro Trossard,Arsenal,MID,20,24,6.8,4.43,3
Leandro Trossard,Arsenal,MID,20,25,6.8,4.21,6
Leandro Trossard,Arsenal,MID,20,26,6.8,4.75,2
Leandro Trossard,Arsenal,MID,20,26,6.8,3.16,1
Leandro Trossard,Arsenal,MID,20,27,6.8,4.44,2
Leandro Trossard,Arsenal,MID,20,28,6.7,2.48,1
Declan Rice,Arsenal,MID,21,15,7.1,5.41,6
Declan Rice,Arsenal,MID,21,16,7.1,5.15,2
Declan Rice,Arsenal,MID,21,17,7.1,5.13,11
Declan Rice,Arsenal,MID,21,18,7.2,5.74,5
Declan Rice,Arsenal,MID,21,19,7.2,4.04,0
Declan Rice,Arsenal,MID,21,20,7.1,5.35,17
Declan Rice,Arsenal,MID,21,21,7.2,5.36,3
Declan Rice,Arsenal,MID,21,22,7.3,5.3,3
Declan Rice,Arsenal,MID,21,23,7.4,5.36,1
Declan Rice,Arsenal,MID,21,24,7.4,5.38,3
Declan Rice,Arsenal,MID,21,25,7.5,5.35,5
Declan Rice,Arsenal,MID,21,26,7.5,5.28,5
Declan Rice,Arsenal,MID,21,26,7.5,5.6,9
Declan Rice,Arsenal,MID,21,27,7.6,6.13,4
Declan Rice,Arsenal,MID,21,28,7.6,6.09,5
Mikel Merino Zazón,Arsenal,MID,22,15,6.0,3.84,1
Mikel Merino Zazón,Arsenal,MID,22,16,6.1,3.28,1
Mikel Merino Zazón,Arsenal,MID,22,17,6.0,2.58,1
Mikel Merino Zazón,Arsenal,MID,22,18,5.9,3.39,2
Mikel Merino Zazón,Arsenal,MID,22,19,5.8,3.4,2
Mikel Merino Zazón,Arsenal,MID,22,20,5.8,1.89,1
Mikel Merino Zazón,Arsenal,MID,22,21,5.7,1.76,0
Mikel Merino Zazón,Arsenal,MID,22,22,5.6,1.44,1
Mikel Merino Zazón,Arsenal,MID,22,23,5.5,1.48,7
Mikel Merino Zazón,Arsenal,MID,22,24,5.5,1.56,0
Mikel Merino Zazón,Arsenal,MID,22,25,5.5,1.37,0
Mikel Merino Zazón,Arsenal,MID,22,26,5.4,1.16,0
Mikel Merino Zazón,Arsenal,MID,22,26,5.4,0.97,0
Mikel Merino Zazón,Arsenal,MID,22,27,5.4,0.96,0
Mikel Merino Zazón,Arsenal,MID,22,28,5.4,0.8,0
Fábio Ferreira Vieira,Arsenal,MID,23,15,5.4,0.34,0
Fábio Ferreira Vieira,Arsenal,MID,23,16,5.4,0.31,0
Fábio Ferreira Vieira,Arsenal,MID,23,17,5.4,0.36,0
Fábio Ferreira Vieira,Arsenal,MID,23,18,5.4,0.25,0
Fábio Ferreira Vieira,Arsenal,MID,23,19,5.4,0.23,0
Fábio Ferreira Vieira,Arsenal,MID,23,20,5.4,0.25,0
Fábio Ferreira Vieira,Arsenal,MID,23,21,5.4,0.15,0
Fábio Ferreira Vieira,Arsenal,MID,23,22,5.4,0.25,0
Fábio Ferreira Vieira,Arsenal,MID,23,23,5.4,0.21,0
Fábio Ferreira Vieira,Arsenal,MID,23,24,5.4,0.32,0
Fábio Ferreira Vieira,Arsenal,MID,23,25,5.4,0.17,0
Fábio Ferreira Vieira,Arsenal,MID,23,26,5.4,0.18,0
Fábio Ferreira Vieira,Arsenal,MID,23,26,5.4,0.18,0
Fábio Ferreira Vieira,Arsenal,MID,23,27,5.4,0.18,0
Fábio Ferreira Vieira,Arsenal,MID,23,28,5.4,0.15,0
Christian Nørgaard,Arsenal,MID,24,15,5.2,0.29,0
Christian Nørgaard,Arsenal,MID,24,16,5.2,0.24,0
Christian Nørgaard,Arsenal,MID,24,17,5.2,0.29,0
Christian Nørgaard,Arsenal,MID,24,18,5.2,0.19,0
Christian Nørgaard,Arsenal,MID,24,19,5.1,0.12,1
Christian Nørgaard,Arsenal,MID,24,20,5.1,0.25,0
Christian Nørgaard,Arsenal,MID,24,21,5.1,0.15,0
Christian Nørgaard,Arsenal,MID,24,22,5.1,0.25,0
Christian Nørgaard,Arsenal,MID,24,23,5.1,0.13,0
Christian Nørgaard,Arsenal,MID,24,24,5.1,0.24,0
Christian Nørgaard,Arsenal,MID,24,25,5.1,0.08,1
Christian Nørgaard,Arsenal,MID,24,26,5.1,0.16,0
Christian Nørgaard,Arsenal,MID,24,26,5.1,0.16,0
Christian Nørgaard,Arsenal,MID,24,27,5.1,0.16,0
Christian Nørgaard,Arsenal,MID,24,28,5.1,0.09,1
Ethan Nwaneri,Arsenal,MID,25,15,5.1,0.37,0
Ethan Nwaneri,Arsenal,MID,25,16,5.1,0.28,0
Ethan Nwaneri,Arsenal,MID,25,17,5.1,0.33,0
Ethan Nwaneri,Arsenal,MID,25,18,5.1,0.2,0
Ethan Nwaneri,Arsenal,MID,25,19,5.1,0.18,0
Ethan Nwaneri,Arsenal,MID,25,20,5.0,0.15,0
Ethan Nwaneri,Arsenal,MID,25,21,5.0,0.06,0
Ethan Nwaneri,Arsenal,MID,25,22,5.0,0.15,0
Ethan Nwaneri,Arsenal,MID,25,23,5.0,0.12,0
Ethan Nwaneri,Arsenal,MID,25,24,5.0,0.23,0
Ethan Nwaneri,Arsenal,MID,25,25,5.0,0.08,0
Ethan Nwaneri,Arsenal,MID,25,26,5.0,0.09,0
Ethan Nwaneri,Arsenal,MID,25,26,5.0,0.09,0
Ethan Nwaneri,Arsenal,MID,25,27,5.0,0.09,0
Ethan Nwaneri,Arsenal,MID,25,28,5.0,0.05,0
Martín Zubimendi Ibáñez,Arsenal,MID,26,15,5.3,3.62,2
Martín Zubimendi Ibáñez,Arsenal,MID,26,16,5.3,1.99,1
Martín Zubimendi Ibáñez,Arsenal,MID,26,17,5.2,3.56,3
Martín Zubimendi Ibáñez,Arsenal,MID,26,18,5.2,3.5,2
Martín Zubimendi Ibáñez,Arsenal,MID,26,19,5.2,3.6,8
Martín Zubimendi Ibáñez,Arsenal,MID,26,20,5.2,4.01,3
Martín Zubimendi Ibáñez,Arsenal,MID,26,21,5.2,4.04,5
Martín Zubimendi Ibáñez,Arsenal,MID,26,22,5.2,4.45,3
Martín Zubimendi Ibáñez,Arsenal,MID,26,23,5.2,2.7,1
Martín Zubimendi Ibáñez,Arsenal,MID,26,24,5.2,4.19,10
Martín Zubimendi Ibáñez,Arsenal,MID,26,25,5.2,4.26,10
Martín Zubimendi Ibáñez,Arsenal,MID,26,26,5.3,4.85,2
Martín Zubimendi Ibáñez,Arsenal,MID,26,26,5.3,5.02,4
Martín Zubimendi Ibáñez,Arsenal,MID,26,27,5.3,4.66,2
Martín Zubimendi Ibáñez,Arsenal,MID,26,28,5.3,4.42,2
Reiss Nelson,Brentford,MID,27,15,4.8,0.21,0
Reiss Nelson,Brentford,MID,27,16,4.8,0.13,0
Reiss Nelson,Brentford,MID,27,17,4.8,0.12,0
Reiss Nelson,Brentford,MID,27,18,4.8,0.04,1
Reiss Nelson,Brentford,MID,27,19,4.8,0.02,1
Reiss Nelson,Brentford,MID,27,20,4.8,0.23,0
Reiss Nelson,Brentford,MID,27,21,4.8,0.18,1
Reiss Nelson,Brentford,MID,27,22,4.8,0.29,0
Reiss Nelson,Brentford,MID,27,23,4.8,0.08,0
Reiss Nelson,Brentford,MID,27,24,4.8,0.17,0
Reiss Nelson,Brentford,MID,27,25,4.8,0.12,0
Reiss Nelson,Brentford,MID,27,26,4.8,0.0,0
Reiss Nelson,Brentford,MID,27,27,4.8,0.0,0
Reiss Nelson,Brentford,MID,27,28,4.8,0.0,0
Ismeal Kabia,Arsenal,MID,28,15,4.5,0.0,0
Ismeal Kabia,Arsenal,MID,28,16,4.5,0.0,0
Ismeal Kabia,Arsenal,MID,28,17,4.5,0.0,0
Ismeal Kabia,Arsenal,MID,28,18,4.5,0.0,0
Ismeal Kabia,Arsenal,MID,28,19,4.5,0.0,0
Ismeal Kabia,Arsenal,MID,28,20,4.5,0.0,0
Ismeal Kabia,Arsenal,MID,28,21,4.5,0.0,0
Ismeal Kabia,Arsenal,MID,28,22,4.5,0.0,0
Ismeal Kabia,Arsenal,MID,28,23,4.5,0.0,0
Ismeal Kabia,Arsenal,MID,28,24,4.5,0.0,0
Ismeal Kabia,Arsenal,MID,28,25,4.5,0.0,0
Ismeal Kabia,Arsenal,MID,28,26,4.5,0.0,0
Ismeal Kabia,Arsenal,MID,28,26,4.5,0.0,0
Ismeal Kabia,Arsenal,MID,28,27,4.5,0.0,0
Ismeal Kabia,Arsenal,MID,28,28,4.5,0.0,0
Albert Sambi Lokonga,Arsenal,MID,29,15,4.5,0.0,0
Albert Sambi Lokonga,Arsenal,MID,29,16,4.5,0.0,0
Albert Sambi Lokonga,Arsenal,MID,29,17,4.5,0.0,0
Albert Sambi Lokonga,Arsenal,MID,29,18,4.5,0.0,0
Albert Sambi Lokonga,Arsenal,MID,29,19,4.5,0.0,0
Albert Sambi Lokonga,Arsenal,MID,29,20,4.5,0.0,0
Albert Sambi Lokonga,Arsenal,MID,29,21,4.5,0.0,0
Albert Sambi Lokonga,Arsenal,MID,29,22,4.5,0.0,0
Albert Sambi Lokonga,Arsenal,MID,29,23,4.5,0.0,0
Albert Sambi Lokonga,Arsenal,MID,29,24,4.5,0.0,0
Albert Sambi Lokonga,Arsenal,MID,29,25,4.5,0.0,0
Albert Sambi Lokonga,Arsenal,MID,29,26,4.5,0.0,0
Albert Sambi Lokonga,Arsenal,MID,29,26,4.5,0.0,0
Albert Sambi Lokonga,Arsenal,MID,29,27,4.5,0.0,0
Albert Sambi Lokonga,Arsenal,MID,29,28,4.5,0.0,0
Kai Havertz,Arsenal,FWD,30,15,7.3,1.45,0
Kai Havertz,Arsenal,FWD,30,16,7.3,1.41,0
Kai Havertz,Arsenal,FWD,30,17,7.3,1.46,0
Kai Havertz,Arsenal,FWD,30,18,7.3,1.36,0
Kai Havertz,Arsenal,FWD,30,19,7.3,1.34,0
Kai Havertz,Arsenal,FWD,30,20,7.3,1.37,0
Kai Havertz,Arsenal,FWD,30,21,7.3,1.27,0
Kai Havertz,Arsenal,FWD,30,22,7.3,1.37,0
Kai Havertz,Arsenal,FWD,30,23,7.3,1.33,0
Kai Havertz,Arsenal,FWD,30,24,7.3,3.14,2
Kai Havertz,Arsenal,FWD,30,25,7.3,3.33,5
Kai Havertz,Arsenal,FWD,30,26,7.3,2.39,0
Kai Havertz,Arsenal,FWD,30,26,7.3,2.39,0
Kai Havertz,Arsenal,FWD,30,27,7.3,1.91,0
Kai Havertz,Arsenal,FWD,30,28,7.3,1.43,1
Gabriel Fernando de Jesus,Arsenal,FWD,31,15,6.4,1.08,0
Gabriel Fernando de Jesus,Arsenal,FWD,31,16,6.4,1.21,1
Gabriel Fernando de Jesus,Arsenal,FWD,31,17,6.4,1.31,1
Gabriel Fernando de Jesus,Arsenal,FWD,31,18,6.4,1.26,1
Gabriel Fernando de Jesus,Arsenal,FWD,31,19,6.4,1.68,4
Gabriel Fernando de Jesus,Arsenal,FWD,31,20,6.4,1.64,1
Gabriel Fernando de Jesus,Arsenal,FWD,31,21,6.4,1.46,1
Gabriel Fernando de Jesus,Arsenal,FWD,31,22,6.4,1.59,1
Gabriel Fernando de Jesus,Arsenal,FWD,31,23,6.4,1.66,1
Gabriel Fernando de Jesus,Arsenal,FWD,31,24,6.4,2.19,5
Gabriel Fernando de Jesus,Arsenal,FWD,31,25,6.4,1.69,1
Gabriel Fernando de Jesus,Arsenal,FWD,31,26,6.4,1.79,0
Gabriel Fernando de Jesus,Arsenal,FWD,31,26,6.4,1.55,0
Gabriel Fernando de Jesus,Arsenal,FWD,31,27,6.4,1.5,0
Gabriel Fernando de Jesus,Arsenal,FWD,31,28,6.4,1.25,0
Emiliano Martínez Romero,Aston Villa,GK,32,15,5.1,3.81,4
Emiliano Martínez Romero,Aston Villa,GK,32,16,5.1,2.45,0
Emiliano Martínez Romero,Aston Villa,GK,32,17,5.1,3.03,3
Emiliano Martínez Romero,Aston Villa,GK,32,18,5.0,3.55,2
Emiliano Martínez Romero,Aston Villa,GK,32,19,5.0,3.09,1
Emiliano Martínez Romero,Aston Villa,GK,32,20,5.0,3.66,3
Emiliano Martínez Romero,Aston Villa,GK,32,21,5.0,2.07,1
Emiliano Martínez Romero,Aston Villa,GK,32,22,5.0,3.45,2
Emiliano Martínez Romero,Aston Villa,GK,32,23,5.0,3.68,10
Emiliano Martínez Romero,Aston Villa,GK,32,24,5.0,4.1,2
Emiliano Martínez Romero,Aston Villa,GK,32,25,5.0,4.43,6
Emiliano Martínez Romero,Aston Villa,GK,32,26,5.0,4.75,8
Emiliano Martínez Romero,Aston Villa,GK,32,27,5.0,4.91,3
Emiliano Martínez Romero,Aston Villa,GK,32,28,5.1,4.79,1
Marco Bizot,Aston Villa,GK,33,15,4.3,0.37,0
Marco Bizot,Aston Villa,GK,33,16,4.2,1.76,1
Marco Bizot,Aston Villa,GK,33,17,4.2,0.61,0
Marco Bizot,Aston Villa,GK,33,18,4.2,0.31,0
Marco Bizot,Aston Villa,GK,33,19,4.2,0.28,0
Marco Bizot,Aston Villa,GK,33,20,4.2,0.0,0
Marco Bizot,Aston Villa,GK,33,21,4.2,0.26,2
Marco Bizot,Aston Villa,GK,33,22,4.2,0.15,0
Marco Bizot,Aston Villa,GK,33,23,4.2,0.21,0
Marco Bizot,Aston Villa,GK,33,24,4.2,0.13,0
Marco Bizot,Aston Villa,GK,33,25,4.2,0.0,0
Marco Bizot,Aston Villa,GK,33,26,4.2,0.0,0
Marco Bizot,Aston Villa,GK,33,27,4.2,0.0,0
Marco Bizot,Aston Villa,GK,33,28,4.2,0.0,0
Joe Gauci,Aston Villa,GK,34,15,4.0,0.0,0
Joe Gauci,Aston Villa,GK,34,16,4.0,0.0,0
Joe Gauci,Aston Villa,GK,34,17,4.0,0.0,0
Joe Gauci,Aston Villa,GK,34,18,4.0,0.0,0
Joe Gauci,Aston Villa,GK,34,19,4.0,0.0,0
Joe Gauci,Aston Villa,GK,34,20,4.0,0.0,0
Joe Gauci,Aston Villa,GK,34,21,4.0,0.0,0
Joe Gauci,Aston Villa,GK,34,22,4.0,0.0,0
Joe Gauci,Aston Villa,GK,34,23,4.0,0.0,0
Joe Gauci,Aston Villa,GK,34,24,4.0,0.0,0
Joe Gauci,Aston Villa,GK,34,25,4.0,0.0,0
Joe Gauci,Aston Villa,GK,34,26,4.0,0.0,0
Joe Gauci,Aston Villa,GK,34,27,4.0,0.0,0
Joe Gauci,Aston Villa,GK,34,28,4.0,0.0,0
Filip Marschall,Aston Villa,GK,35,15,4.0,0.0,0
Filip Marschall,Aston Villa,GK,35,16,4.0,0.0,0
Filip Marschall,Aston Villa,GK,35,17,4.0,0.0,0
Filip Marschall,Aston Villa,GK,35,18,4.0,0.0,0
Filip Marschall,Aston Villa,GK,35,19,4.0,0.0,0
Filip Marschall,Aston Villa,GK,35,20,4.0,0.0,0
Filip Marschall,Aston Villa,GK,35,21,4.0,0.0,0
Filip Marschall,Aston Villa,GK,35,22,4.0,0.0,0
Filip Marschall,Aston Villa,GK,35,23,4.0,0.0,0
Filip Marschall,Aston Villa,GK,35,24,4.0,0.0,0
Filip Marschall,Aston Villa,GK,35,25,4.0,0.0,0
Filip Marschall,Aston Villa,GK,35,26,4.0,0.0,0
Filip Marschall,Aston Villa,GK,35,27,4.0,0.0,0
Filip Marschall,Aston Villa,GK,35,28,4.0,0.0,0
Matty Cash,Aston Villa,DEF,36,15,4.7,4.51,9
Matty Cash,Aston Villa,DEF,36,16,4.9,4.92,0
Matty Cash,Aston Villa,DEF,36,17,4.9,4.44,2
Matty Cash,Aston Villa,DEF,36,18,4.9,4.05,1
Matty Cash,Aston Villa,DEF,36,19,4.9,2.52,0
Matty Cash,Aston Villa,DEF,36,20,4.8,3.75,5
Matty Cash,Aston Villa,DEF,36,21,4.8,3.97,6
Matty Cash,Aston Villa,DEF,36,22,4.8,4.24,2
Matty Cash,Aston Villa,DEF,36,23,4.8,4.76,6
Matty Cash,Aston Villa,DEF,36,24,4.8,4.78,2
Matty Cash,Aston Villa,DEF,36,25,4.8,4.62,2
Matty Cash,Aston Villa,DEF,36,26,4.9,2.89,0
Matty Cash,Aston Villa,DEF,36,27,4.9,3.85,2
Matty Cash,Aston Villa,DEF,36,28,4.9,3.63,0
Lucas Digne,Aston Villa,DEF,37,15,4.5,1.97,0
Lucas Digne,Aston Villa,DEF,37,16,4.5,1.89,1
Lucas Digne,Aston Villa,DEF,37,17,4.5,1.17,1
Lucas Digne,Aston Villa,DEF,37,18,4.5,1.26,1
Lucas Digne,Aston Villa,DEF,37,19,4.5,2.58,0
Lucas Digne,Aston Villa,DEF,37,20,4.5,1.26,1
Lucas Digne,Aston Villa,DEF,37,21,4.5,3.05,9
Lucas Digne,Aston Villa,DEF,37,22,4.5,2.06,1
Lucas Digne,Aston Villa,DEF,37,23,4.5,2.33,3
Lucas Digne,Aston Villa,DEF,37,24,4.5,2.28,0
Lucas Digne,Aston Villa,DEF,37,25,4.5,3.33,4
Lucas Digne,Aston Villa,DEF,37,26,4.5,2.0,0
Lucas Digne,Aston Villa,DEF,37,27,4.5,1.47,0
Lucas Digne,Aston Villa,DEF,37,28,4.5,3.14,2
Ezri Konsa Ngoyo,Aston Villa,DEF,38,15,4.4,3.88,2
Ezri Konsa Ngoyo,Aston Villa,DEF,38,16,4.4,3.74,1
Ezri Konsa Ngoyo,Aston Villa,DEF,38,17,4.4,3.48,2
Ezri Konsa Ngoyo,Aston Villa,DEF,38,18,4.4,3.68,4
Ezri Konsa Ngoyo,Aston Villa,DEF,38,19,4.4,3.42,0
Ezri Konsa Ngoyo,Aston Villa,DEF,38,20,4.4,3.54,2
Ezri Konsa Ngoyo,Aston Villa,DEF,38,21,4.4,3.66,7
Ezri Konsa Ngoyo,Aston Villa,DEF,38,22,4.4,3.85,2
Ezri Konsa Ngoyo,Aston Villa,DEF,38,23,4.4,4.15,6
Ezri Konsa Ngoyo,Aston Villa,DEF,38,24,4.4,4.41,2
Ezri Konsa Ngoyo,Aston Villa,DEF,38,25,4.4,4.21,2
Ezri Konsa Ngoyo,Aston Villa,DEF,38,26,4.4,4.17,6
Ezri Konsa Ngoyo,Aston Villa,DEF,38,27,4.4,4.27,7
Ezri Konsa Ngoyo,Aston Villa,DEF,38,28,4.4,4.49,1
Ian Maatsen,Aston Villa,DEF,39,15,4.2,2.26,2
Ian Maatsen,Aston Villa,DEF,39,16,4.2,2.32,1
Ian Maatsen,Aston Villa,DEF,39,17,4.2,2.74,2
Ian Maatsen,Aston Villa,DEF,39,18,4.2,2.95,2
Ian Maatsen,Aston Villa,DEF,39,19,4.2,1.32,0
Ian Maatsen,Aston Villa,DEF,39,20,4.2,2.58,2
Ian Maatsen,Aston Villa,DEF,39,21,4.2,1.01,1
Ian Maatsen,Aston Villa,DEF,39,22,4.2,2.35,2
Ian Maatsen,Aston Villa,DEF,39,23,4.2,2.82,5
Ian Maatsen,Aston Villa,DEF,39,24,4.2,3.12,2
Ian Maatsen,Aston Villa,DEF,39,25,4.2,1.88,1
Ian Maatsen,Aston Villa,DEF,39,26,4.2,3.23,8
Ian Maatsen,Aston Villa,DEF,39,27,4.2,3.44,2
Ian Maatsen,Aston Villa,DEF,39,28,4.2,1.86,1
Tyrone Mings,Aston Villa,DEF,40,15,4.3,0.43,0
Tyrone Mings,Aston Villa,DEF,40,16,4.3,0.51,0
Tyrone Mings,Aston Villa,DEF,40,17,4.3,0.38,0
Tyrone Mings,Aston Villa,DEF,40,18,4.3,0.47,0
Tyrone Mings,Aston Villa,DEF,40,19,4.3,0.45,0
Tyrone Mings,Aston Villa,DEF,40,20,4.3,0.36,0
Tyrone Mings,Aston Villa,DEF,40,21,4.3,0.41,0
Tyrone Mings,Aston Villa,DEF,40,22,4.3,0.34,0
Tyrone Mings,Aston Villa,DEF,40,23,4.3,0.43,1
Tyrone Mings,Aston Villa,DEF,40,24,4.3,0.45,0
Tyrone Mings,Aston Villa,DEF,40,25,4.3,2.16,2
Tyrone Mings,Aston Villa,DEF,40,26,4.3,2.59,12
Tyrone Mings,Aston Villa,DEF,40,27,4.3,3.64,2
Tyrone Mings,Aston Villa,DEF,40,28,4.3,2.44,0
Pau Torres,Aston Villa,DEF,41,15,4.3,3.64,5
Pau Torres,Aston Villa,DEF,41,16,4.3,2.31,0
Pau Torres,Aston Villa,DEF,41,17,4.3,1.42,0
Pau Torres,Aston Villa,DEF,41,18,4.3,1.31,0
Pau Torres,Aston Villa,DEF,41,19,4.3,0.71,0
Pau Torres,Aston Villa,DEF,41,20,4.3,0.64,0
Pau Torres,Aston Villa,DEF,41,21,4.3,0.6,0
Pau Torres,Aston Villa,DEF,41,22,4.3,2.17,2
Pau Torres,Aston Villa,DEF,41,23,4.3,2.67,6
Pau Torres,Aston Villa,DEF,41,24,4.3,3.24,2
Pau Torres,Aston Villa,DEF,41,25,4.3,2.11,0
Pau Torres,Aston Villa,DEF,41,26,4.3,1.61,0
Pau Torres,Aston Villa,DEF,41,27,4.3,1.09,0
Pau Torres,Aston Villa,DEF,41,28,4.3,2.15,1
Andrés García,Aston Villa,DEF,42,15,3.9,0.0,0
Andrés García,Aston Villa,DEF,42,16,3.9,0.04,0
Andrés García,Aston Villa,DEF,42,17,3.9,0.0,0
Andrés García,Aston Villa,DEF,42,18,3.9,0.0,0
Andrés García,Aston Villa,DEF,42,19,3.9,0.0,0
Andrés García,Aston Villa,DEF,42,20,3.9,0.0,1
Andrés García,Aston Villa,DEF,42,21,3.9,0.09,0
Andrés García,Aston Villa,DEF,42,22,3.9,0.02,0
Andrés García,Aston Villa,DEF,42,23,3.9,0.02,0
Andrés García,Aston Villa,DEF,42,24,3.9,0.0,0
Andrés García,Aston Villa,DEF,42,25,3.9,0.0,0
Andrés García,Aston Villa,DEF,42,26,3.9,0.0,0
Andrés García,Aston Villa,DEF,42,27,3.9,0.0,1
Andrés García,Aston Villa,DEF,42,28,3.9,0.0,0
Álex Moreno Lopera,Aston Villa,DEF,43,15,4.0,0.0,0
Álex Moreno Lopera,Aston Villa,DEF,43,16,4.0,0.08,0
Álex Moreno Lopera,Aston Villa,DEF,43,17,4.0,0.0,0
Álex Moreno Lopera,Aston Villa,DEF,43,18,4.0,0.03,0
Álex Moreno Lopera,Aston Villa,DEF,43,19,4.0,0.01,0
Álex Moreno Lopera,Aston Villa,DEF,43,20,4.0,0.0,0
Álex Moreno Lopera,Aston Villa,DEF,43,21,4.0,0.0,0
Álex Moreno Lopera,Aston Villa,DEF,43,22,4.0,0.0,0
Álex Moreno Lopera,Aston Villa,DEF,43,23,4.0,0.0,0
Álex Moreno Lopera,Aston Villa,DEF,43,24,4.0,0.0,0
Álex Moreno Lopera,Aston Villa,DEF,43,25,4.0,0.0,0
Álex Moreno Lopera,Aston Villa,DEF,43,26,4.0,0.0,0
Álex Moreno Lopera,Aston Villa,DEF,43,27,4.0,0.0,0
Álex Moreno Lopera,Aston Villa,DEF,43,28,4.0,0.0,0
Lamare Bogarde,Aston Villa,DEF,44,15,4.0,0.55,1
Lamare Bogarde,Aston Villa,DEF,44,16,4.0,0.68,0
Lamare Bogarde,Aston Villa,DEF,44,17,4.0,0.44,0
Lamare Bogarde,Aston Villa,DEF,44,18,4.0,0.55,1
Lamare Bogarde,Aston Villa,DEF,44,19,4.0,1.83,-1
Lamare Bogarde,Aston Villa,DEF,44,20,4.0,0.62,0
Lamare Bogarde,Aston Villa,DEF,44,21,4.0,0.67,1
Lamare Bogarde,Aston Villa,DEF,44,22,4.0,1.98,1
Lamare Bogarde,Aston Villa,DEF,44,23,4.0,0.84,1
Lamare Bogarde,Aston Villa,DEF,44,24,4.0,0.79,1
Lamare Bogarde,Aston Villa,DEF,44,25,4.0,1.0,1
Lamare Bogarde,Aston Villa,DEF,44,26,4.0,2.34,7
Lamare Bogarde,Aston Villa,DEF,44,27,4.0,1.31,1
Lamare Bogarde,Aston Villa,DEF,44,28,4.0,1.25,0
Lino da Cruz Sousa,Aston Villa,DEF,45,15,3.9,0.0,0
Lino da Cruz Sousa,Aston Villa,DEF,45,16,3.9,0.04,0
Lino da Cruz Sousa,Aston Villa,DEF,45,17,3.9,0.0,0
Lino da Cruz Sousa,Aston Villa,DEF,45,18,3.9,0.0,0
Lino da Cruz Sousa,Aston Villa,DEF,45,19,3.9,0.0,0
Lino da Cruz Sousa,Aston Villa,DEF,45,20,3.9,0.0,0
Lino da Cruz Sousa,Aston Villa,DEF,45,21,3.9,0.0,0
Lino da Cruz Sousa,Aston Villa,DEF,45,22,3.9,0.0,0
Lino da Cruz Sousa,Aston Villa,DEF,45,23,3.8,0.0,0
Lino da Cruz Sousa,Aston Villa,DEF,45,24,3.8,0.0,0
Lino da Cruz Sousa,Aston Villa,DEF,45,25,3.8,0.0,0
Lino da Cruz Sousa,Aston Villa,DEF,45,26,3.8,0.0,0
Lino da Cruz Sousa,Aston Villa,DEF,45,27,3.8,0.0,0
Lino da Cruz Sousa,Aston Villa,DEF,45,28,3.8,0.0,0
Yasin Özcan,Aston Villa,DEF,46,15,4.0,0.0,0
Yasin Özcan,Aston Villa,DEF,46,16,4.0,0.08,0
Yasin Özcan,Aston Villa,DEF,46,17,4.0,0.0,0
Yasin Özcan,Aston Villa,DEF,46,18,4.0,0.03,0
Yasin Özcan,Aston Villa,DEF,46,19,4.0,0.01,0
Yasin Özcan,Aston Villa,DEF,46,20,4.0,0.0,0
Yasin Özcan,Aston Villa,DEF,46,21,4.0,0.0,0
Yasin Özcan,Aston Villa,DEF,46,22,4.0,0.0,0
Yasin Özcan,Aston Villa,DEF,46,23,4.0,0.0,0
Yasin Özcan,Aston Villa,DEF,46,24,4.0,0.0,0
Yasin Özcan,Aston Villa,DEF,46,25,4.0,0.0,0
Yasin Özcan,Aston Villa,DEF,46,26,4.0,0.0,0
Yasin Özcan,Aston Villa,DEF,46,27,4.0,0.0,0
Yasin Özcan,Aston Villa,DEF,46,28,4.0,0.0,0
Morgan Rogers,Aston Villa,MID,47,15,6.9,5.17,2
Morgan Rogers,Aston Villa,MID,47,16,7.0,5.23,15
Morgan Rogers,Aston Villa,MID,47,17,7.1,5.69,15
Morgan Rogers,Aston Villa,MID,47,18,7.3,5.71,1
Morgan Rogers,Aston Villa,MID,47,19,7.4,5.61,1
Morgan Rogers,Aston Villa,MID,47,20,7.5,5.37,5
Morgan Rogers,Aston Villa,MID,47,21,7.6,5.45,3
Morgan Rogers,Aston Villa,MID,47,22,7.7,5.32,2
Morgan Rogers,Aston Villa,MID,47,23,7.7,5.23,8
Morgan Rogers,Aston Villa,MID,47,24,7.7,5.39,2
Morgan Rogers,Aston Villa,MID,47,25,7.6,5.44,10
Morgan Rogers,Aston Villa,MID,47,26,7.6,5.73,2
Morgan Rogers,Aston Villa,MID,47,27,7.7,5.4,2
Morgan Rogers,Aston Villa,MID,47,28,7.7,5.44,2
Youri Tielemans,Aston Villa,MID,48,15,5.9,3.24,2
Youri Tielemans,Aston Villa,MID,48,16,5.9,3.49,6
Youri Tielemans,Aston Villa,MID,48,17,5.9,3.62,2
Youri Tielemans,Aston Villa,MID,48,18,5.9,4.04,7
Youri Tielemans,Aston Villa,MID,48,19,5.9,4.46,2
Youri Tielemans,Aston Villa,MID,48,20,5.9,4.14,7
Youri Tielemans,Aston Villa,MID,48,21,5.9,4.66,3
Youri Tielemans,Aston Villa,MID,48,22,5.9,4.22,2
Youri Tielemans,Aston Villa,MID,48,23,5.9,4.32,3
Youri Tielemans,Aston Villa,MID,48,24,5.9,2.27,0
Youri Tielemans,Aston Villa,MID,48,25,5.9,1.86,0
Youri Tielemans,Aston Villa,MID,48,26,5.9,1.28,0
Youri Tielemans,Aston Villa,MID,48,27,5.9,0.92,0
Youri Tielemans,Aston Villa,MID,48,28,5.9,0.95,0
Leon Bailey,Aston Villa,MID,49,15,5.5,0.31,0
Leon Bailey,Aston Villa,MID,49,16,5.5,0.4,0
Leon Bailey,Aston Villa,MID,49,17,5.5,0.27,0
Leon Bailey,Aston Villa,MID,49,18,5.5,0.36,0
Leon Bailey,Aston Villa,MID,49,19,5.5,0.34,0
Leon Bailey,Aston Villa,MID,49,20,5.5,0.25,0
Leon Bailey,Aston Villa,MID,49,21,5.5,0.3,0
Leon Bailey,Aston Villa,MID,49,22,5.5,0.23,0
Leon Bailey,Aston Villa,MID,49,23,5.5,0.32,1
Leon Bailey,Aston Villa,MID,49,24,5.5,0.41,1
Leon Bailey,Aston Villa,MID,49,25,5.5,0.69,1
Leon Bailey,Aston Villa,MID,49,26,5.5,0.75,1
Leon Bailey,Aston Villa,MID,49,27,5.5,2.39,2
Leon Bailey,Aston Villa,MID,49,28,5.5,0.94,0
Emiliano Buendía Stati,Aston Villa,MID,50,15,5.3,1.69,6
Emiliano Buendía Stati,Aston Villa,MID,50,16,5.3,1.61,1
Emiliano Buendía Stati,Aston Villa,MID,50,17,5.3,1.17,1
Emiliano Buendía Stati,Aston Villa,MID,50,18,5.3,1.54,3
Emiliano Buendía Stati,Aston Villa,MID,50,19,5.3,3.1,2
Emiliano Buendía Stati,Aston Villa,MID,50,20,5.3,3.26,2
Emiliano Buendía Stati,Aston Villa,MID,50,21,5.3,1.86,1
Emiliano Buendía Stati,Aston Villa,MID,50,22,5.3,3.21,2
Emiliano Buendía Stati,Aston Villa,MID,50,23,5.3,3.49,11
Emiliano Buendía Stati,Aston Villa,MID,50,24,5.3,3.91,2
Emiliano Buendía Stati,Aston Villa,MID,50,25,5.3,3.88,1
Emiliano Buendía Stati,Aston Villa,MID,50,26,5.3,2.36,1
Emiliano Buendía Stati,Aston Villa,MID,50,27,5.3,3.4,1
Emiliano Buendía Stati,Aston Villa,MID,50,28,5.3,3.43,1
Samuel Iling-Junior,Aston Villa,MID,51,15,5.5,0.31,0
Samuel Iling-Junior,Aston Villa,MID,51,16,5.5,0.4,0
Samuel Iling-Junior,Aston Villa,MID,51,17,5.5,0.27,0
Samuel Iling-Junior,Aston Villa,MID,51,18,5.5,0.36,0
Samuel Iling-Junior,Aston Villa,MID,51,19,5.5,0.34,0
Samuel Iling-Junior,Aston Villa,MID,51,20,5.5,0.25,0
Samuel Iling-Junior,Aston Villa,MID,51,21,5.5,0.3,0
Samuel Iling-Junior,Aston Villa,MID,51,22,5.5,0.23,0
Samuel Iling-Junior,Aston Villa,MID,51,23,5.5,0.3,0
Samuel Iling-Junior,Aston Villa,MID,51,24,5.5,0.22,0
Samuel Iling-Junior,Aston Villa,MID,51,25,5.5,0.3,0
Samuel Iling-Junior,Aston Villa,MID,51,26,5.5,0.19,0
Samuel Iling-Junior,Aston Villa,MID,51,27,5.5,0.19,0
Samuel Iling-Junior,Aston Villa,MID,51,28,5.5,0.24,0
Jacob Ramsey,Newcastle,MID,52,15,5.3,1.73,1
Jacob Ramsey,Newcastle,MID,52,16,5.3,0.86,0
Jacob Ramsey,Newcastle,MID,52,17,5.3,2.34,2
Jacob Ramsey,Newcastle,MID,52,18,5.3,2.79,2
Jacob Ramsey,Newcastle,MID,52,19,5.3,1.1,1
Jacob Ramsey,Newcastle,MID,52,20,5.3,1.11,1
Jacob Ramsey,Newcastle,MID,52,21,5.3,0.89,1
Jacob Ramsey,Newcastle,MID,52,22,5.3,0.75,0
Jacob Ramsey,Newcastle,MID,52,23,5.3,0.56,1
Jacob Ramsey,Newcastle,MID,52,24,5.3,2.03,1
Jacob Ramsey,Newcastle,MID,52,25,5.3,0.91,1
Jacob Ramsey,Newcastle,MID,52,26,5.3,2.74,7
Jacob Ramsey,Newcastle,MID,52,27,5.3,2.98,6
Jacob Ramsey,Newcastle,MID,52,28,5.3,2.01,6
Donyell Malen,Aston Villa,MID,53,15,5.1,1.93,1
Donyell Malen,Aston Villa,MID,53,16,5.1,1.71,1
Donyell Malen,Aston Villa,MID,53,17,5.1,1.22,1
Donyell Malen,Aston Villa,MID,53,18,5.1,1.25,1
Donyell Malen,Aston Villa,MID,53,19,5.1,1.61,4
Donyell Malen,Aston Villa,MID,53,20,5.1,1.42,1
Donyell Malen,Aston Villa,MID,53,21,5.1,1.45,1
Donyell Malen,Aston Villa,MID,53,22,5.1,1.28,0
Donyell Malen,Aston Villa,MID,53,23,5.1,0.98,0
Donyell Malen,Aston Villa,MID,53,24,5.1,0.8,0
Donyell Malen,Aston Villa,MID,53,25,5.1,0.72,0
Donyell Malen,Aston Villa,MID,53,26,5.1,0.6,0
Donyell Malen,Aston Villa,MID,53,27,5.1,0.58,0
Donyell Malen,Aston Villa,MID,53,28,5.1,0.64,0
John McGinn,Aston Villa,MID,54,15,5.4,3.93,2
John McGinn,Aston Villa,MID,54,16,5.4,4.1,2
John McGinn,Aston Villa,MID,54,17,5.4,3.63,5
John McGinn,Aston Villa,MID,54,18,5.4,2.36,1
John McGinn,Aston Villa,MID,54,19,5.4,2.08,1
John McGinn,Aston Villa,MID,54,20,5.4,3.62,15
John McGinn,Aston Villa,MID,54,21,5.4,3.96,3
John McGinn,Aston Villa,MID,54,22,5.4,2.43,1
John McGinn,Aston Villa,MID,54,23,5.4,2.33,0
John McGinn,Aston Villa,MID,54,24,5.4,1.64,0
John McGinn,Aston Villa,MID,54,25,5.4,1.36,0
John McGinn,Aston Villa,MID,54,26,5.4,0.91,0
John McGinn,Aston Villa,MID,54,27,5.4,0.86,0
John McGinn,Aston Villa,MID,54,28,5.4,0.9,0
Ross Barkley,Aston Villa,MID,55,15,4.8,0.74,0
Ross Barkley,Aston Villa,MID,55,16,4.8,0.5,0
Ross Barkley,Aston Villa,MID,55,17,4.8,0.2,0
Ross Barkley,Aston Villa,MID,55,18,4.8,0.23,0
Ross Barkley,Aston Villa,MID,55,19,4.8,0.19,0
Ross Barkley,Aston Villa,MID,55,20,4.8,0.1,0
Ross Barkley,Aston Villa,MID,55,21,4.8,0.15,0
Ross Barkley,Aston Villa,MID,55,22,4.8,0.08,0
Ross Barkley,Aston Villa,MID,55,23,4.8,0.15,0
Ross Barkley,Aston Villa,MID,55,24,4.8,0.07,0
Ross Barkley,Aston Villa,MID,55,25,4.8,0.17,1
Ross Barkley,Aston Villa,MID,55,26,4.8,0.18,1
Ross Barkley,Aston Villa,MID,55,27,4.8,0.34,1
Ross Barkley,Aston Villa,MID,55,28,4.8,0.58,1
Enzo Barrenechea,Aston Villa,MID,56,15,5.0,0.08,0
Enzo Barrenechea,Aston Villa,MID,56,16,5.0,0.18,0
Enzo Barrenechea,Aston Villa,MID,56,17,5.0,0.04,0
Enzo Barrenechea,Aston Villa,MID,56,18,5.0,0.13,0
Enzo Barrenechea,Aston Villa,MID,56,19,5.0,0.11,0
Enzo Barrenechea,Aston Villa,MID,56,20,5.0,0.03,0
Enzo Barrenechea,Aston Villa,MID,56,21,5.0,0.08,0
Enzo Barrenechea,Aston Villa,MID,56,22,5.0,0.01,0
Enzo Barrenechea,Aston Villa,MID,56,23,5.0,0.08,0
Enzo Barrenechea,Aston Villa,MID,56,24,5.0,0.0,0
Enzo Barrenechea,Aston Villa,MID,56,25,5.0,0.07,0
Enzo Barrenechea,Aston Villa,MID,56,26,5.0,0.0,0
Enzo Barrenechea,Aston Villa,MID,56,27,5.0,0.0,0
Enzo Barrenechea,Aston Villa,MID,56,28,5.0,0.01,0
Lewis Dobbin,Aston Villa,MID,57,15,5.0,0.08,0
Lewis Dobbin,Aston Villa,MID,57,16,5.0,0.18,0
Lewis Dobbin,Aston Villa,MID,57,17,5.0,0.04,0
Lewis Dobbin,Aston Villa,MID,57,18,5.0,0.13,0
Lewis Dobbin,Aston Villa,MID,57,19,5.0,0.11,0
Lewis Dobbin,Aston Villa,MID,57,20,5.0,0.03,0
Lewis Dobbin,Aston Villa,MID,57,21,5.0,0.08,0
Lewis Dobbin,Aston Villa,MID,57,22,5.0,0.01,0
Lewis Dobbin,Aston Villa,MID,57,23,5.0,0.08,0
Lewis Dobbin,Aston Villa,MID,57,24,5.0,0.0,0
Lewis Dobbin,Aston Villa,MID,57,25,5.0,0.07,0
Lewis Dobbin,Aston Villa,MID,57,26,5.0,0.0,0
Lewis Dobbin,Aston Villa,MID,57,27,5.0,0.0,0
Lewis Dobbin,Aston Villa,MID,57,28,5.0,0.01,0
Boubacar Kamara,Aston Villa,MID,58,15,4.9,3.95,10
Boubacar Kamara,Aston Villa,MID,58,16,4.9,4.51,1
Boubacar Kamara,Aston Villa,MID,58,17,4.9,4.16,2
Boubacar Kamara,Aston Villa,MID,58,18,4.9,3.98,1
Boubacar Kamara,Aston Villa,MID,58,19,4.9,1.99,0
Boubacar Kamara,Aston Villa,MID,58,20,4.9,3.14,4
Boubacar Kamara,Aston Villa,MID,58,21,4.9,3.22,3
Boubacar Kamara,Aston Villa,MID,58,22,4.9,1.6,0
Boubacar Kamara,Aston Villa,MID,58,23,4.9,1.64,0
Boubacar Kamara,Aston Villa,MID,58,24,4.9,1.06,0
Boubacar Kamara,Aston Villa,MID,58,25,4.9,0.8,0
Boubacar Kamara,Aston Villa,MID,58,26,4.9,0.63,0
Boubacar Kamara,Aston Villa,MID,58,27,4.9,0.58,0
Boubacar Kamara,Aston Villa,MID,58,28,4.9,0.63,0
Amadou Onana,Aston Villa,MID,59,15,4.8,3.03,2
Amadou Onana,Aston Villa,MID,59,16,4.8,3.52,2
Amadou Onana,Aston Villa,MID,59,17,4.8,3.53,4
Amadou Onana,Aston Villa,MID,59,18,4.8,1.93,1
Amadou Onana,Aston Villa,MID,59,19,4.8,1.71,1
Amadou Onana,Aston Villa,MID,59,20,4.8,1.33,0
Amadou Onana,Aston Villa,MID,59,21,4.8,0.92,0
Amadou Onana,Aston Villa,MID,59,22,4.8,0.68,0
Amadou Onana,Aston Villa,MID,59,23,4.8,2.2,5
Amadou Onana,Aston Villa,MID,59,24,4.8,1.03,0
Amadou Onana,Aston Villa,MID,59,25,4.8,2.75,4
Amadou Onana,Aston Villa,MID,59,26,4.8,3.24,3
Amadou Onana,Aston Villa,MID,59,27,4.8,3.15,2
Amadou Onana,Aston Villa,MID,59,28,4.8,3.57,2
Ben Broggio,Aston Villa,MID,60,15,4.5,0.0,0
Ben Broggio,Aston Villa,MID,60,16,4.5,0.0,0
Ben Broggio,Aston Villa,MID,60,17,4.5,0.0,0
Ben Broggio,Aston Villa,MID,60,18,4.5,0.0,0
Ben Broggio,Aston Villa,MID,60,19,4.5,0.0,0
Ben Broggio,Aston Villa,MID,60,20,4.5,0.0,0
Ben Broggio,Aston Villa,MID,60,21,4.4,0.0,0
Ben Broggio,Aston Villa,MID,60,22,4.4,0.0,0
Ben Broggio,Aston Villa,MID,60,23,4.4,0.0,0
Ben Broggio,Aston Villa,MID,60,24,4.4,0.0,0
Ben Broggio,Aston Villa,MID,60,25,4.4,0.0,0
Ben Broggio,Aston Villa,MID,60,26,4.4,0.0,0
Ben Broggio,Aston Villa,MID,60,27,4.4,0.0,0
Ben Broggio,Aston Villa,MID,60,28,4.4,0.0,0
Leander Dendoncker,Aston Villa,MID,61,15,4.5,0.0,0
Leander Dendoncker,Aston Villa,MID,61,16,4.5,0.0,0
Leander Dendoncker,Aston Villa,MID,61,17,4.5,0.0,0
Leander Dendoncker,Aston Villa,MID,61,18,4.5,0.0,0
Leander Dendoncker,Aston Villa,MID,61,19,4.5,0.0,0
Leander Dendoncker,Aston Villa,MID,61,20,4.5,0.0,0
Leander Dendoncker,Aston Villa,MID,61,21,4.5,0.0,0
Leander Dendoncker,Aston Villa,MID,61,22,4.5,0.0,0
Leander Dendoncker,Aston Villa,MID,61,23,4.5,0.0,0
Leander Dendoncker,Aston Villa,MID,61,24,4.5,0.0,0
Leander Dendoncker,Aston Villa,MID,61,25,4.5,0.0,0
Leander Dendoncker,Aston Villa,MID,61,26,4.5,0.0,0
Leander Dendoncker,Aston Villa,MID,61,27,4.5,0.0,0
Leander Dendoncker,Aston Villa,MID,61,28,4.5,0.0,0
Jamaldeen Jimoh-Aloba,Aston Villa,MID,62,15,4.5,0.0,0
Jamaldeen Jimoh-Aloba,Aston Villa,MID,62,16,4.5,0.0,0
Jamaldeen Jimoh-Aloba,Aston Villa,MID,62,17,4.5,0.0,0
Jamaldeen Jimoh-Aloba,Aston Villa,MID,62,18,4.5,0.0,0
Jamaldeen Jimoh-Aloba,Aston Villa,MID,62,19,4.5,0.0,1
Jamaldeen Jimoh-Aloba,Aston Villa,MID,62,20,4.5,0.0,0
Jamaldeen Jimoh-Aloba,Aston Villa,MID,62,21,4.5,0.0,0
Jamaldeen Jimoh-Aloba,Aston Villa,MID,62,22,4.5,0.0,0
Jamaldeen Jimoh-Aloba,Aston Villa,MID,62,23,4.5,0.0,0
Jamaldeen Jimoh-Aloba,Aston Villa,MID,62,24,4.5,0.0,0
Jamaldeen Jimoh-Aloba,Aston Villa,MID,62,25,4.5,0.0,0
Jamaldeen Jimoh-Aloba,Aston Villa,MID,62,26,4.5,0.0,0
Jamaldeen Jimoh-Aloba,Aston Villa,MID,62,27,4.5,0.0,0
Jamaldeen Jimoh-Aloba,Aston Villa,MID,62,28,4.5,0.0,0
Kadan Young,Aston Villa,MID,63,15,4.4,0.0,0
Kadan Young,Aston Villa,MID,63,16,4.3,0.0,0
Kadan Young,Aston Villa,MID,63,17,4.3,0.0,0
Kadan Young,Aston Villa,MID,63,18,4.3,0.0,0
Kadan Young,Aston Villa,MID,63,19,4.3,0.0,0
Kadan Young,Aston Villa,MID,63,20,4.3,0.0,0
Kadan Young,Aston Villa,MID,63,21,4.3,0.0,0
Kadan Young,Aston Villa,MID,63,22,4.3,0.0,0
Kadan Young,Aston Villa,MID,63,23,4.3,0.0,0
Kadan Young,Aston Villa,MID,63,24,4.3,0.0,0
Kadan Young,Aston Villa,MID,63,25,4.3,0.0,0
Kadan Young,Aston Villa,MID,63,26,4.3,0.0,0
Kadan Young,Aston Villa,MID,63,27,4.3,0.0,0
Kadan Young,Aston Villa,MID,63,28,4.3,0.0,0
Ollie Watkins,Aston Villa,FWD,64,15,8.5,5.03,2
Ollie Watkins,Aston Villa,FWD,64,16,8.5,5.23,5
Ollie Watkins,Aston Villa,FWD,64,17,8.5,5.57,5
Ollie Watkins,Aston Villa,FWD,64,18,8.5,4.48,12
Ollie Watkins,Aston Villa,FWD,64,19,8.5,6.08,5
Ollie Watkins,Aston Villa,FWD,64,20,8.6,5.9,7
Ollie Watkins,Aston Villa,FWD,64,21,8.7,6.01,2
Ollie Watkins,Aston Villa,FWD,64,22,8.8,5.78,2
Ollie Watkins,Aston Villa,FWD,64,23,8.8,5.73,8
Ollie Watkins,Aston Villa,FWD,64,24,8.8,4.04,0
Ollie Watkins,Aston Villa,FWD,64,25,8.7,5.21,2
Ollie Watkins,Aston Villa,FWD,64,26,8.7,5.05,2
Ollie Watkins,Aston Villa,FWD,64,27,8.6,4.89,2
Ollie Watkins,Aston Villa,FWD,64,28,8.6,5.36,2
Zépiqueno Redmond,Aston Villa,FWD,65,15,4.5,0.09,0
Zépiqueno Redmond,Aston Villa,FWD,65,16,4.5,0.19,0
Zépiqueno Redmond,Aston Villa,FWD,65,17,4.5,0.05,0
Zépiqueno Redmond,Aston Villa,FWD,65,18,4.5,0.14,0
Zépiqueno Redmond,Aston Villa,FWD,65,19,4.5,0.12,0
Zépiqueno Redmond,Aston Villa,FWD,65,20,4.5,0.04,0
Zépiqueno Redmond,Aston Villa,FWD,65,21,4.5,0.09,0
Zépiqueno Redmond,Aston Villa,FWD,65,22,4.5,0.02,0
Zépiqueno Redmond,Aston Villa,FWD,65,23,4.5,0.09,0
Zépiqueno Redmond,Aston Villa,FWD,65,24,4.5,0.0,0
Zépiqueno Redmond,Aston Villa,FWD,65,25,4.5,0.08,0
Zépiqueno Redmond,Aston Villa,FWD,65,26,4.5,0.0,0
Zépiqueno Redmond,Aston Villa,FWD,65,27,4.5,0.0,0
Zépiqueno Redmond,Aston Villa,FWD,65,28,4.5,0.03,0
Norberto Murara Neto,Bournemouth,GK,66,15,4.5,0.0,0
Norberto Murara Neto,Bournemouth,GK,66,16,4.5,0.01,0
Norberto Murara Neto,Bournemouth,GK,66,17,4.5,0.0,0
Norberto Murara Neto,Bournemouth,GK,66,18,4.5,0.0,0
Norberto Murara Neto,Bournemouth,GK,66,19,4.5,0.0,0
Norberto Murara Neto,Bournemouth,GK,66,20,4.5,0.0,0
Norberto Murara Neto,Bournemouth,GK,66,21,4.5,0.0,0
Norberto Murara Neto,Bournemouth,GK,66,22,4.5,0.0,0
Norberto Murara Neto,Bournemouth,GK,66,23,4.5,0.0,0
Norberto Murara Neto,Bournemouth,GK,66,24,4.5,0.0,0
Norberto Murara Neto,Bournemouth,GK,66,25,4.5,0.0,0
Norberto Murara Neto,Bournemouth,GK,66,26,4.5,0.0,0
Norberto Murara Neto,Bournemouth,GK,66,27,4.5,0.0,0
Norberto Murara Neto,Bournemouth,GK,66,28,4.5,0.0,0
Đorđe Petrović,Bournemouth,GK,67,15,4.5,3.24,7
Đorđe Petrović,Bournemouth,GK,67,16,4.5,3.49,1
Đorđe Petrović,Bournemouth,GK,67,17,4.5,3.65,2
Đorđe Petrović,Bournemouth,GK,67,18,4.5,3.4,-1
Đorđe Petrović,Bournemouth,GK,67,19,4.5,2.87,1
Đorđe Petrović,Bournemouth,GK,67,20,4.5,2.82,1
Đorđe Petrović,Bournemouth,GK,67,21,4.5,2.69,1
Đorđe Petrović,Bournemouth,GK,67,22,4.5,3.17,2
Đorđe Petrović,Bournemouth,GK,67,23,4.5,2.99,1
Đorđe Petrović,Bournemouth,GK,67,24,4.5,3.49,10
Đorđe Petrović,Bournemouth,GK,67,25,4.5,4.04,3
Đorđe Petrović,Bournemouth,GK,67,26,4.5,4.16,3
Đorđe Petrović,Bournemouth,GK,67,27,4.5,4.44,9
Đorđe Petrović,Bournemouth,GK,67,28,4.5,4.49,3
Will Dennis,Bournemouth,GK,68,15,4.0,0.0,0
Will Dennis,Bournemouth,GK,68,16,4.0,0.0,0
Will Dennis,Bournemouth,GK,68,17,4.0,0.0,0
Will Dennis,Bournemouth,GK,68,18,4.0,0.0,0
Will Dennis,Bournemouth,GK,68,19,4.0,0.0,0
Will Dennis,Bournemouth,GK,68,20,4.0,0.0,0
Will Dennis,Bournemouth,GK,68,21,4.0,0.0,0
Will Dennis,Bournemouth,GK,68,22,4.0,0.0,0
Will Dennis,Bournemouth,GK,68,23,4.0,0.0,0
Will Dennis,Bournemouth,GK,68,24,4.0,0.0,0
Will Dennis,Bournemouth,GK,68,25,4.0,0.0,0
Will Dennis,Bournemouth,GK,68,26,4.0,0.0,0
Will Dennis,Bournemouth,GK,68,27,4.0,0.0,0
Will Dennis,Bournemouth,GK,68,28,4.0,0.0,0
Callan McKenna,Bournemouth,GK,69,15,4.0,0.0,0
Callan McKenna,Bournemouth,GK,69,16,4.0,0.0,0
Callan McKenna,Bournemouth,GK,69,17,4.0,0.0,0
Callan McKenna,Bournemouth,GK,69,18,3.9,0.0,0
Callan McKenna,Bournemouth,GK,69,19,3.9,0.0,0
Callan McKenna,Bournemouth,GK,69,20,3.9,0.0,0
Callan McKenna,Bournemouth,GK,69,21,3.9,0.0,0
Callan McKenna,Bournemouth,GK,69,22,3.9,0.0,0
Callan McKenna,Bournemouth,GK,69,23,3.9,0.0,0
Callan McKenna,Bournemouth,GK,69,24,3.9,0.0,0
Callan McKenna,Bournemouth,GK,69,25,3.9,0.0,0
Callan McKenna,Bournemouth,GK,69,26,3.9,0.0,0
Callan McKenna,Bournemouth,GK,69,27,3.9,0.0,0
Callan McKenna,Bournemouth,GK,69,28,3.9,0.0,0
Alex Paulsen,Bournemouth,GK,70,15,4.0,0.0,0
Alex Paulsen,Bournemouth,GK,70,16,4.0,0.0,0
Alex Paulsen,Bournemouth,GK,70,17,4.0,0.0,0
Alex Paulsen,Bournemouth,GK,70,18,4.0,0.0,0
Alex Paulsen,Bournemouth,GK,70,19,4.0,0.0,0
Alex Paulsen,Bournemouth,GK,70,20,4.0,0.0,0
Alex Paulsen,Bournemouth,GK,70,21,4.0,0.0,0
Alex Paulsen,Bournemouth,GK,70,22,4.0,0.0,0
Alex Paulsen,Bournemouth,GK,70,23,4.0,0.0,0
Alex Paulsen,Bournemouth,GK,70,24,4.0,0.0,0
Alex Paulsen,Bournemouth,GK,70,25,4.0,0.0,0
Alex Paulsen,Bournemouth,GK,70,26,4.0,0.0,0
Alex Paulsen,Bournemouth,GK,70,27,4.0,0.0,0
Alex Paulsen,Bournemouth,GK,70,28,4.0,0.0,0
Illia Zabarnyi,Bournemouth,DEF,71,15,5.0,0.37,0
Illia Zabarnyi,Bournemouth,DEF,71,16,5.0,0.47,0
Illia Zabarnyi,Bournemouth,DEF,71,17,5.0,0.41,0
Illia Zabarnyi,Bournemouth,DEF,71,18,5.0,0.44,0
Illia Zabarnyi,Bournemouth,DEF,71,19,5.0,0.41,0
Illia Zabarnyi,Bournemouth,DEF,71,20,5.0,0.37,0
Illia Zabarnyi,Bournemouth,DEF,71,21,5.0,0.37,0
Illia Zabarnyi,Bournemouth,DEF,71,22,5.0,0.38,0
Illia Zabarnyi,Bournemouth,DEF,71,23,5.0,0.32,0
Illia Zabarnyi,Bournemouth,DEF,71,24,5.0,0.4,0
Illia Zabarnyi,Bournemouth,DEF,71,25,5.0,0.33,0
Illia Zabarnyi,Bournemouth,DEF,71,26,5.0,0.41,0
Illia Zabarnyi,Bournemouth,DEF,71,27,5.0,0.39,0
Illia Zabarnyi,Bournemouth,DEF,71,28,5.0,0.33,0
Marcos Senesi Barón,Bournemouth,DEF,72,15,5.0,3.85,8
Marcos Senesi Barón,Bournemouth,DEF,72,16,5.0,3.79,1
Marcos Senesi Barón,Bournemouth,DEF,72,17,4.9,3.94,4
Marcos Senesi Barón,Bournemouth,DEF,72,18,4.9,4.53,2
Marcos Senesi Barón,Bournemouth,DEF,72,19,4.9,4.27,3
Marcos Senesi Barón,Bournemouth,DEF,72,20,4.8,4.03,1
Marcos Senesi Barón,Bournemouth,DEF,72,21,4.8,4.09,6
Marcos Senesi Barón,Bournemouth,DEF,72,22,4.8,4.46,3
Marcos Senesi Barón,Bournemouth,DEF,72,23,4.8,4.51,3
Marcos Senesi Barón,Bournemouth,DEF,72,24,4.8,4.88,8
Marcos Senesi Barón,Bournemouth,DEF,72,25,4.8,4.94,2
Marcos Senesi Barón,Bournemouth,DEF,72,26,4.8,4.86,2
Marcos Senesi Barón,Bournemouth,DEF,72,27,4.8,4.77,5
Marcos Senesi Barón,Bournemouth,DEF,72,28,4.9,4.77,4
Adam Smith,Bournemouth,DEF,73,15,4.4,2.29,6
Adam Smith,Bournemouth,DEF,73,16,4.4,3.0,2
Adam Smith,Bournemouth,DEF,73,17,4.4,1.59,0
Adam Smith,Bournemouth,DEF,73,18,4.4,1.57,0
Adam Smith,Bournemouth,DEF,73,19,4.4,1.09,1
Adam Smith,Bournemouth,DEF,73,20,4.4,0.64,0
Adam Smith,Bournemouth,DEF,73,21,4.4,0.55,0
Adam Smith,Bournemouth,DEF,73,22,4.4,0.42,0
Adam Smith,Bournemouth,DEF,73,23,4.4,1.81,1
Adam Smith,Bournemouth,DEF,73,24,4.4,2.52,6
Adam Smith,Bournemouth,DEF,73,25,4.4,1.46,1
Adam Smith,Bournemouth,DEF,73,26,4.4,1.51,1
Adam Smith,Bournemouth,DEF,73,27,4.4,1.29,1
Adam Smith,Bournemouth,DEF,73,28,4.4,0.8,0
Adrien Truffert,Bournemouth,DEF,74,15,4.5,3.56,6
Adrien Truffert,Bournemouth,DEF,74,16,4.5,3.77,0
Adrien Truffert,Bournemouth,DEF,74,17,4.5,3.97,5
Adrien Truffert,Bournemouth,DEF,74,18,4.5,3.84,1
Adrien Truffert,Bournemouth,DEF,74,19,4.5,3.75,3
Adrien Truffert,Bournemouth,DEF,74,20,4.5,3.66,1
Adrien Truffert,Bournemouth,DEF,74,21,4.5,3.37,1
Adrien Truffert,Bournemouth,DEF,74,22,4.5,3.74,4
Adrien Truffert,Bournemouth,DEF,74,23,4.5,3.75,3
Adrien Truffert,Bournemouth,DEF,74,24,4.5,4.08,6
Adrien Truffert,Bournemouth,DEF,74,25,4.5,4.42,2
Adrien Truffert,Bournemouth,DEF,74,26,4.5,4.44,7
Adrien Truffert,Bournemouth,DEF,74,27,4.5,4.89,6
Adrien Truffert,Bournemouth,DEF,74,28,4.5,4.91,4
Matai Akinmboni,Bournemouth,DEF,75,15,3.9,0.0,0
Matai Akinmboni,Bournemouth,DEF,75,16,3.8,0.0,0
Matai Akinmboni,Bournemouth,DEF,75,17,3.8,0.0,0
Matai Akinmboni,Bournemouth,DEF,75,18,3.8,0.0,0
Matai Akinmboni,Bournemouth,DEF,75,19,3.8,0.0,0
Matai Akinmboni,Bournemouth,DEF,75,20,3.8,0.0,0
Matai Akinmboni,Bournemouth,DEF,75,21,3.8,0.0,0
Matai Akinmboni,Bournemouth,DEF,75,22,3.8,0.0,0
Matai Akinmboni,Bournemouth,DEF,75,23,3.8,0.0,0
Matai Akinmboni,Bournemouth,DEF,75,24,3.8,0.0,0
Matai Akinmboni,Bournemouth,DEF,75,25,3.8,0.0,0
Matai Akinmboni,Bournemouth,DEF,75,26,3.8,0.0,0
Matai Akinmboni,Bournemouth,DEF,75,27,3.8,0.0,0
Matai Akinmboni,Bournemouth,DEF,75,28,3.8,0.0,0
Owen Bevan,Bournemouth,DEF,76,15,3.9,0.0,0
Owen Bevan,Bournemouth,DEF,76,16,3.9,0.0,0
Owen Bevan,Bournemouth,DEF,76,17,3.9,0.0,0
Owen Bevan,Bournemouth,DEF,76,18,3.9,0.0,0
Owen Bevan,Bournemouth,DEF,76,19,3.9,0.0,0
Owen Bevan,Bournemouth,DEF,76,20,3.8,0.0,0
Owen Bevan,Bournemouth,DEF,76,21,3.8,0.0,0
Owen Bevan,Bournemouth,DEF,76,22,3.8,0.0,0
Owen Bevan,Bournemouth,DEF,76,23,3.8,0.0,0
Owen Bevan,Bournemouth,DEF,76,24,3.8,0.0,0
Owen Bevan,Bournemouth,DEF,76,25,3.8,0.0,0
Owen Bevan,Bournemouth,DEF,76,26,3.8,0.0,0
Owen Bevan,Bournemouth,DEF,76,27,3.8,0.0,0
Owen Bevan,Bournemouth,DEF,76,28,3.8,0.0,0
James Hill,Bournemouth,DEF,77,15,4.0,0.16,1
James Hill,Bournemouth,DEF,77,16,3.9,0.36,1
James Hill,Bournemouth,DEF,77,17,3.9,0.39,0
James Hill,Bournemouth,DEF,77,18,3.9,0.42,0
James Hill,Bournemouth,DEF,77,19,3.9,1.9,3
James Hill,Bournemouth,DEF,77,20,3.9,2.26,3
James Hill,Bournemouth,DEF,77,21,3.9,2.77,3
James Hill,Bournemouth,DEF,77,22,3.9,3.33,2
James Hill,Bournemouth,DEF,77,23,3.9,3.3,6
James Hill,Bournemouth,DEF,77,24,3.9,3.92,7
James Hill,Bournemouth,DEF,77,25,3.9,4.28,7
James Hill,Bournemouth,DEF,77,26,3.9,5.04,9
James Hill,Bournemouth,DEF,77,27,4.0,5.44,6
James Hill,Bournemouth,DEF,77,28,4.1,5.21,2
Julián Araujo Zúñiga,Bournemouth,DEF,78,15,3.8,0.0,0
Julián Araujo Zúñiga,Bournemouth,DEF,78,16,3.8,0.0,0
Julián Araujo Zúñiga,Bournemouth,DEF,78,17,3.8,0.0,0
Julián Araujo Zúñiga,Bournemouth,DEF,78,18,3.8,0.0,0
Julián Araujo Zúñiga,Bournemouth,DEF,78,19,3.8,0.0,0
Julián Araujo Zúñiga,Bournemouth,DEF,78,20,3.8,0.0,0
Julián Araujo Zúñiga,Bournemouth,DEF,78,21,3.8,0.0,0
Julián Araujo Zúñiga,Bournemouth,DEF,78,22,3.8,0.0,0
Julián Araujo Zúñiga,Bournemouth,DEF,78,23,3.8,0.0,0
Julián Araujo Zúñiga,Bournemouth,DEF,78,24,3.8,0.0,0
Julián Araujo Zúñiga,Bournemouth,DEF,78,25,3.8,0.0,0
Julián Araujo Zúñiga,Bournemouth,DEF,78,26,3.8,0.0,0
Julián Araujo Zúñiga,Bournemouth,DEF,78,27,3.8,0.0,0
Julián Araujo Zúñiga,Bournemouth,DEF,78,28,3.8,0.0,0
Chris Mepham,Bournemouth,DEF,79,15,4.0,0.0,0
Chris Mepham,Bournemouth,DEF,79,16,4.0,0.02,0
Chris Mepham,Bournemouth,DEF,79,17,4.0,0.0,0
Chris Mepham,Bournemouth,DEF,79,18,4.0,0.0,0
Chris Mepham,Bournemouth,DEF,79,19,4.0,0.0,0
Chris Mepham,Bournemouth,DEF,79,20,4.0,0.0,0
Chris Mepham,Bournemouth,DEF,79,21,4.0,0.0,0
Chris Mepham,Bournemouth,DEF,79,22,4.0,0.0,0
Chris Mepham,Bournemouth,DEF,79,23,4.0,0.0,0
Chris Mepham,Bournemouth,DEF,79,24,4.0,0.0,0
Chris Mepham,Bournemouth,DEF,79,25,4.0,0.0,0
Chris Mepham,Bournemouth,DEF,79,26,4.0,0.0,0
Chris Mepham,Bournemouth,DEF,79,27,4.0,0.0,0
Chris Mepham,Bournemouth,DEF,79,28,4.0,0.0,0
Julio Soler Barreto,Bournemouth,DEF,80,15,4.0,0.06,0
Julio Soler Barreto,Bournemouth,DEF,80,16,4.0,0.17,0
Julio Soler Barreto,Bournemouth,DEF,80,17,4.0,0.11,0
Julio Soler Barreto,Bournemouth,DEF,80,18,4.0,0.06,1
Julio Soler Barreto,Bournemouth,DEF,80,19,4.0,0.11,0
Julio Soler Barreto,Bournemouth,DEF,80,20,4.0,0.05,0
Julio Soler Barreto,Bournemouth,DEF,80,21,4.0,0.06,0
Julio Soler Barreto,Bournemouth,DEF,80,22,4.0,0.0,0
Julio Soler Barreto,Bournemouth,DEF,80,23,4.0,0.0,0
Julio Soler Barreto,Bournemouth,DEF,80,24,4.0,0.0,0
Julio Soler Barreto,Bournemouth,DEF,80,25,4.0,0.0,0
Julio Soler Barreto,Bournemouth,DEF,80,26,4.0,0.0,0
Julio Soler Barreto,Bournemouth,DEF,80,27,4.0,0.0,0
Julio Soler Barreto,Bournemouth,DEF,80,28,4.0,0.0,0
Justin Kluivert,Bournemouth,MID,81,15,7.0,3.28,3
Justin Kluivert,Bournemouth,MID,81,16,7.0,3.82,2
Justin Kluivert,Bournemouth,MID,81,17,7.0,4.1,3
Justin Kluivert,Bournemouth,MID,81,18,7.0,2.47,0
Justin Kluivert,Bournemouth,MID,81,19,7.0,3.9,9
Justin Kluivert,Bournemouth,MID,81,20,7.0,4.13,2
Justin Kluivert,Bournemouth,MID,81,21,7.0,2.46,0
Justin Kluivert,Bournemouth,MID,81,22,7.0,2.23,0
Justin Kluivert,Bournemouth,MID,81,23,7.0,1.64,0
Justin Kluivert,Bournemouth,MID,81,24,7.0,1.44,0
Justin Kluivert,Bournemouth,MID,81,25,7.0,1.22,0
Justin Kluivert,Bournemouth,MID,81,26,7.0,1.26,0
Justin Kluivert,Bournemouth,MID,81,27,7.0,1.25,0
Justin Kluivert,Bournemouth,MID,81,28,7.0,1.19,0
Antoine Semenyo,Bournemouth,MID,82,15,7.7,4.33,3
Antoine Semenyo,Bournemouth,MID,82,16,7.6,4.93,6
Antoine Semenyo,Bournemouth,MID,82,17,7.6,5.2,10
Antoine Semenyo,Bournemouth,MID,82,18,7.7,5.6,9
Antoine Semenyo,Bournemouth,MID,82,19,7.7,5.94,5
Antoine Semenyo,Bournemouth,MID,82,20,7.7,5.7,1
Antoine Semenyo,Bournemouth,MID,82,21,7.6,5.59,6
Antoine Semenyo,Man City,MID,82,22,7.6,5.68,2
Antoine Semenyo,Man City,MID,82,23,7.7,5.3,8
Antoine Semenyo,Man City,MID,82,24,7.8,5.57,7
Antoine Semenyo,Man City,MID,82,25,7.8,5.55,2
Antoine Semenyo,Man City,MID,82,26,7.9,5.6,14
Antoine Semenyo,Man City,MID,82,27,8.0,6.14,4
Antoine Semenyo,Man City,MID,82,28,8.1,6.31,8
Dango Ouattara,Brentford,MID,83,15,6.0,4.91,4
Dango Ouattara,Brentford,MID,83,16,6.1,4.87,2
Dango Ouattara,Brentford,MID,83,17,6.0,2.71,0
Dango Ouattara,Brentford,MID,83,18,5.9,2.12,0
Dango Ouattara,Brentford,MID,83,19,5.9,1.41,0
Dango Ouattara,Brentford,MID,83,20,5.8,1.13,0
Dango Ouattara,Brentford,MID,83,21,5.8,1.01,0
Dango Ouattara,Brentford,MID,83,22,5.8,1.09,1
Dango Ouattara,Brentford,MID,83,23,5.8,1.08,1
Dango Ouattara,Brentford,MID,83,24,5.8,1.74,8
Dango Ouattara,Brentford,MID,83,25,5.8,3.76,12
Dango Ouattara,Brentford,MID,83,26,5.8,4.3,1
Dango Ouattara,Brentford,MID,83,27,5.8,4.83,2
Dango Ouattara,Brentford,MID,83,28,5.9,4.88,5
Marcus Tavernier,Bournemouth,MID,84,15,5.5,3.55,5
Marcus Tavernier,Bournemouth,MID,84,16,5.5,3.98,12
Marcus Tavernier,Bournemouth,MID,84,17,5.6,4.61,2
Marcus Tavernier,Bournemouth,MID,84,18,5.6,4.43,1
Marcus Tavernier,Bournemouth,MID,84,19,5.6,4.43,3
Marcus Tavernier,Bournemouth,MID,84,20,5.6,4.25,2
Marcus Tavernier,Bournemouth,MID,84,21,5.6,4.29,5
Marcus Tavernier,Bournemouth,MID,84,22,5.5,4.48,8
Marcus Tavernier,Bournemouth,MID,84,23,5.5,2.77,0
Marcus Tavernier,Bournemouth,MID,84,24,5.4,2.39,0
Marcus Tavernier,Bournemouth,MID,84,25,5.4,1.66,0
Marcus Tavernier,Bournemouth,MID,84,26,5.3,1.33,0
Marcus Tavernier,Bournemouth,MID,84,27,5.3,1.27,1
Marcus Tavernier,Bournemouth,MID,84,28,5.3,2.91,7
Tyler Adams,Bournemouth,MID,85,15,5.0,2.0,0
Tyler Adams,Bournemouth,MID,85,16,5.0,1.66,1
Tyler Adams,Bournemouth,MID,85,17,5.0,1.25,0
Tyler Adams,Bournemouth,MID,85,18,5.0,0.86,0
Tyler Adams,Bournemouth,MID,85,19,5.0,0.67,0
Tyler Adams,Bournemouth,MID,85,20,5.0,0.56,0
Tyler Adams,Bournemouth,MID,85,21,5.0,0.57,0
Tyler Adams,Bournemouth,MID,85,22,5.0,0.56,0
Tyler Adams,Bournemouth,MID,85,23,4.9,0.46,0
Tyler Adams,Bournemouth,MID,85,24,4.9,0.55,0
Tyler Adams,Bournemouth,MID,85,25,4.9,0.47,0
Tyler Adams,Bournemouth,MID,85,26,4.9,0.55,0
Tyler Adams,Bournemouth,MID,85,27,4.9,2.2,5
Tyler Adams,Bournemouth,MID,85,28,4.9,2.37,1
David Brooks,Bournemouth,MID,86,15,5.0,0.76,1
David Brooks,Bournemouth,MID,86,16,5.0,0.65,1
David Brooks,Bournemouth,MID,86,17,5.0,2.16,2
David Brooks,Bournemouth,MID,86,18,5.0,1.02,1
David Brooks,Bournemouth,MID,86,19,5.0,2.8,10
David Brooks,Bournemouth,MID,86,20,5.0,3.38,2
David Brooks,Bournemouth,MID,86,21,5.0,2.01,4
David Brooks,Bournemouth,MID,86,22,5.0,2.0,0
David Brooks,Bournemouth,MID,86,23,5.0,1.31,0
David Brooks,Bournemouth,MID,86,24,5.0,1.06,0
David Brooks,Bournemouth,MID,86,25,5.0,0.54,1
David Brooks,Bournemouth,MID,86,26,5.0,0.67,0
David Brooks,Bournemouth,MID,86,27,5.0,0.71,1
David Brooks,Bournemouth,MID,86,28,5.0,0.8,1
Ryan Christie,Bournemouth,MID,87,15,5.0,0.4,0
Ryan Christie,Bournemouth,MID,87,16,4.9,0.28,0
Ryan Christie,Bournemouth,MID,87,17,4.9,0.22,1
Ryan Christie,Bournemouth,MID,87,18,4.9,0.36,0
Ryan Christie,Bournemouth,MID,87,19,4.9,0.32,0
Ryan Christie,Bournemouth,MID,87,20,4.9,0.27,0
Ryan Christie,Bournemouth,MID,87,21,4.9,0.18,0
Ryan Christie,Bournemouth,MID,87,22,4.9,0.21,1
Ryan Christie,Bournemouth,MID,87,23,4.9,0.26,1
Ryan Christie,Bournemouth,MID,87,24,4.9,0.5,1
Ryan Christie,Bournemouth,MID,87,25,4.9,0.59,1
Ryan Christie,Bournemouth,MID,87,26,4.9,2.33,2
Ryan Christie,Bournemouth,MID,87,27,4.9,0.93,1
Ryan Christie,Bournemouth,MID,87,28,4.9,0.86,0
Lewis Cook,Bournemouth,MID,88,15,4.9,0.48,0
Lewis Cook,Bournemouth,MID,88,16,4.9,0.14,0
Lewis Cook,Bournemouth,MID,88,17,4.9,1.85,4
Lewis Cook,Bournemouth,MID,88,18,4.9,2.32,4
Lewis Cook,Bournemouth,MID,88,19,4.9,1.23,0
Lewis Cook,Bournemouth,MID,88,20,4.9,1.49,4
Lewis Cook,Bournemouth,MID,88,21,4.9,2.81,3
Lewis Cook,Bournemouth,MID,88,22,4.9,2.95,4
Lewis Cook,Bournemouth,MID,88,23,4.9,3.48,4
Lewis Cook,Bournemouth,MID,88,24,4.9,3.78,3
Lewis Cook,Bournemouth,MID,88,25,4.9,3.64,4
Lewis Cook,Bournemouth,MID,88,26,4.9,2.12,1
Lewis Cook,Bournemouth,MID,88,27,4.9,1.61,0
Lewis Cook,Bournemouth,MID,88,28,4.9,1.03,0
Philip Billing,Bournemouth,MID,89,15,4.9,0.0,0
Philip Billing,Bournemouth,MID,89,16,4.9,0.07,0
Philip Billing,Bournemouth,MID,89,17,4.9,0.01,0
Philip Billing,Bournemouth,MID,89,18,4.9,0.04,0
Philip Billing,Bournemouth,MID,89,19,4.9,0.01,0
Philip Billing,Bournemouth,MID,89,20,4.9,0.0,0
Philip Billing,Bournemouth,MID,89,21,4.9,0.0,0
Philip Billing,Bournemouth,MID,89,22,4.9,0.0,0
Philip Billing,Bournemouth,MID,89,23,4.9,0.0,0
Philip Billing,Bournemouth,MID,89,24,4.9,0.0,0
Philip Billing,Bournemouth,MID,89,25,4.9,0.0,0
Philip Billing,Bournemouth,MID,89,26,4.9,0.0,0
Philip Billing,Bournemouth,MID,89,27,4.9,0.0,0
Philip Billing,Bournemouth,MID,89,28,4.9,0.0,0
Alex Scott,Bournemouth,MID,90,15,5.0,3.08,5
Alex Scott,Bournemouth,MID,90,16,5.0,3.56,2
Alex Scott,Bournemouth,MID,90,17,5.0,2.11,1
Alex Scott,Bournemouth,MID,90,18,5.0,3.37,5
Alex Scott,Bournemouth,MID,90,19,5.0,3.39,2
Alex Scott,Bournemouth,MID,90,20,5.0,3.36,2
Alex Scott,Bournemouth,MID,90,21,5.0,3.63,4
Alex Scott,Bournemouth,MID,90,22,5.0,3.69,4
Alex Scott,Bournemouth,MID,90,23,5.0,3.88,5
Alex Scott,Bournemouth,MID,90,24,5.0,4.51,13
Alex Scott,Bournemouth,MID,90,25,5.0,4.94,2
Alex Scott,Bournemouth,MID,90,26,5.0,4.8,4
Alex Scott,Bournemouth,MID,90,27,5.0,4.7,5
Alex Scott,Bournemouth,MID,90,28,5.0,4.53,3
Luis Sinisterra Lucumí,Bournemouth,MID,91,15,5.0,0.02,0
Luis Sinisterra Lucumí,Bournemouth,MID,91,16,5.0,0.12,0
Luis Sinisterra Lucumí,Bournemouth,MID,91,17,5.0,0.05,0
Luis Sinisterra Lucumí,Bournemouth,MID,91,18,5.0,0.09,0
Luis Sinisterra Lucumí,Bournemouth,MID,91,19,5.0,0.05,0
Luis Sinisterra Lucumí,Bournemouth,MID,91,20,5.0,0.01,0
Luis Sinisterra Lucumí,Bournemouth,MID,91,21,5.0,0.01,0
Luis Sinisterra Lucumí,Bournemouth,MID,91,22,5.0,0.03,0
Luis Sinisterra Lucumí,Bournemouth,MID,91,23,5.0,0.0,0
Luis Sinisterra Lucumí,Bournemouth,MID,91,24,5.0,0.05,0
Luis Sinisterra Lucumí,Bournemouth,MID,91,25,5.0,0.0,0
Luis Sinisterra Lucumí,Bournemouth,MID,91,26,5.0,0.05,0
Luis Sinisterra Lucumí,Bournemouth,MID,91,27,5.0,0.03,0
Luis Sinisterra Lucumí,Bournemouth,MID,91,28,5.0,0.0,0
Romain Faivre,Bournemouth,MID,92,15,4.5,0.0,0
Romain Faivre,Bournemouth,MID,92,16,4.5,0.0,0
Romain Faivre,Bournemouth,MID,92,17,4.5,0.0,0
Romain Faivre,Bournemouth,MID,92,18,4.5,0.0,0
Romain Faivre,Bournemouth,MID,92,19,4.5,0.0,0
Romain Faivre,Bournemouth,MID,92,20,4.5,0.0,0
Romain Faivre,Bournemouth,MID,92,21,4.5,0.0,0
Romain Faivre,Bournemouth,MID,92,22,4.5,0.0,0
Romain Faivre,Bournemouth,MID,92,23,4.5,0.0,0
Romain Faivre,Bournemouth,MID,92,24,4.5,0.0,0
Romain Faivre,Bournemouth,MID,92,25,4.5,0.0,0
Romain Faivre,Bournemouth,MID,92,26,4.5,0.0,0
Romain Faivre,Bournemouth,MID,92,27,4.5,0.0,0
Romain Faivre,Bournemouth,MID,92,28,4.5,0.0,0
Hamed Traorè,Bournemouth,MID,93,15,4.5,0.0,0
Hamed Traorè,Bournemouth,MID,93,16,4.5,0.0,0
Hamed Traorè,Bournemouth,MID,93,17,4.5,0.0,0
Hamed Traorè,Bournemouth,MID,93,18,4.5,0.0,0
Hamed Traorè,Bournemouth,MID,93,19,4.5,0.0,0
Hamed Traorè,Bournemouth,MID,93,20,4.5,0.0,0
Hamed Traorè,Bournemouth,MID,93,21,4.5,0.0,0
Hamed Traorè,Bournemouth,MID,93,22,4.5,0.0,0
Hamed Traorè,Bournemouth,MID,93,23,4.5,0.0,0
Hamed Traorè,Bournemouth,MID,93,24,4.5,0.0,0
Hamed Traorè,Bournemouth,MID,93,25,4.5,0.0,0
Hamed Traorè,Bournemouth,MID,93,26,4.5,0.0,0
Hamed Traorè,Bournemouth,MID,93,27,4.5,0.0,0
Hamed Traorè,Bournemouth,MID,93,28,4.5,0.0,0
Dominic Sadi,Bournemouth,MID,94,15,4.5,0.0,0
Dominic Sadi,Bournemouth,MID,94,16,4.5,0.0,0
Dominic Sadi,Bournemouth,MID,94,17,4.5,0.0,0
Dominic Sadi,Bournemouth,MID,94,18,4.5,0.0,0
Dominic Sadi,Bournemouth,MID,94,19,4.5,0.0,0
Dominic Sadi,Bournemouth,MID,94,20,4.5,0.0,0
Dominic Sadi,Bournemouth,MID,94,21,4.5,0.0,0
Dominic Sadi,Bournemouth,MID,94,22,4.5,0.0,0
Dominic Sadi,Bournemouth,MID,94,23,4.5,0.0,0
Dominic Sadi,Bournemouth,MID,94,24,4.5,0.0,0
Dominic Sadi,Bournemouth,MID,94,25,4.5,0.0,0
Dominic Sadi,Bournemouth,MID,94,26,4.5,0.0,0
Dominic Sadi,Bournemouth,MID,94,27,4.5,0.0,0
Dominic Sadi,Bournemouth,MID,94,28,4.5,0.0,0
Zain Silcott-Duberry,Bournemouth,MID,95,15,4.4,0.0,0
Zain Silcott-Duberry,Bournemouth,MID,95,16,4.4,0.0,0
Zain Silcott-Duberry,Bournemouth,MID,95,17,4.4,0.0,0
Zain Silcott-Duberry,Bournemouth,MID,95,18,4.4,0.0,0
Zain Silcott-Duberry,Bournemouth,MID,95,19,4.4,0.0,0
Zain Silcott-Duberry,Bournemouth,MID,95,20,4.4,0.0,0
Zain Silcott-Duberry,Bournemouth,MID,95,21,4.4,0.0,0
Zain Silcott-Duberry,Bournemouth,MID,95,22,4.4,0.0,0
Zain Silcott-Duberry,Bournemouth,MID,95,23,4.4,0.0,0
Zain Silcott-Duberry,Bournemouth,MID,95,24,4.4,0.0,0
Zain Silcott-Duberry,Bournemouth,MID,95,25,4.4,0.0,0
Zain Silcott-Duberry,Bournemouth,MID,95,26,4.4,0.0,0
Zain Silcott-Duberry,Bournemouth,MID,95,27,4.4,0.0,0
Zain Silcott-Duberry,Bournemouth,MID,95,28,4.4,0.0,0
Ben Winterburn,Bournemouth,MID,96,15,4.5,0.0,0
Ben Winterburn,Bournemouth,MID,96,16,4.5,0.0,0
Ben Winterburn,Bournemouth,MID,96,17,4.5,0.0,0
Ben Winterburn,Bournemouth,MID,96,18,4.5,0.0,0
Ben Winterburn,Bournemouth,MID,96,19,4.5,0.0,0
Ben Winterburn,Bournemouth,MID,96,20,4.5,0.0,0
Ben Winterburn,Bournemouth,MID,96,21,4.5,0.0,0
Ben Winterburn,Bournemouth,MID,96,22,4.5,0.0,0
Ben Winterburn,Bournemouth,MID,96,23,4.5,0.0,0
Ben Winterburn,Bournemouth,MID,96,24,4.5,0.0,0
Ben Winterburn,Bournemouth,MID,96,25,4.5,0.0,0
Ben Winterburn,Bournemouth,MID,96,26,4.5,0.0,0
Ben Winterburn,Bournemouth,MID,96,27,4.5,0.0,0
Ben Winterburn,Bournemouth,MID,96,28,4.5,0.0,0
Francisco Evanilson de Lima Barbosa,Bournemouth,FWD,97,15,7.0,4.54,2
Francisco Evanilson de Lima Barbosa,Bournemouth,FWD,97,16,7.0,4.47,6
Francisco Evanilson de Lima Barbosa,Bournemouth,FWD,97,17,7.0,4.35,2
Francisco Evanilson de Lima Barbosa,Bournemouth,FWD,97,18,7.0,2.79,1
Francisco Evanilson de Lima Barbosa,Bournemouth,FWD,97,19,7.0,4.13,2
Francisco Evanilson de Lima Barbosa,Bournemouth,FWD,97,20,7.0,4.2,7
Francisco Evanilson de Lima Barbosa,Bournemouth,FWD,97,21,7.0,4.41,6
Francisco Evanilson de Lima Barbosa,Bournemouth,FWD,97,22,7.0,4.64,2
Francisco Evanilson de Lima Barbosa,Bournemouth,FWD,97,23,7.0,4.66,8
Francisco Evanilson de Lima Barbosa,Bournemouth,FWD,97,24,7.1,5.18,2
Francisco Evanilson de Lima Barbosa,Bournemouth,FWD,97,25,7.1,4.86,2
Francisco Evanilson de Lima Barbosa,Bournemouth,FWD,97,26,7.0,3.22,1
Francisco Evanilson de Lima Barbosa,Bournemouth,FWD,97,27,6.9,4.48,2
Francisco Evanilson de Lima Barbosa,Bournemouth,FWD,97,28,6.9,3.14,6
Enes Ünal,Bournemouth,FWD,98,15,5.4,1.02,1
Enes Ünal,Bournemouth,FWD,98,16,5.4,1.09,0
Enes Ünal,Bournemouth,FWD,98,17,5.4,0.95,1
Enes Ünal,Bournemouth,FWD,98,18,5.4,0.88,0
Enes Ünal,Bournemouth,FWD,98,19,5.4,0.74,1
Enes Ünal,Bournemouth,FWD,98,20,5.4,0.82,1
Enes Ünal,Bournemouth,FWD,98,21,5.4,0.81,1
Enes Ünal,Bournemouth,FWD,98,22,5.4,0.99,0
Enes Ünal,Bournemouth,FWD,98,23,5.4,0.79,1
Enes Ünal,Bournemouth,FWD,98,24,5.4,0.91,1
Enes Ünal,Bournemouth,FWD,98,25,5.4,0.77,1
Enes Ünal,Bournemouth,FWD,98,26,5.4,0.96,1
Enes Ünal,Bournemouth,FWD,98,27,5.4,1.02,1
Enes Ünal,Bournemouth,FWD,98,28,5.4,0.96,1
Daniel Adu-Adjei,Bournemouth,FWD,99,15,4.4,0.0,0
Daniel Adu-Adjei,Bournemouth,FWD,99,16,4.4,0.08,0
Daniel Adu-Adjei,Bournemouth,FWD,99,17,4.4,0.02,0
Daniel Adu-Adjei,Bournemouth,FWD,99,18,4.4,0.05,0
Daniel Adu-Adjei,Bournemouth,FWD,99,19,4.4,0.02,0
Daniel Adu-Adjei,Bournemouth,FWD,99,20,4.4,0.0,0
Daniel Adu-Adjei,Bournemouth,FWD,99,21,4.4,0.0,0
Daniel Adu-Adjei,Bournemouth,FWD,99,22,4.4,0.0,0
Daniel Adu-Adjei,Bournemouth,FWD,99,23,4.4,0.0,0
Daniel Adu-Adjei,Bournemouth,FWD,99,24,4.4,0.01,0
Daniel Adu-Adjei,Bournemouth,FWD,99,25,4.4,0.0,0
Daniel Adu-Adjei,Bournemouth,FWD,99,26,4.4,0.02,0
Daniel Adu-Adjei,Bournemouth,FWD,99,27,4.4,0.0,0
Daniel Adu-Adjei,Bournemouth,FWD,99,28,4.4,0.0,0
Junior Kroupi,Bournemouth,FWD,100,15,4.6,1.69,0
Junior Kroupi,Bournemouth,FWD,100,16,4.6,1.76,5
Junior Kroupi,Bournemouth,FWD,100,17,4.6,1.52,1
Junior Kroupi,Bournemouth,FWD,100,18,4.6,1.35,1
Junior Kroupi,Bournemouth,FWD,100,19,4.6,1.48,0
Junior Kroupi,Bournemouth,FWD,100,20,4.6,1.65,5
Junior Kroupi,Bournemouth,FWD,100,21,4.6,3.21,7
Junior Kroupi,Bournemouth,FWD,100,22,4.6,3.51,2
Junior Kroupi,Bournemouth,FWD,100,23,4.6,3.54,1
Junior Kroupi,Bournemouth,FWD,100,24,4.6,4.05,7
Junior Kroupi,Bournemouth,FWD,100,25,4.7,4.09,2
Junior Kroupi,Bournemouth,FWD,100,26,4.7,2.48,1
Junior Kroupi,Bournemouth,FWD,100,27,4.7,3.82,2
Junior Kroupi,Bournemouth,FWD,100,28,4.7,3.78,2
Caoimhín Kelleher,Brentford,GK,101,15,4.5,3.32,2
Caoimhín Kelleher,Brentford,GK,101,16,4.5,3.33,3
Caoimhín Kelleher,Brentford,GK,101,17,4.5,3.61,13
Caoimhín Kelleher,Brentford,GK,101,18,4.5,4.28,4
Caoimhín Kelleher,Brentford,GK,101,19,4.5,4.45,6
Caoimhín Kelleher,Brentford,GK,101,20,4.5,4.86,2
Caoimhín Kelleher,Brentford,GK,101,21,4.5,4.33,13
Caoimhín Kelleher,Brentford,GK,101,22,4.6,4.81,1
Caoimhín Kelleher,Brentford,GK,101,23,4.6,4.12,1
Caoimhín Kelleher,Brentford,GK,101,24,4.6,4.49,10
Caoimhín Kelleher,Brentford,GK,101,25,4.6,4.2,1
Caoimhín Kelleher,Brentford,GK,101,26,4.6,4.31,2
Caoimhín Kelleher,Brentford,GK,101,27,4.6,4.2,2
Caoimhín Kelleher,Brentford,GK,101,28,4.7,2.37,0
Ellery Balcombe,Brentford,GK,102,15,4.0,0.0,0
Ellery Balcombe,Brentford,GK,102,16,4.0,0.0,0
Ellery Balcombe,Brentford,GK,102,17,4.0,0.0,0
Ellery Balcombe,Brentford,GK,102,18,3.9,0.0,0
Ellery Balcombe,Brentford,GK,102,19,3.9,0.0,0
Ellery Balcombe,Brentford,GK,102,20,3.9,0.0,0
Ellery Balcombe,Brentford,GK,102,21,3.9,0.0,0
Ellery Balcombe,Brentford,GK,102,22,3.9,0.0,0
Ellery Balcombe,Brentford,GK,102,23,3.9,0.0,0
Ellery Balcombe,Brentford,GK,102,24,3.9,0.0,0
Ellery Balcombe,Brentford,GK,102,25,3.9,0.0,0
Ellery Balcombe,Brentford,GK,102,26,3.9,0.0,0
Ellery Balcombe,Brentford,GK,102,27,3.9,0.0,0
Ellery Balcombe,Brentford,GK,102,28,3.9,0.0,0
Matthew Cox,Brentford,GK,103,15,4.0,0.0,0
Matthew Cox,Brentford,GK,103,16,3.9,0.0,0
Matthew Cox,Brentford,GK,103,17,3.9,0.0,0
Matthew Cox,Brentford,GK,103,18,3.9,0.0,0
Matthew Cox,Brentford,GK,103,19,3.9,0.0,0
Matthew Cox,Brentford,GK,103,20,3.9,0.0,0
Matthew Cox,Brentford,GK,103,21,3.9,0.0,0
Matthew Cox,Brentford,GK,103,22,3.9,0.0,0
Matthew Cox,Brentford,GK,103,23,3.9,0.0,0
Matthew Cox,Brentford,GK,103,24,3.9,0.0,0
Matthew Cox,Brentford,GK,103,25,3.9,0.0,0
Matthew Cox,Brentford,GK,103,26,3.9,0.0,0
Matthew Cox,Brentford,GK,103,27,3.9,0.0,0
Matthew Cox,Brentford,GK,103,28,3.9,0.0,0
Julian Eyestone,Brentford,GK,104,15,3.9,0.0,0
Julian Eyestone,Brentford,GK,104,16,3.9,0.0,0
Julian Eyestone,Brentford,GK,104,17,3.9,0.0,0
Julian Eyestone,Brentford,GK,104,18,3.9,0.0,0
Julian Eyestone,Brentford,GK,104,19,3.9,0.0,0
Julian Eyestone,Brentford,GK,104,20,3.9,0.0,0
Julian Eyestone,Brentford,GK,104,21,3.9,0.0,0
Julian Eyestone,Brentford,GK,104,22,3.9,0.0,0
Julian Eyestone,Brentford,GK,104,23,3.9,0.0,0
Julian Eyestone,Brentford,GK,104,24,3.9,0.0,0
Julian Eyestone,Brentford,GK,104,25,3.9,0.0,0
Julian Eyestone,Brentford,GK,104,26,3.9,0.0,0
Julian Eyestone,Brentford,GK,104,27,3.9,0.0,0
Julian Eyestone,Brentford,GK,104,28,3.9,0.0,0
Hákon Rafn Valdimarsson,Brentford,GK,105,15,3.9,0.0,0
Hákon Rafn Valdimarsson,Brentford,GK,105,16,3.9,0.0,0
Hákon Rafn Valdimarsson,Brentford,GK,105,17,3.9,0.0,0
Hákon Rafn Valdimarsson,Brentford,GK,105,18,3.9,0.0,0
Hákon Rafn Valdimarsson,Brentford,GK,105,19,3.9,0.0,0
Hákon Rafn Valdimarsson,Brentford,GK,105,20,3.9,0.0,0
Hákon Rafn Valdimarsson,Brentford,GK,105,21,3.9,0.0,0
Hákon Rafn Valdimarsson,Brentford,GK,105,22,3.9,0.0,0
Hákon Rafn Valdimarsson,Brentford,GK,105,23,3.9,0.0,0
Hákon Rafn Valdimarsson,Brentford,GK,105,24,3.9,0.0,0
Hákon Rafn Valdimarsson,Brentford,GK,105,25,3.9,0.0,0
Hákon Rafn Valdimarsson,Brentford,GK,105,26,3.9,0.0,0
Hákon Rafn Valdimarsson,Brentford,GK,105,27,3.9,0.0,0
Hákon Rafn Valdimarsson,Brentford,GK,105,28,3.9,0.97,1
Nathan Collins,Brentford,DEF,106,15,4.9,3.46,3
Nathan Collins,Brentford,DEF,106,16,4.9,3.72,4
Nathan Collins,Brentford,DEF,106,17,4.9,3.85,8
Nathan Collins,Brentford,DEF,106,18,4.9,4.49,4
Nathan Collins,Brentford,DEF,106,19,4.9,4.59,9
Nathan Collins,Brentford,DEF,106,20,4.9,5.28,10
Nathan Collins,Brentford,DEF,106,21,4.9,5.51,13
Nathan Collins,Brentford,DEF,106,22,5.0,6.21,1
Nathan Collins,Brentford,DEF,106,23,5.0,5.22,1
Nathan Collins,Brentford,DEF,106,24,5.0,3.42,1
Nathan Collins,Brentford,DEF,106,25,5.0,2.6,0
Nathan Collins,Brentford,DEF,106,26,5.0,1.98,0
Nathan Collins,Brentford,DEF,106,27,5.0,1.41,1
Nathan Collins,Brentford,DEF,106,28,5.0,1.56,0
Keane Lewis-Potter,Brentford,DEF,107,15,4.8,0.93,1
Keane Lewis-Potter,Brentford,DEF,107,16,4.8,2.62,6
Keane Lewis-Potter,Brentford,DEF,107,17,4.8,3.46,21
Keane Lewis-Potter,Brentford,DEF,107,18,4.8,4.71,2
Keane Lewis-Potter,Brentford,DEF,107,19,4.9,4.92,6
Keane Lewis-Potter,Brentford,DEF,107,20,4.9,3.51,0
Keane Lewis-Potter,Brentford,DEF,107,21,4.9,4.18,6
Keane Lewis-Potter,Brentford,DEF,107,22,4.9,2.84,1
Keane Lewis-Potter,Brentford,DEF,107,23,4.9,1.85,1
Keane Lewis-Potter,Brentford,DEF,107,24,4.9,1.98,1
Keane Lewis-Potter,Brentford,DEF,107,25,4.9,2.95,1
Keane Lewis-Potter,Brentford,DEF,107,26,4.9,3.35,8
Keane Lewis-Potter,Brentford,DEF,107,27,4.8,1.97,0
Keane Lewis-Potter,Brentford,DEF,107,28,4.8,2.07,1
Kristoffer Ajer,Brentford,DEF,108,15,4.4,1.28,-1
Kristoffer Ajer,Brentford,DEF,108,16,4.4,0.94,1
Kristoffer Ajer,Brentford,DEF,108,17,4.4,1.11,0
Kristoffer Ajer,Brentford,DEF,108,18,4.4,2.31,4
Kristoffer Ajer,Brentford,DEF,108,19,4.4,2.72,9
Kristoffer Ajer,Brentford,DEF,108,20,4.4,3.65,3
Kristoffer Ajer,Brentford,DEF,108,21,4.4,4.2,6
Kristoffer Ajer,Brentford,DEF,108,22,4.4,4.24,1
Kristoffer Ajer,Brentford,DEF,108,23,4.4,2.27,1
Kristoffer Ajer,Brentford,DEF,108,24,4.4,3.72,7
Kristoffer Ajer,Brentford,DEF,108,25,4.4,3.91,3
Kristoffer Ajer,Brentford,DEF,108,26,4.4,3.94,4
Kristoffer Ajer,Brentford,DEF,108,27,4.4,4.02,1
Kristoffer Ajer,Brentford,DEF,108,28,4.4,3.62,1
Rico Henry,Brentford,DEF,109,15,4.3,0.76,1
Rico Henry,Brentford,DEF,109,16,4.3,1.26,4
Rico Henry,Brentford,DEF,109,17,4.3,3.04,5
Rico Henry,Brentford,DEF,109,18,4.3,3.34,2
Rico Henry,Brentford,DEF,109,19,4.3,3.5,6
Rico Henry,Brentford,DEF,109,20,4.3,2.28,1
Rico Henry,Brentford,DEF,109,21,4.3,3.33,6
Rico Henry,Brentford,DEF,109,22,4.3,3.5,1
Rico Henry,Brentford,DEF,109,23,4.3,3.23,2
Rico Henry,Brentford,DEF,109,24,4.3,3.62,6
Rico Henry,Brentford,DEF,109,25,4.3,3.39,1
Rico Henry,Brentford,DEF,109,26,4.3,3.53,2
Rico Henry,Brentford,DEF,109,27,4.3,3.22,1
Rico Henry,Brentford,DEF,109,28,4.3,3.44,4
Michael Kayode,Brentford,DEF,110,15,4.5,3.14,0
Michael Kayode,Brentford,DEF,110,16,4.5,3.44,5
Michael Kayode,Brentford,DEF,110,17,4.5,3.69,5
Michael Kayode,Brentford,DEF,110,18,4.5,4.0,3
Michael Kayode,Brentford,DEF,110,19,4.5,4.31,6
Michael Kayode,Brentford,DEF,110,20,4.5,4.27,0
Michael Kayode,Brentford,DEF,110,21,4.5,4.16,6
Michael Kayode,Brentford,DEF,110,22,4.5,4.07,1
Michael Kayode,Brentford,DEF,110,23,4.5,3.58,1
Michael Kayode,Brentford,DEF,110,24,4.5,3.93,5
Michael Kayode,Brentford,DEF,110,25,4.5,3.77,1
Michael Kayode,Brentford,DEF,110,26,4.5,3.91,2
Michael Kayode,Brentford,DEF,110,27,4.5,2.32,0
Michael Kayode,Brentford,DEF,110,28,4.5,3.08,-1
Ethan Pinnock,Brentford,DEF,111,15,4.3,0.67,0
Ethan Pinnock,Brentford,DEF,111,16,4.2,0.56,0
Ethan Pinnock,Brentford,DEF,111,17,4.2,0.66,0
Ethan Pinnock,Brentford,DEF,111,18,4.2,0.19,0
Ethan Pinnock,Brentford,DEF,111,19,4.2,0.11,0
Ethan Pinnock,Brentford,DEF,111,20,4.2,0.14,0
Ethan Pinnock,Brentford,DEF,111,21,4.2,0.08,0
Ethan Pinnock,Brentford,DEF,111,22,4.2,0.16,0
Ethan Pinnock,Brentford,DEF,111,23,4.2,0.03,0
Ethan Pinnock,Brentford,DEF,111,24,4.2,0.14,0
Ethan Pinnock,Brentford,DEF,111,25,4.2,0.18,0
Ethan Pinnock,Brentford,DEF,111,26,4.2,0.01,0
Ethan Pinnock,Brentford,DEF,111,27,4.2,0.0,0
Ethan Pinnock,Brentford,DEF,111,28,4.2,0.05,0
Mads Roerslev Rasmussen,Brentford,DEF,112,15,4.5,0.26,0
Mads Roerslev Rasmussen,Brentford,DEF,112,16,4.5,0.2,0
Mads Roerslev Rasmussen,Brentford,DEF,112,17,4.5,0.29,0
Mads Roerslev Rasmussen,Brentford,DEF,112,18,4.5,0.19,0
Mads Roerslev Rasmussen,Brentford,DEF,112,19,4.5,0.11,0
Mads Roerslev Rasmussen,Brentford,DEF,112,20,4.5,0.21,0
Mads Roerslev Rasmussen,Brentford,DEF,112,21,4.5,0.16,0
Mads Roerslev Rasmussen,Brentford,DEF,112,22,4.5,0.24,0
Mads Roerslev Rasmussen,Brentford,DEF,112,23,4.5,0.11,0
Mads Roerslev Rasmussen,Brentford,DEF,112,24,4.5,0.22,0
Mads Roerslev Rasmussen,Brentford,DEF,112,25,4.5,0.25,0
Mads Roerslev Rasmussen,Brentford,DEF,112,26,4.5,0.09,0
Mads Roerslev Rasmussen,Brentford,DEF,112,27,4.5,0.02,0
Mads Roerslev Rasmussen,Brentford,DEF,112,28,4.5,0.12,0
Sepp van den Berg,Brentford,DEF,113,15,4.5,3.31,1
Sepp van den Berg,Brentford,DEF,113,16,4.5,3.56,4
Sepp van den Berg,Brentford,DEF,113,17,4.5,3.73,7
Sepp van den Berg,Brentford,DEF,113,18,4.5,2.51,0
Sepp van den Berg,Brentford,DEF,113,19,4.5,2.07,0
Sepp van den Berg,Brentford,DEF,113,20,4.5,1.65,0
Sepp van den Berg,Brentford,DEF,113,21,4.5,0.96,0
Sepp van den Berg,Brentford,DEF,113,22,4.5,0.98,0
Sepp van den Berg,Brentford,DEF,113,23,4.5,0.75,1
Sepp van den Berg,Brentford,DEF,113,24,4.5,2.75,8
Sepp van den Berg,Brentford,DEF,113,25,4.5,3.29,1
Sepp van den Berg,Brentford,DEF,113,26,4.5,3.79,6
Sepp van den Berg,Brentford,DEF,113,27,4.5,4.37,3
Sepp van den Berg,Brentford,DEF,113,28,4.5,4.33,6
Benjamin Arthur,Brentford,DEF,114,15,3.9,0.0,0
Benjamin Arthur,Brentford,DEF,114,16,3.9,0.0,0
Benjamin Arthur,Brentford,DEF,114,17,3.9,0.02,0
Benjamin Arthur,Brentford,DEF,114,18,3.9,0.0,0
Benjamin Arthur,Brentford,DEF,114,19,3.9,0.0,0
Benjamin Arthur,Brentford,DEF,114,20,3.9,0.0,0
Benjamin Arthur,Brentford,DEF,114,21,3.9,0.0,0
Benjamin Arthur,Brentford,DEF,114,22,3.9,0.0,0
Benjamin Arthur,Brentford,DEF,114,23,3.9,0.0,0
Benjamin Arthur,Brentford,DEF,114,24,3.8,0.0,0
Benjamin Arthur,Brentford,DEF,114,25,3.8,0.0,0
Benjamin Arthur,Brentford,DEF,114,26,3.8,0.0,0
Benjamin Arthur,Brentford,DEF,114,27,3.8,0.0,0
Benjamin Arthur,Brentford,DEF,114,28,3.8,0.0,0
Benjamin Fredrick,Brentford,DEF,115,15,4.0,0.04,0
Benjamin Fredrick,Brentford,DEF,115,16,4.0,0.0,0
Benjamin Fredrick,Brentford,DEF,115,17,4.0,0.06,0
Benjamin Fredrick,Brentford,DEF,115,18,4.0,0.0,0
Benjamin Fredrick,Brentford,DEF,115,19,4.0,0.0,0
Benjamin Fredrick,Brentford,DEF,115,20,4.0,0.0,0
Benjamin Fredrick,Brentford,DEF,115,21,4.0,0.0,0
Benjamin Fredrick,Brentford,DEF,115,22,4.0,0.01,0
Benjamin Fredrick,Brentford,DEF,115,23,4.0,0.0,0
Benjamin Fredrick,Brentford,DEF,115,24,4.0,0.0,0
Benjamin Fredrick,Brentford,DEF,115,25,4.0,0.03,0
Benjamin Fredrick,Brentford,DEF,115,26,4.0,0.0,0
Benjamin Fredrick,Brentford,DEF,115,27,4.0,0.0,0
Benjamin Fredrick,Brentford,DEF,115,28,4.0,0.0,0
Aaron Hickey,Brentford,DEF,116,15,4.0,1.13,1
Aaron Hickey,Brentford,DEF,116,16,4.0,2.8,6
Aaron Hickey,Brentford,DEF,116,17,4.0,1.25,0
Aaron Hickey,Brentford,DEF,116,18,4.0,1.09,1
Aaron Hickey,Brentford,DEF,116,19,4.0,0.89,0
Aaron Hickey,Brentford,DEF,116,20,4.0,2.17,2
Aaron Hickey,Brentford,DEF,116,21,4.0,0.84,1
Aaron Hickey,Brentford,DEF,116,22,4.0,0.84,1
Aaron Hickey,Brentford,DEF,116,23,4.0,0.84,1
Aaron Hickey,Brentford,DEF,116,24,4.0,0.79,1
Aaron Hickey,Brentford,DEF,116,25,4.0,0.82,0
Aaron Hickey,Brentford,DEF,116,26,4.0,0.53,1
Aaron Hickey,Brentford,DEF,116,27,4.0,0.42,1
Aaron Hickey,Brentford,DEF,116,28,4.0,0.62,0
Kim Ji-soo,Brentford,DEF,117,15,3.9,0.0,0
Kim Ji-soo,Brentford,DEF,117,16,3.9,0.0,0
Kim Ji-soo,Brentford,DEF,117,17,3.9,0.01,0
Kim Ji-soo,Brentford,DEF,117,18,3.9,0.0,0
Kim Ji-soo,Brentford,DEF,117,19,3.9,0.0,0
Kim Ji-soo,Brentford,DEF,117,20,3.9,0.0,0
Kim Ji-soo,Brentford,DEF,117,21,3.9,0.0,0
Kim Ji-soo,Brentford,DEF,117,22,3.9,0.0,0
Kim Ji-soo,Brentford,DEF,117,23,3.9,0.0,0
Kim Ji-soo,Brentford,DEF,117,24,3.9,0.0,0
Kim Ji-soo,Brentford,DEF,117,25,3.9,0.0,0
Kim Ji-soo,Brentford,DEF,117,26,3.9,0.0,0
Kim Ji-soo,Brentford,DEF,117,27,3.9,0.0,0
Kim Ji-soo,Brentford,DEF,117,28,3.9,0.0,0
Jayden Meghoma,Brentford,DEF,118,15,4.0,0.04,0
Jayden Meghoma,Brentford,DEF,118,16,4.0,0.0,0
Jayden Meghoma,Brentford,DEF,118,17,4.0,0.06,0
Jayden Meghoma,Brentford,DEF,118,18,4.0,0.0,0
Jayden Meghoma,Brentford,DEF,118,19,4.0,0.0,0
Jayden Meghoma,Brentford,DEF,118,20,4.0,0.0,0
Jayden Meghoma,Brentford,DEF,118,21,4.0,0.0,0
Jayden Meghoma,Brentford,DEF,118,22,4.0,0.01,0
Jayden Meghoma,Brentford,DEF,118,23,4.0,0.0,0
Jayden Meghoma,Brentford,DEF,118,24,4.0,0.0,0
Jayden Meghoma,Brentford,DEF,118,25,4.0,0.03,0
Jayden Meghoma,Brentford,DEF,118,26,4.0,0.0,0
Jayden Meghoma,Brentford,DEF,118,27,4.0,0.0,0
Jayden Meghoma,Brentford,DEF,118,28,4.0,0.0,0
Bryan Mbeumo,Man Utd,MID,119,15,8.5,5.15,8
Bryan Mbeumo,Man Utd,MID,119,16,8.3,5.15,2
Bryan Mbeumo,Man Utd,MID,119,17,8.2,3.47,0
Bryan Mbeumo,Man Utd,MID,119,18,8.1,2.98,0
Bryan Mbeumo,Man Utd,MID,119,19,8.1,2.45,0
Bryan Mbeumo,Man Utd,MID,119,20,8.1,2.22,0
Bryan Mbeumo,Man Utd,MID,119,21,8.1,2.03,0
Bryan Mbeumo,Man Utd,MID,119,22,8.1,3.6,9
Bryan Mbeumo,Man Utd,MID,119,23,8.2,4.4,10
Bryan Mbeumo,Man Utd,MID,119,24,8.4,5.23,2
Bryan Mbeumo,Man Utd,MID,119,25,8.5,5.62,8
Bryan Mbeumo,Man Utd,MID,119,26,8.6,5.84,6
Bryan Mbeumo,Man Utd,MID,119,27,8.6,6.03,6
Bryan Mbeumo,Man Utd,MID,119,28,8.7,6.34,2
Kevin Schade,Brentford,MID,120,15,7.0,3.92,1
Kevin Schade,Brentford,MID,120,16,7.0,2.53,0
Kevin Schade,Brentford,MID,120,17,7.0,3.85,3
Kevin Schade,Brentford,MID,120,18,7.0,4.1,20
Kevin Schade,Brentford,MID,120,19,7.0,4.66,3
Kevin Schade,Brentford,MID,120,20,7.1,5.24,6
Kevin Schade,Brentford,MID,120,21,7.1,5.49,6
Kevin Schade,Brentford,MID,120,22,7.1,5.33,1
Kevin Schade,Brentford,MID,120,23,7.1,5.41,2
Kevin Schade,Brentford,MID,120,24,7.1,1.31,-2
Kevin Schade,Brentford,MID,120,25,7.0,2.49,0
Kevin Schade,Brentford,MID,120,26,6.9,1.85,0
Kevin Schade,Brentford,MID,120,27,6.9,1.43,1
Kevin Schade,Brentford,MID,120,28,6.9,3.48,7
Mikkel Damsgaard,Brentford,MID,121,15,5.8,3.57,2
Mikkel Damsgaard,Brentford,MID,121,16,5.8,1.89,1
Mikkel Damsgaard,Brentford,MID,121,17,5.8,1.97,4
Mikkel Damsgaard,Brentford,MID,121,18,5.8,2.13,4
Mikkel Damsgaard,Brentford,MID,121,19,5.8,1.82,0
Mikkel Damsgaard,Brentford,MID,121,20,5.8,3.4,4
Mikkel Damsgaard,Brentford,MID,121,21,5.8,1.88,1
Mikkel Damsgaard,Brentford,MID,121,22,5.7,3.34,4
Mikkel Damsgaard,Brentford,MID,121,23,5.7,2.1,1
Mikkel Damsgaard,Brentford,MID,121,24,5.7,1.82,0
Mikkel Damsgaard,Brentford,MID,121,25,5.6,1.67,1
Mikkel Damsgaard,Brentford,MID,121,26,5.6,1.15,1
Mikkel Damsgaard,Brentford,MID,121,27,5.6,1.05,1
Mikkel Damsgaard,Brentford,MID,121,28,5.6,3.08,18
Antoni Milambo,Brentford,MID,122,15,5.2,0.24,0
Antoni Milambo,Brentford,MID,122,16,5.2,0.17,0
Antoni Milambo,Brentford,MID,122,17,5.2,0.26,0
Antoni Milambo,Brentford,MID,122,18,5.2,0.16,0
Antoni Milambo,Brentford,MID,122,19,5.2,0.08,0
Antoni Milambo,Brentford,MID,122,20,5.2,0.19,0
Antoni Milambo,Brentford,MID,122,21,5.2,0.13,0
Antoni Milambo,Brentford,MID,122,22,5.2,0.21,0
Antoni Milambo,Brentford,MID,122,23,5.2,0.09,0
Antoni Milambo,Brentford,MID,122,24,5.2,0.19,0
Antoni Milambo,Brentford,MID,122,25,5.2,0.23,0
Antoni Milambo,Brentford,MID,122,26,5.2,0.06,0
Antoni Milambo,Brentford,MID,122,27,5.2,0.0,0
Antoni Milambo,Brentford,MID,122,28,5.2,0.1,0
Fábio Freitas Gouveia Carvalho,Brentford,MID,123,15,4.8,0.21,0
Fábio Freitas Gouveia Carvalho,Brentford,MID,123,16,4.7,0.07,0
Fábio Freitas Gouveia Carvalho,Brentford,MID,123,17,4.7,0.17,0
Fábio Freitas Gouveia Carvalho,Brentford,MID,123,18,4.7,0.07,0
Fábio Freitas Gouveia Carvalho,Brentford,MID,123,19,4.7,0.0,0
Fábio Freitas Gouveia Carvalho,Brentford,MID,123,20,4.7,0.1,0
Fábio Freitas Gouveia Carvalho,Brentford,MID,123,21,4.7,0.04,0
Fábio Freitas Gouveia Carvalho,Brentford,MID,123,22,4.7,0.12,0
Fábio Freitas Gouveia Carvalho,Brentford,MID,123,23,4.7,0.0,0
Fábio Freitas Gouveia Carvalho,Brentford,MID,123,24,4.7,0.1,0
Fábio Freitas Gouveia Carvalho,Brentford,MID,123,25,4.7,0.14,0
Fábio Freitas Gouveia Carvalho,Brentford,MID,123,26,4.7,0.0,0
Fábio Freitas Gouveia Carvalho,Brentford,MID,123,27,4.7,0.0,0
Fábio Freitas Gouveia Carvalho,Brentford,MID,123,28,4.7,0.01,0
Jordan Henderson,Brentford,MID,124,15,5.0,3.62,4
Jordan Henderson,Brentford,MID,124,16,5.0,3.89,9
Jordan Henderson,Brentford,MID,124,17,5.0,2.28,0
Jordan Henderson,Brentford,MID,124,18,5.0,1.97,1
Jordan Henderson,Brentford,MID,124,19,5.0,2.96,2
Jordan Henderson,Brentford,MID,124,20,5.0,1.43,1
Jordan Henderson,Brentford,MID,124,21,5.0,1.49,1
Jordan Henderson,Brentford,MID,124,22,5.0,1.47,0
Jordan Henderson,Brentford,MID,124,23,5.0,0.9,1
Jordan Henderson,Brentford,MID,124,24,5.0,0.98,1
Jordan Henderson,Brentford,MID,124,25,5.0,1.12,1
Jordan Henderson,Brentford,MID,124,26,5.0,1.19,1
Jordan Henderson,Brentford,MID,124,27,5.0,2.78,2
Jordan Henderson,Brentford,MID,124,28,5.0,1.37,1
Vitaly Janelt,Brentford,MID,125,15,4.9,0.67,1
Vitaly Janelt,Brentford,MID,125,16,4.9,2.26,3
Vitaly Janelt,Brentford,MID,125,17,4.9,2.93,9
Vitaly Janelt,Brentford,MID,125,18,4.9,3.67,4
Vitaly Janelt,Brentford,MID,125,19,4.9,4.02,5
Vitaly Janelt,Brentford,MID,125,20,4.9,4.54,11
Vitaly Janelt,Brentford,MID,125,21,4.9,4.86,7
Vitaly Janelt,Brentford,MID,125,22,4.9,5.1,1
Vitaly Janelt,Brentford,MID,125,23,4.9,4.75,2
Vitaly Janelt,Brentford,MID,125,24,4.9,4.17,4
Vitaly Janelt,Brentford,MID,125,25,4.9,4.1,9
Vitaly Janelt,Brentford,MID,125,26,4.9,3.91,1
Vitaly Janelt,Brentford,MID,125,27,4.9,2.44,1
Vitaly Janelt,Brentford,MID,125,28,4.9,2.11,0
Mathias Jensen,Brentford,MID,126,15,4.9,1.19,1
Mathias Jensen,Brentford,MID,126,16,4.9,2.83,3
Mathias Jensen,Brentford,MID,126,17,4.9,3.06,3
Mathias Jensen,Brentford,MID,126,18,4.9,2.76,1
Mathias Jensen,Brentford,MID,126,19,4.9,1.54,1
Mathias Jensen,Brentford,MID,126,20,4.9,2.96,3
Mathias Jensen,Brentford,MID,126,21,4.9,2.96,3
Mathias Jensen,Brentford,MID,126,22,4.9,3.11,2
Mathias Jensen,Brentford,MID,126,23,4.9,3.29,2
Mathias Jensen,Brentford,MID,126,24,4.9,3.43,3
Mathias Jensen,Brentford,MID,126,25,4.9,3.6,8
Mathias Jensen,Brentford,MID,126,26,4.9,3.66,1
Mathias Jensen,Brentford,MID,126,27,4.9,3.88,2
Mathias Jensen,Brentford,MID,126,28,4.9,3.97,2
Gustavo Nunes Fernandes Gomes,Brentford,MID,127,15,4.9,0.11,0
Gustavo Nunes Fernandes Gomes,Brentford,MID,127,16,4.9,0.06,0
Gustavo Nunes Fernandes Gomes,Brentford,MID,127,17,4.9,0.15,0
Gustavo Nunes Fernandes Gomes,Brentford,MID,127,18,4.9,0.04,0
Gustavo Nunes Fernandes Gomes,Brentford,MID,127,19,4.9,0.0,0
Gustavo Nunes Fernandes Gomes,Brentford,MID,127,20,4.9,0.05,0
Gustavo Nunes Fernandes Gomes,Brentford,MID,127,21,4.9,0.0,0
Gustavo Nunes Fernandes Gomes,Brentford,MID,127,22,4.9,0.08,0
Gustavo Nunes Fernandes Gomes,Brentford,MID,127,23,4.9,0.0,0
Gustavo Nunes Fernandes Gomes,Brentford,MID,127,24,4.9,0.04,0
Gustavo Nunes Fernandes Gomes,Brentford,MID,127,25,4.9,0.08,0
Gustavo Nunes Fernandes Gomes,Brentford,MID,127,26,4.9,0.0,0
Gustavo Nunes Fernandes Gomes,Brentford,MID,127,27,4.9,0.0,0
Gustavo Nunes Fernandes Gomes,Brentford,MID,127,28,4.9,0.0,0
Frank Onyeka,Brentford,MID,128,15,4.8,0.18,0
Frank Onyeka,Brentford,MID,128,16,4.8,0.12,0
Frank Onyeka,Brentford,MID,128,17,4.8,0.2,0
Frank Onyeka,Brentford,MID,128,18,4.8,0.1,0
Frank Onyeka,Brentford,MID,128,19,4.8,0.02,0
Frank Onyeka,Brentford,MID,128,20,4.8,0.13,0
Frank Onyeka,Brentford,MID,128,21,4.8,0.07,0
Frank Onyeka,Brentford,MID,128,22,4.8,0.15,0
Frank Onyeka,Brentford,MID,128,23,4.8,0.03,0
Frank Onyeka,Brentford,MID,128,24,4.8,0.14,0
Frank Onyeka,Brentford,MID,128,25,4.8,0.17,0
Frank Onyeka,Brentford,MID,128,26,4.8,0.0,0
Frank Onyeka,Brentford,MID,128,27,4.8,0.0,0
Frank Onyeka,Brentford,MID,128,28,4.8,0.04,0
Yehor Yarmoliuk,Brentford,MID,129,15,5.0,2.8,1
Yehor Yarmoliuk,Brentford,MID,129,16,5.0,1.44,1
Yehor Yarmoliuk,Brentford,MID,129,17,5.0,3.17,5
Yehor Yarmoliuk,Brentford,MID,129,18,5.0,3.3,5
Yehor Yarmoliuk,Brentford,MID,129,19,5.0,3.57,5
Yehor Yarmoliuk,Brentford,MID,129,20,5.0,4.29,3
Yehor Yarmoliuk,Brentford,MID,129,21,5.0,4.27,8
Yehor Yarmoliuk,Brentford,MID,129,22,5.0,4.4,2
Yehor Yarmoliuk,Brentford,MID,129,23,5.0,4.06,3
Yehor Yarmoliuk,Brentford,MID,129,24,5.0,2.48,1
Yehor Yarmoliuk,Brentford,MID,129,25,5.0,2.11,1
Yehor Yarmoliuk,Brentford,MID,129,26,5.0,3.34,2
Yehor Yarmoliuk,Brentford,MID,129,27,5.0,1.41,0
Yehor Yarmoliuk,Brentford,MID,129,28,5.0,2.88,1
Romelle Donovan,Brentford,MID,130,15,4.4,0.0,0
Romelle Donovan,Brentford,MID,130,16,4.4,0.0,0
Romelle Donovan,Brentford,MID,130,17,4.4,0.0,0
Romelle Donovan,Brentford,MID,130,18,4.4,0.0,0
Romelle Donovan,Brentford,MID,130,19,4.4,0.0,0
Romelle Donovan,Brentford,MID,130,20,4.4,0.0,0
Romelle Donovan,Brentford,MID,130,21,4.4,0.0,0
Romelle Donovan,Brentford,MID,130,22,4.4,0.0,1
Romelle Donovan,Brentford,MID,130,23,4.4,0.0,0
Romelle Donovan,Brentford,MID,130,24,4.4,0.0,0
Romelle Donovan,Brentford,MID,130,25,4.4,0.0,1
Romelle Donovan,Brentford,MID,130,26,4.4,0.0,0
Romelle Donovan,Brentford,MID,130,27,4.4,0.0,1
Romelle Donovan,Brentford,MID,130,28,4.4,0.0,1
Yunus Emre Konak,Brentford,MID,131,15,4.3,0.0,0
Yunus Emre Konak,Brentford,MID,131,16,4.3,0.0,0
Yunus Emre Konak,Brentford,MID,131,17,4.3,0.0,0
Yunus Emre Konak,Brentford,MID,131,18,4.3,0.0,0
Yunus Emre Konak,Brentford,MID,131,19,4.3,0.0,0
Yunus Emre Konak,Brentford,MID,131,20,4.3,0.0,0
Yunus Emre Konak,Brentford,MID,131,21,4.3,0.0,0
Yunus Emre Konak,Brentford,MID,131,22,4.3,0.0,0
Yunus Emre Konak,Brentford,MID,131,23,4.3,0.0,0
Yunus Emre Konak,Brentford,MID,131,24,4.3,0.0,0
Yunus Emre Konak,Brentford,MID,131,25,4.3,0.0,0
Yunus Emre Konak,Brentford,MID,131,26,4.3,0.0,0
Yunus Emre Konak,Brentford,MID,131,27,4.3,0.0,0
Yunus Emre Konak,Brentford,MID,131,28,4.3,0.0,0
Paris Maghoma,Brentford,MID,132,15,4.5,0.0,0
Paris Maghoma,Brentford,MID,132,16,4.5,0.0,0
Paris Maghoma,Brentford,MID,132,17,4.5,0.0,0
Paris Maghoma,Brentford,MID,132,18,4.5,0.0,0
Paris Maghoma,Brentford,MID,132,19,4.5,0.0,0
Paris Maghoma,Brentford,MID,132,20,4.5,0.0,0
Paris Maghoma,Brentford,MID,132,21,4.5,0.0,0
Paris Maghoma,Brentford,MID,132,22,4.5,0.0,0
Paris Maghoma,Brentford,MID,132,23,4.5,0.0,0
Paris Maghoma,Brentford,MID,132,24,4.5,0.0,0
Paris Maghoma,Brentford,MID,132,25,4.5,0.0,0
Paris Maghoma,Brentford,MID,132,26,4.5,0.0,0
Paris Maghoma,Brentford,MID,132,27,4.5,0.0,0
Paris Maghoma,Brentford,MID,132,28,4.5,0.0,0
Myles Peart-Harris,Brentford,MID,133,15,4.4,0.0,0
Myles Peart-Harris,Brentford,MID,133,16,4.4,0.0,0
Myles Peart-Harris,Brentford,MID,133,17,4.4,0.0,0
Myles Peart-Harris,Brentford,MID,133,18,4.4,0.0,0
Myles Peart-Harris,Brentford,MID,133,19,4.4,0.0,0
Myles Peart-Harris,Brentford,MID,133,20,4.4,0.0,1
Myles Peart-Harris,Brentford,MID,133,21,4.4,0.0,0
Myles Peart-Harris,Brentford,MID,133,22,4.4,0.0,0
Myles Peart-Harris,Brentford,MID,133,23,4.4,0.0,0
Myles Peart-Harris,Brentford,MID,133,24,4.4,0.0,0
Myles Peart-Harris,Brentford,MID,133,25,4.4,0.0,0
Myles Peart-Harris,Brentford,MID,133,26,4.4,0.0,0
Myles Peart-Harris,Brentford,MID,133,27,4.4,0.0,0
Myles Peart-Harris,Brentford,MID,133,28,4.4,0.0,0
Ryan Trevitt,Brentford,MID,134,15,4.5,0.0,0
Ryan Trevitt,Brentford,MID,134,16,4.5,0.0,0
Ryan Trevitt,Brentford,MID,134,17,4.5,0.0,0
Ryan Trevitt,Brentford,MID,134,18,4.5,0.0,0
Ryan Trevitt,Brentford,MID,134,19,4.5,0.0,0
Ryan Trevitt,Brentford,MID,134,20,4.5,0.0,0
Ryan Trevitt,Brentford,MID,134,21,4.5,0.0,0
Ryan Trevitt,Brentford,MID,134,22,4.5,0.0,0
Ryan Trevitt,Brentford,MID,134,23,4.5,0.0,0
Ryan Trevitt,Brentford,MID,134,24,4.5,0.0,0
Ryan Trevitt,Brentford,MID,134,25,4.5,0.0,0
Ryan Trevitt,Brentford,MID,134,26,4.5,0.0,0
Ryan Trevitt,Brentford,MID,134,27,4.5,0.0,0
Ryan Trevitt,Brentford,MID,134,28,4.5,0.0,0
Yoane Wissa,Newcastle,FWD,135,15,7.3,1.32,1
Yoane Wissa,Newcastle,FWD,135,16,7.3,1.54,1
Yoane Wissa,Newcastle,FWD,135,17,7.3,1.68,0
Yoane Wissa,Newcastle,FWD,135,18,7.3,1.82,1
Yoane Wissa,Newcastle,FWD,135,19,7.3,3.52,6
Yoane Wissa,Newcastle,FWD,135,20,7.3,3.78,2
Yoane Wissa,Newcastle,FWD,135,21,7.3,2.43,1
Yoane Wissa,Newcastle,FWD,135,22,7.3,2.35,1
Yoane Wissa,Newcastle,FWD,135,23,7.3,3.73,2
Yoane Wissa,Newcastle,FWD,135,24,7.3,2.18,1
Yoane Wissa,Newcastle,FWD,135,25,7.3,3.64,2
Yoane Wissa,Newcastle,FWD,135,26,7.3,2.24,0
Yoane Wissa,Newcastle,FWD,135,27,7.3,1.83,0
Yoane Wissa,Newcastle,FWD,135,28,7.3,1.63,1
Igor Thiago Nascimento Rodrigues,Brentford,FWD,136,15,6.8,4.91,2
Igor Thiago Nascimento Rodrigues,Brentford,FWD,136,16,7.1,5.08,2
Igor Thiago Nascimento Rodrigues,Brentford,FWD,136,17,7.2,4.84,2
Igor Thiago Nascimento Rodrigues,Brentford,FWD,136,18,7.1,4.95,5
Igor Thiago Nascimento Rodrigues,Brentford,FWD,136,19,7.0,4.87,2
Igor Thiago Nascimento Rodrigues,Brentford,FWD,136,20,6.9,5.14,17
Igor Thiago Nascimento Rodrigues,Brentford,FWD,136,21,7.0,5.71,12
Igor Thiago Nascimento Rodrigues,Brentford,FWD,136,22,7.1,6.01,2
Igor Thiago Nascimento Rodrigues,Brentford,FWD,136,23,7.2,5.91,2
Igor Thiago Nascimento Rodrigues,Brentford,FWD,136,24,7.2,5.62,2
Igor Thiago Nascimento Rodrigues,Brentford,FWD,136,25,7.1,5.54,5
Igor Thiago Nascimento Rodrigues,Brentford,FWD,136,26,7.0,5.18,2
Igor Thiago Nascimento Rodrigues,Brentford,FWD,136,27,7.0,5.0,2
Igor Thiago Nascimento Rodrigues,Brentford,FWD,136,28,7.1,5.21,6
Iwan Morgan,Brentford,FWD,137,15,4.4,0.11,0
Iwan Morgan,Brentford,FWD,137,16,4.4,0.05,0
Iwan Morgan,Brentford,FWD,137,17,4.4,0.15,0
Iwan Morgan,Brentford,FWD,137,18,4.4,0.04,0
Iwan Morgan,Brentford,FWD,137,19,4.4,0.0,0
Iwan Morgan,Brentford,FWD,137,20,4.4,0.05,0
Iwan Morgan,Brentford,FWD,137,21,4.4,0.0,0
Iwan Morgan,Brentford,FWD,137,22,4.4,0.07,0
Iwan Morgan,Brentford,FWD,137,23,4.4,0.0,0
Iwan Morgan,Brentford,FWD,137,24,4.4,0.06,0
Iwan Morgan,Brentford,FWD,137,25,4.4,0.09,0
Iwan Morgan,Brentford,FWD,137,26,4.4,0.0,0
Iwan Morgan,Brentford,FWD,137,27,4.4,0.0,0
Iwan Morgan,Brentford,FWD,137,28,4.4,0.0,0
Jason Steele,Brighton,GK,138,15,4.3,0.0,0
Jason Steele,Brighton,GK,138,16,4.3,0.0,0
Jason Steele,Brighton,GK,138,17,4.2,0.0,0
Jason Steele,Brighton,GK,138,18,4.2,0.0,0
Jason Steele,Brighton,GK,138,19,4.2,0.0,0
Jason Steele,Brighton,GK,138,20,4.2,0.0,0
Jason Steele,Brighton,GK,138,21,4.2,0.0,0
Jason Steele,Brighton,GK,138,22,4.2,0.0,0
Jason Steele,Brighton,GK,138,23,4.2,0.0,0
Jason Steele,Brighton,GK,138,24,4.2,0.0,0
Jason Steele,Brighton,GK,138,25,4.2,0.0,0
Jason Steele,Brighton,GK,138,26,4.2,0.0,0
Jason Steele,Brighton,GK,138,27,4.2,0.0,0
Jason Steele,Brighton,GK,138,28,4.2,0.0,0
Bart Verbruggen,Brighton,GK,139,15,4.4,4.22,3
Bart Verbruggen,Brighton,GK,139,16,4.4,3.61,1
Bart Verbruggen,Brighton,GK,139,17,4.4,3.58,11
Bart Verbruggen,Brighton,GK,139,18,4.4,3.86,1
Bart Verbruggen,Brighton,GK,139,19,4.4,3.71,1
Bart Verbruggen,Brighton,GK,139,20,4.5,4.01,7
Bart Verbruggen,Brighton,GK,139,21,4.5,3.93,3
Bart Verbruggen,Brighton,GK,139,22,4.5,3.98,2
Bart Verbruggen,Brighton,GK,139,23,4.5,3.73,1
Bart Verbruggen,Brighton,GK,139,24,4.5,3.65,3
Bart Verbruggen,Brighton,GK,139,25,4.5,3.68,3
Bart Verbruggen,Brighton,GK,139,26,4.5,3.75,2
Bart Verbruggen,Brighton,GK,139,27,4.5,3.91,7
Bart Verbruggen,Brighton,GK,139,28,4.5,4.13,3
Tom McGill,Brighton,GK,140,15,4.0,0.0,0
Tom McGill,Brighton,GK,140,16,3.9,0.0,0
Tom McGill,Brighton,GK,140,17,3.9,0.0,0
Tom McGill,Brighton,GK,140,18,3.9,0.0,0
Tom McGill,Brighton,GK,140,19,3.9,0.0,0
Tom McGill,Brighton,GK,140,20,3.9,0.0,0
Tom McGill,Brighton,GK,140,21,3.9,0.0,0
Tom McGill,Brighton,GK,140,22,3.9,0.0,0
Tom McGill,Brighton,GK,140,23,3.9,0.0,0
Tom McGill,Brighton,GK,140,24,3.9,0.0,0
Tom McGill,Brighton,GK,140,25,3.9,0.0,0
Tom McGill,Brighton,GK,140,26,3.9,0.0,0
Tom McGill,Brighton,GK,140,27,3.9,0.0,0
Tom McGill,Brighton,GK,140,28,3.9,0.0,0
Carl Rushworth,Brighton,GK,141,15,4.0,0.0,0
Carl Rushworth,Brighton,GK,141,16,4.0,0.0,0
Carl Rushworth,Brighton,GK,141,17,4.0,0.0,0
Carl Rushworth,Brighton,GK,141,18,4.0,0.0,0
Carl Rushworth,Brighton,GK,141,19,4.0,0.0,0
Carl Rushworth,Brighton,GK,141,20,4.0,0.0,0
Carl Rushworth,Brighton,GK,141,21,4.0,0.0,0
Carl Rushworth,Brighton,GK,141,22,4.0,0.0,0
Carl Rushworth,Brighton,GK,141,23,4.0,0.0,0
Carl Rushworth,Brighton,GK,141,24,4.0,0.0,0
Carl Rushworth,Brighton,GK,141,25,4.0,0.0,0
Carl Rushworth,Brighton,GK,141,26,4.0,0.0,0
Carl Rushworth,Brighton,GK,141,27,4.0,0.0,0
Carl Rushworth,Brighton,GK,141,28,4.0,0.0,0
Kjell Scherpen,Brighton,GK,142,15,4.0,0.0,0
Kjell Scherpen,Brighton,GK,142,16,4.0,0.0,0
Kjell Scherpen,Brighton,GK,142,17,4.0,0.0,0
Kjell Scherpen,Brighton,GK,142,18,4.0,0.0,0
Kjell Scherpen,Brighton,GK,142,19,4.0,0.0,0
Kjell Scherpen,Brighton,GK,142,20,4.0,0.0,0
Kjell Scherpen,Brighton,GK,142,21,4.0,0.0,0
Kjell Scherpen,Brighton,GK,142,22,4.0,0.0,0
Kjell Scherpen,Brighton,GK,142,23,4.0,0.0,0
Kjell Scherpen,Brighton,GK,142,24,4.0,0.0,0
Kjell Scherpen,Brighton,GK,142,25,4.0,0.0,0
Kjell Scherpen,Brighton,GK,142,26,4.0,0.0,0
Kjell Scherpen,Brighton,GK,142,27,4.0,0.0,0
Kjell Scherpen,Brighton,GK,142,28,4.0,0.0,0
Olivier Boscagli,Brighton,DEF,143,15,4.2,0.29,1
Olivier Boscagli,Brighton,DEF,143,16,4.2,0.21,0
Olivier Boscagli,Brighton,DEF,143,17,4.2,1.89,8
Olivier Boscagli,Brighton,DEF,143,18,4.2,1.1,0
Olivier Boscagli,Brighton,DEF,143,19,4.2,0.96,0
Olivier Boscagli,Brighton,DEF,143,20,4.2,0.87,0
Olivier Boscagli,Brighton,DEF,143,21,4.2,0.31,0
Olivier Boscagli,Brighton,DEF,143,22,4.2,0.25,1
Olivier Boscagli,Brighton,DEF,143,23,4.2,1.94,5
Olivier Boscagli,Brighton,DEF,143,24,4.2,0.89,0
Olivier Boscagli,Brighton,DEF,143,25,4.2,2.51,4
Olivier Boscagli,Brighton,DEF,143,26,4.2,1.46,1
Olivier Boscagli,Brighton,DEF,143,27,4.2,1.02,0
Olivier Boscagli,Brighton,DEF,143,28,4.2,0.91,0
Diego Coppola,Brighton,DEF,144,15,4.3,0.15,0
Diego Coppola,Brighton,DEF,144,16,4.2,0.15,0
Diego Coppola,Brighton,DEF,144,17,4.2,1.81,7
Diego Coppola,Brighton,DEF,144,18,4.2,2.37,0
Diego Coppola,Brighton,DEF,144,19,4.2,1.3,0
Diego Coppola,Brighton,DEF,144,20,4.2,1.2,0
Diego Coppola,Brighton,DEF,144,21,4.2,0.61,0
Diego Coppola,Brighton,DEF,144,22,4.2,0.23,0
Diego Coppola,Brighton,DEF,144,23,4.2,0.18,0
Diego Coppola,Brighton,DEF,144,24,4.2,0.13,0
Diego Coppola,Brighton,DEF,144,25,4.2,0.1,0
Diego Coppola,Brighton,DEF,144,26,4.2,0.15,0
Diego Coppola,Brighton,DEF,144,27,4.2,0.16,0
Diego Coppola,Brighton,DEF,144,28,4.2,0.07,0
Maxim De Cuyper,Brighton,DEF,145,15,4.3,3.64,8
Maxim De Cuyper,Brighton,DEF,145,16,4.3,2.77,0
Maxim De Cuyper,Brighton,DEF,145,17,4.3,3.47,6
Maxim De Cuyper,Brighton,DEF,145,18,4.3,2.36,1
Maxim De Cuyper,Brighton,DEF,145,19,4.3,1.61,0
Maxim De Cuyper,Brighton,DEF,145,20,4.3,1.66,1
Maxim De Cuyper,Brighton,DEF,145,21,4.3,2.59,1
Maxim De Cuyper,Brighton,DEF,145,22,4.3,1.4,0
Maxim De Cuyper,Brighton,DEF,145,23,4.3,1.24,1
Maxim De Cuyper,Brighton,DEF,145,24,4.3,2.83,6
Maxim De Cuyper,Brighton,DEF,145,25,4.3,3.02,2
Maxim De Cuyper,Brighton,DEF,145,26,4.3,1.81,0
Maxim De Cuyper,Brighton,DEF,145,27,4.3,1.73,1
Maxim De Cuyper,Brighton,DEF,145,28,4.3,1.27,1
Lewis Dunk,Brighton,DEF,146,15,4.5,3.19,1
Lewis Dunk,Brighton,DEF,146,16,4.5,3.37,0
Lewis Dunk,Brighton,DEF,146,17,4.5,1.67,0
Lewis Dunk,Brighton,DEF,146,18,4.5,2.85,0
Lewis Dunk,Brighton,DEF,146,19,4.5,2.98,2
Lewis Dunk,Brighton,DEF,146,20,4.5,3.09,6
Lewis Dunk,Brighton,DEF,146,21,4.5,3.78,3
Lewis Dunk,Brighton,DEF,146,22,4.5,4.01,2
Lewis Dunk,Brighton,DEF,146,23,4.5,4.06,3
Lewis Dunk,Brighton,DEF,146,24,4.5,3.95,4
Lewis Dunk,Brighton,DEF,146,25,4.5,3.96,4
Lewis Dunk,Brighton,DEF,146,26,4.5,4.14,2
Lewis Dunk,Brighton,DEF,146,27,4.5,4.12,6
Lewis Dunk,Brighton,DEF,146,28,4.5,3.94,1
Pervis Estupiñán Tenorio,Brighton,DEF,147,15,4.5,0.2,0
Pervis Estupiñán Tenorio,Brighton,DEF,147,16,4.5,0.25,0
Pervis Estupiñán Tenorio,Brighton,DEF,147,17,4.5,0.2,0
Pervis Estupiñán Tenorio,Brighton,DEF,147,18,4.5,0.26,0
Pervis Estupiñán Tenorio,Brighton,DEF,147,19,4.5,0.24,0
Pervis Estupiñán Tenorio,Brighton,DEF,147,20,4.5,0.15,0
Pervis Estupiñán Tenorio,Brighton,DEF,147,21,4.5,0.18,0
Pervis Estupiñán Tenorio,Brighton,DEF,147,22,4.5,0.11,0
Pervis Estupiñán Tenorio,Brighton,DEF,147,23,4.5,0.19,0
Pervis Estupiñán Tenorio,Brighton,DEF,147,24,4.5,0.13,0
Pervis Estupiñán Tenorio,Brighton,DEF,147,25,4.5,0.11,0
Pervis Estupiñán Tenorio,Brighton,DEF,147,26,4.5,0.16,0
Pervis Estupiñán Tenorio,Brighton,DEF,147,27,4.5,0.17,0
Pervis Estupiñán Tenorio,Brighton,DEF,147,28,4.5,0.08,0
Ferdi Kadıoğlu,Brighton,DEF,148,15,4.4,3.41,1
Ferdi Kadıoğlu,Brighton,DEF,148,16,4.4,3.39,1
Ferdi Kadıoğlu,Brighton,DEF,148,17,4.4,3.39,6
Ferdi Kadıoğlu,Brighton,DEF,148,18,4.4,3.51,1
Ferdi Kadıoğlu,Brighton,DEF,148,19,4.4,3.67,4
Ferdi Kadıoğlu,Brighton,DEF,148,20,4.4,4.03,9
Ferdi Kadıoğlu,Brighton,DEF,148,21,4.4,4.29,2
Ferdi Kadıoğlu,Brighton,DEF,148,22,4.4,4.38,2
Ferdi Kadıoğlu,Brighton,DEF,148,23,4.4,3.9,1
Ferdi Kadıoğlu,Brighton,DEF,148,24,4.4,3.75,2
Ferdi Kadıoğlu,Brighton,DEF,148,25,4.4,3.69,2
Ferdi Kadıoğlu,Brighton,DEF,148,26,4.4,3.64,2
Ferdi Kadıoğlu,Brighton,DEF,148,27,4.4,3.86,8
Ferdi Kadıoğlu,Brighton,DEF,148,28,4.4,4.3,2
Igor Julio dos Santos de Paulo,West Ham,DEF,149,15,4.5,0.82,0
Igor Julio dos Santos de Paulo,West Ham,DEF,149,16,4.5,0.37,0
Igor Julio dos Santos de Paulo,West Ham,DEF,149,17,4.5,0.37,0
Igor Julio dos Santos de Paulo,West Ham,DEF,149,18,4.5,0.21,0
Igor Julio dos Santos de Paulo,West Ham,DEF,149,19,4.5,0.23,0
Igor Julio dos Santos de Paulo,West Ham,DEF,149,20,4.5,0.31,0
Igor Julio dos Santos de Paulo,West Ham,DEF,149,21,4.5,0.18,0
Igor Julio dos Santos de Paulo,West Ham,DEF,149,22,4.5,0.24,0
Igor Julio dos Santos de Paulo,West Ham,DEF,149,23,4.5,0.19,0
Igor Julio dos Santos de Paulo,Brighton,DEF,149,24,4.5,0.22,0
Igor Julio dos Santos de Paulo,Brighton,DEF,149,25,4.5,0.19,0
Igor Julio dos Santos de Paulo,Brighton,DEF,149,26,4.5,0.24,0
Igor Julio dos Santos de Paulo,Brighton,DEF,149,27,4.5,0.25,0
Igor Julio dos Santos de Paulo,Brighton,DEF,149,28,4.5,0.16,0
Tariq Lamptey,Brighton,DEF,150,15,4.4,0.16,0
Tariq Lamptey,Brighton,DEF,150,16,4.4,0.21,0
Tariq Lamptey,Brighton,DEF,150,17,4.4,0.15,0
Tariq Lamptey,Brighton,DEF,150,18,4.4,0.22,0
Tariq Lamptey,Brighton,DEF,150,19,4.4,0.19,0
Tariq Lamptey,Brighton,DEF,150,20,4.4,0.1,0
Tariq Lamptey,Brighton,DEF,150,21,4.4,0.14,0
Tariq Lamptey,Brighton,DEF,150,22,4.4,0.07,0
Tariq Lamptey,Brighton,DEF,150,23,4.4,0.14,0
Tariq Lamptey,Brighton,DEF,150,24,4.4,0.09,0
Tariq Lamptey,Brighton,DEF,150,25,4.4,0.07,0
Tariq Lamptey,Brighton,DEF,150,26,4.4,0.12,0
Tariq Lamptey,Brighton,DEF,150,27,4.4,0.13,0
Tariq Lamptey,Brighton,DEF,150,28,4.4,0.04,0
Jan Paul van Hecke,Brighton,DEF,151,15,4.5,4.67,5
Jan Paul van Hecke,Brighton,DEF,151,16,4.5,4.66,1
Jan Paul van Hecke,Brighton,DEF,151,17,4.6,2.82,0
Jan Paul van Hecke,Brighton,DEF,151,18,4.6,3.9,3
Jan Paul van Hecke,Brighton,DEF,151,19,4.5,3.42,0
Jan Paul van Hecke,Brighton,DEF,151,20,4.5,3.51,6
Jan Paul van Hecke,Brighton,DEF,151,21,4.5,4.14,3
Jan Paul van Hecke,Brighton,DEF,151,22,4.5,4.29,6
Jan Paul van Hecke,Brighton,DEF,151,23,4.5,4.68,1
Jan Paul van Hecke,Brighton,DEF,151,24,4.5,4.54,2
Jan Paul van Hecke,Brighton,DEF,151,25,4.5,2.75,0
Jan Paul van Hecke,Brighton,DEF,151,26,4.5,3.66,5
Jan Paul van Hecke,Brighton,DEF,151,27,4.4,4.01,9
Jan Paul van Hecke,Brighton,DEF,151,28,4.4,4.44,4
Joël Veltman,Brighton,DEF,152,15,4.3,0.54,0
Joël Veltman,Brighton,DEF,152,16,4.3,0.5,0
Joël Veltman,Brighton,DEF,152,17,4.3,0.38,1
Joël Veltman,Brighton,DEF,152,18,4.3,0.52,0
Joël Veltman,Brighton,DEF,152,19,4.3,2.24,10
Joël Veltman,Brighton,DEF,152,20,4.3,2.98,6
Joël Veltman,Brighton,DEF,152,21,4.3,1.85,0
Joël Veltman,Brighton,DEF,152,22,4.3,3.42,2
Joël Veltman,Brighton,DEF,152,23,4.3,1.63,0
Joël Veltman,Brighton,DEF,152,24,4.3,1.03,1
Joël Veltman,Brighton,DEF,152,25,4.3,0.98,0
Joël Veltman,Brighton,DEF,152,26,4.3,1.95,1
Joël Veltman,Brighton,DEF,152,27,4.3,1.02,1
Joël Veltman,Brighton,DEF,152,28,4.3,0.94,1
Adam Webster,Brighton,DEF,153,15,4.4,0.16,0
Adam Webster,Brighton,DEF,153,16,4.4,0.22,0
Adam Webster,Brighton,DEF,153,17,4.4,0.16,0
Adam Webster,Brighton,DEF,153,18,4.4,0.23,0
Adam Webster,Brighton,DEF,153,19,4.4,0.2,0
Adam Webster,Brighton,DEF,153,20,4.4,0.11,0
Adam Webster,Brighton,DEF,153,21,4.4,0.14,0
Adam Webster,Brighton,DEF,153,22,4.4,0.08,0
Adam Webster,Brighton,DEF,153,23,4.4,0.16,0
Adam Webster,Brighton,DEF,153,24,4.4,0.11,0
Adam Webster,Brighton,DEF,153,25,4.4,0.08,0
Adam Webster,Brighton,DEF,153,26,4.4,0.12,0
Adam Webster,Brighton,DEF,153,27,4.4,0.15,0
Adam Webster,Brighton,DEF,153,28,4.4,0.05,0
Eiran Cashin,Brighton,DEF,154,15,4.0,0.0,0
Eiran Cashin,Brighton,DEF,154,16,4.0,0.02,0
Eiran Cashin,Brighton,DEF,154,17,4.0,0.0,0
Eiran Cashin,Brighton,DEF,154,18,4.0,0.03,0
Eiran Cashin,Brighton,DEF,154,19,4.0,0.01,0
Eiran Cashin,Brighton,DEF,154,20,4.0,0.0,0
Eiran Cashin,Brighton,DEF,154,21,4.0,0.0,0
Eiran Cashin,Brighton,DEF,154,22,4.0,0.0,0
Eiran Cashin,Brighton,DEF,154,23,4.0,0.0,0
Eiran Cashin,Brighton,DEF,154,24,4.0,0.0,0
Eiran Cashin,Brighton,DEF,154,25,4.0,0.0,0
Eiran Cashin,Brighton,DEF,154,26,4.0,0.0,0
Eiran Cashin,Brighton,DEF,154,27,4.0,0.0,0
Eiran Cashin,Brighton,DEF,154,28,4.0,0.0,0
Jacob Slater,Brighton,DEF,155,15,4.0,0.0,0
Jacob Slater,Brighton,DEF,155,16,4.0,0.02,0
Jacob Slater,Brighton,DEF,155,17,4.0,0.0,0
Jacob Slater,Brighton,DEF,155,18,4.0,0.03,0
Jacob Slater,Brighton,DEF,155,19,4.0,0.01,0
Jacob Slater,Brighton,DEF,155,20,4.0,0.0,0
Jacob Slater,Brighton,DEF,155,21,4.0,0.0,0
Jacob Slater,Brighton,DEF,155,22,4.0,0.0,0
Jacob Slater,Brighton,DEF,155,23,4.0,0.0,0
Jacob Slater,Brighton,DEF,155,24,4.0,0.0,0
Jacob Slater,Brighton,DEF,155,25,4.0,0.0,0
Jacob Slater,Brighton,DEF,155,26,4.0,0.0,0
Jacob Slater,Brighton,DEF,155,27,4.0,0.0,0
Jacob Slater,Brighton,DEF,155,28,4.0,0.0,0
Charlie Tasker,Brighton,DEF,156,15,3.9,0.0,0
Charlie Tasker,Brighton,DEF,156,16,3.9,0.0,0
Charlie Tasker,Brighton,DEF,156,17,3.9,0.0,0
Charlie Tasker,Brighton,DEF,156,18,3.9,0.0,0
Charlie Tasker,Brighton,DEF,156,19,3.9,0.0,0
Charlie Tasker,Brighton,DEF,156,20,3.8,0.0,0
Charlie Tasker,Brighton,DEF,156,21,3.8,0.0,0
Charlie Tasker,Brighton,DEF,156,22,3.8,0.0,0
Charlie Tasker,Brighton,DEF,156,23,3.8,0.0,0
Charlie Tasker,Brighton,DEF,156,24,3.8,0.0,0
Charlie Tasker,Brighton,DEF,156,25,3.8,0.0,0
Charlie Tasker,Brighton,DEF,156,26,3.8,0.0,0
Charlie Tasker,Brighton,DEF,156,27,3.8,0.0,0
Charlie Tasker,Brighton,DEF,156,28,3.8,0.0,0
Mitoma Kaoru,Brighton,MID,157,15,6.1,0.75,0
Mitoma Kaoru,Brighton,MID,157,16,6.1,0.81,1
Mitoma Kaoru,Brighton,MID,157,17,6.1,0.91,1
Mitoma Kaoru,Brighton,MID,157,18,6.1,1.1,0
Mitoma Kaoru,Brighton,MID,157,19,6.1,1.09,1
Mitoma Kaoru,Brighton,MID,157,20,6.1,2.69,3
Mitoma Kaoru,Brighton,MID,157,21,6.1,3.04,8
Mitoma Kaoru,Brighton,MID,157,22,6.1,3.67,2
Mitoma Kaoru,Brighton,MID,157,23,6.1,3.99,2
Mitoma Kaoru,Brighton,MID,157,24,6.1,3.95,2
Mitoma Kaoru,Brighton,MID,157,25,6.1,3.8,2
Mitoma Kaoru,Brighton,MID,157,26,6.1,3.86,3
Mitoma Kaoru,Brighton,MID,157,27,6.1,3.83,3
Mitoma Kaoru,Brighton,MID,157,28,6.1,3.56,1
Georginio Rutter,Brighton,MID,158,15,5.7,3.34,8
Georginio Rutter,Brighton,MID,158,16,5.6,3.6,2
Georginio Rutter,Brighton,MID,158,17,5.6,3.48,3
Georginio Rutter,Brighton,MID,158,18,5.6,3.71,0
Georginio Rutter,Brighton,MID,158,19,5.6,2.05,1
Georginio Rutter,Brighton,MID,158,20,5.6,3.52,8
Georginio Rutter,Brighton,MID,158,21,5.6,3.43,2
Georginio Rutter,Brighton,MID,158,22,5.6,1.89,1
Georginio Rutter,Brighton,MID,158,23,5.6,1.96,1
Georginio Rutter,Brighton,MID,158,24,5.6,1.6,1
Georginio Rutter,Brighton,MID,158,25,5.6,3.11,2
Georginio Rutter,Brighton,MID,158,26,5.6,1.63,0
Georginio Rutter,Brighton,MID,158,27,5.6,1.53,0
Georginio Rutter,Brighton,MID,158,28,5.6,1.2,0
Solly March,Brighton,MID,159,15,5.8,0.44,0
Solly March,Brighton,MID,159,16,5.8,0.5,0
Solly March,Brighton,MID,159,17,5.8,0.44,0
Solly March,Brighton,MID,159,18,5.8,0.51,0
Solly March,Brighton,MID,159,19,5.8,0.47,0
Solly March,Brighton,MID,159,20,5.8,0.39,0
Solly March,Brighton,MID,159,21,5.8,0.42,0
Solly March,Brighton,MID,159,22,5.8,0.35,0
Solly March,Brighton,MID,159,23,5.8,0.44,0
Solly March,Brighton,MID,159,24,5.8,0.38,0
Solly March,Brighton,MID,159,25,5.8,0.35,0
Solly March,Brighton,MID,159,26,5.8,0.4,0
Solly March,Brighton,MID,159,27,5.8,0.42,0
Solly March,Brighton,MID,159,28,5.8,0.34,1
Yankuba Minteh,Brighton,MID,160,15,6.3,4.98,3
Yankuba Minteh,Brighton,MID,160,16,6.2,4.36,2
Yankuba Minteh,Brighton,MID,160,17,6.1,4.25,3
Yankuba Minteh,Brighton,MID,160,18,6.1,2.58,1
Yankuba Minteh,Brighton,MID,160,19,6.0,2.61,4
Yankuba Minteh,Brighton,MID,160,20,6.0,2.33,0
Yankuba Minteh,Brighton,MID,160,21,5.9,1.88,0
Yankuba Minteh,Brighton,MID,160,22,5.8,1.58,1
Yankuba Minteh,Brighton,MID,160,23,5.8,1.38,1
Yankuba Minteh,Brighton,MID,160,24,5.7,1.38,1
Yankuba Minteh,Brighton,MID,160,25,5.7,1.49,1
Yankuba Minteh,Brighton,MID,160,26,5.6,1.5,1
Yankuba Minteh,Brighton,MID,160,27,5.6,1.53,0
Yankuba Minteh,Brighton,MID,160,28,5.6,1.27,0
Julio Enciso Espínola,Brighton,MID,161,15,5.4,0.25,0
Julio Enciso Espínola,Brighton,MID,161,16,5.4,0.3,0
Julio Enciso Espínola,Brighton,MID,161,17,5.4,0.25,0
Julio Enciso Espínola,Brighton,MID,161,18,5.4,0.31,0
Julio Enciso Espínola,Brighton,MID,161,19,5.4,0.29,0
Julio Enciso Espínola,Brighton,MID,161,20,5.4,0.2,0
Julio Enciso Espínola,Brighton,MID,161,21,5.4,0.23,0
Julio Enciso Espínola,Brighton,MID,161,22,5.4,0.16,0
Julio Enciso Espínola,Brighton,MID,161,23,5.4,0.24,0
Julio Enciso Espínola,Brighton,MID,161,24,5.4,0.19,0
Julio Enciso Espínola,Brighton,MID,161,25,5.4,0.16,0
Julio Enciso Espínola,Brighton,MID,161,26,5.4,0.22,0
Julio Enciso Espínola,Brighton,MID,161,27,5.4,0.22,0
Julio Enciso Espínola,Brighton,MID,161,28,5.4,0.14,0
Brajan Gruda,Brighton,MID,162,15,5.4,1.02,1
Brajan Gruda,Brighton,MID,162,16,5.4,2.73,2
Brajan Gruda,Brighton,MID,162,17,5.4,2.97,2
Brajan Gruda,Brighton,MID,162,18,5.4,1.54,1
Brajan Gruda,Brighton,MID,162,19,5.4,1.6,1
Brajan Gruda,Brighton,MID,162,20,5.4,3.0,3
Brajan Gruda,Brighton,MID,162,21,5.4,1.4,1
Brajan Gruda,Brighton,MID,162,22,5.4,2.88,2
Brajan Gruda,Brighton,MID,162,23,5.4,1.51,0
Brajan Gruda,Brighton,MID,162,24,5.4,1.01,0
Brajan Gruda,Brighton,MID,162,25,5.4,0.86,0
Brajan Gruda,Brighton,MID,162,26,5.4,0.61,0
Brajan Gruda,Brighton,MID,162,27,5.4,0.61,0
Brajan Gruda,Brighton,MID,162,28,5.4,0.48,0
Jack Hinshelwood,Brighton,MID,163,15,5.1,1.84,1
Jack Hinshelwood,Brighton,MID,163,16,5.1,3.28,2
Jack Hinshelwood,Brighton,MID,163,17,5.1,3.52,3
Jack Hinshelwood,Brighton,MID,163,18,5.1,3.18,2
Jack Hinshelwood,Brighton,MID,163,19,5.1,1.75,1
Jack Hinshelwood,Brighton,MID,163,20,5.1,1.3,0
Jack Hinshelwood,Brighton,MID,163,21,5.1,2.58,5
Jack Hinshelwood,Brighton,MID,163,22,5.1,2.77,2
Jack Hinshelwood,Brighton,MID,163,23,5.1,1.41,0
Jack Hinshelwood,Brighton,MID,163,24,5.1,1.33,0
Jack Hinshelwood,Brighton,MID,163,25,5.1,0.8,1
Jack Hinshelwood,Brighton,MID,163,26,5.1,2.01,0
Jack Hinshelwood,Brighton,MID,163,27,5.1,2.52,6
Jack Hinshelwood,Brighton,MID,163,28,5.1,3.15,5
Matt O'Riley,Brighton,MID,164,15,5.5,0.42,0
Matt O'Riley,Brighton,MID,164,16,5.5,0.47,0
Matt O'Riley,Brighton,MID,164,17,5.5,0.41,0
Matt O'Riley,Brighton,MID,164,18,5.5,0.48,0
Matt O'Riley,Brighton,MID,164,19,5.5,0.45,0
Matt O'Riley,Brighton,MID,164,20,5.5,0.36,0
Matt O'Riley,Brighton,MID,164,21,5.5,0.4,0
Matt O'Riley,Brighton,MID,164,22,5.5,0.33,0
Matt O'Riley,Brighton,MID,164,23,5.5,0.4,0
Matt O'Riley,Brighton,MID,164,24,5.5,0.35,0
Matt O'Riley,Brighton,MID,164,25,5.5,0.34,1
Matt O'Riley,Brighton,MID,164,26,5.5,0.47,0
Matt O'Riley,Brighton,MID,164,27,5.5,0.48,0
Matt O'Riley,Brighton,MID,164,28,5.5,0.39,0
Abdallah Sima,Brighton,MID,165,15,5.4,0.25,0
Abdallah Sima,Brighton,MID,165,16,5.4,0.3,0
Abdallah Sima,Brighton,MID,165,17,5.4,0.25,0
Abdallah Sima,Brighton,MID,165,18,5.4,0.31,0
Abdallah Sima,Brighton,MID,165,19,5.4,0.29,0
Abdallah Sima,Brighton,MID,165,20,5.4,0.2,0
Abdallah Sima,Brighton,MID,165,21,5.4,0.23,0
Abdallah Sima,Brighton,MID,165,22,5.4,0.16,0
Abdallah Sima,Brighton,MID,165,23,5.4,0.24,0
Abdallah Sima,Brighton,MID,165,24,5.4,0.19,0
Abdallah Sima,Brighton,MID,165,25,5.4,0.16,0
Abdallah Sima,Brighton,MID,165,26,5.4,0.22,0
Abdallah Sima,Brighton,MID,165,27,5.4,0.22,0
Abdallah Sima,Brighton,MID,165,28,5.4,0.14,0
Yasin Ayari,Brighton,MID,166,15,4.9,1.45,0
Yasin Ayari,Brighton,MID,166,16,4.9,0.99,1
Yasin Ayari,Brighton,MID,166,17,4.8,2.28,3
Yasin Ayari,Brighton,MID,166,18,4.8,2.81,5
Yasin Ayari,Brighton,MID,166,19,4.8,3.46,4
Yasin Ayari,Brighton,MID,166,20,4.8,4.0,12
Yasin Ayari,Brighton,MID,166,21,4.8,4.55,5
Yasin Ayari,Brighton,MID,166,22,4.8,2.92,0
Yasin Ayari,Brighton,MID,166,23,4.8,4.11,11
Yasin Ayari,Brighton,MID,166,24,4.8,4.33,6
Yasin Ayari,Brighton,MID,166,25,4.8,2.64,0
Yasin Ayari,Brighton,MID,166,26,4.8,2.45,0
Yasin Ayari,Brighton,MID,166,27,4.8,1.7,0
Yasin Ayari,Brighton,MID,166,28,4.8,1.06,0
Carlos Baleba,Brighton,MID,167,15,4.7,1.02,1
Carlos Baleba,Brighton,MID,167,16,4.6,2.67,2
Carlos Baleba,Brighton,MID,167,17,4.6,1.22,0
Carlos Baleba,Brighton,MID,167,18,4.6,0.83,0
Carlos Baleba,Brighton,MID,167,19,4.6,0.57,0
Carlos Baleba,Brighton,MID,167,20,4.6,0.17,0
Carlos Baleba,Brighton,MID,167,21,4.6,0.2,0
Carlos Baleba,Brighton,MID,167,22,4.5,0.06,1
Carlos Baleba,Brighton,MID,167,23,4.5,1.93,4
Carlos Baleba,Brighton,MID,167,24,4.5,2.4,4
Carlos Baleba,Brighton,MID,167,25,4.5,2.98,2
Carlos Baleba,Brighton,MID,167,26,4.5,1.65,0
Carlos Baleba,Brighton,MID,167,27,4.5,1.3,1
Carlos Baleba,Brighton,MID,167,28,4.5,0.83,1
Facundo Buonanotte,Chelsea,MID,168,15,4.6,0.03,0
Facundo Buonanotte,Chelsea,MID,168,16,4.6,0.0,0
Facundo Buonanotte,Chelsea,MID,168,17,4.6,0.0,0
Facundo Buonanotte,Chelsea,MID,168,18,4.6,0.0,0
Facundo Buonanotte,Chelsea,MID,168,19,4.6,0.0,0
Facundo Buonanotte,Chelsea,MID,168,20,4.6,0.0,0
Facundo Buonanotte,Chelsea,MID,168,21,4.6,0.0,0
Facundo Buonanotte,Leeds,MID,168,22,4.6,0.0,0
Facundo Buonanotte,Leeds,MID,168,23,4.6,0.0,0
Facundo Buonanotte,Leeds,MID,168,24,4.6,0.0,1
Facundo Buonanotte,Leeds,MID,168,25,4.6,0.05,0
Facundo Buonanotte,Leeds,MID,168,26,4.6,0.1,0
Facundo Buonanotte,Leeds,MID,168,27,4.6,0.0,0
Facundo Buonanotte,Leeds,MID,168,28,4.6,0.0,0
Diego Gómez Amarilla,Brighton,MID,169,15,4.9,3.49,2
Diego Gómez Amarilla,Brighton,MID,169,16,4.9,3.08,1
Diego Gómez Amarilla,Brighton,MID,169,17,4.9,1.63,0
Diego Gómez Amarilla,Brighton,MID,169,18,4.9,3.03,9
Diego Gómez Amarilla,Brighton,MID,169,19,4.9,3.32,2
Diego Gómez Amarilla,Brighton,MID,169,20,4.9,3.21,3
Diego Gómez Amarilla,Brighton,MID,169,21,4.9,3.62,2
Diego Gómez Amarilla,Brighton,MID,169,22,4.9,3.42,2
Diego Gómez Amarilla,Brighton,MID,169,23,4.9,3.53,2
Diego Gómez Amarilla,Brighton,MID,169,24,4.9,1.69,0
Diego Gómez Amarilla,Brighton,MID,169,25,4.9,1.27,0
Diego Gómez Amarilla,Brighton,MID,169,26,4.9,2.77,3
Diego Gómez Amarilla,Brighton,MID,169,27,4.9,2.97,10
Diego Gómez Amarilla,Brighton,MID,169,28,4.9,3.7,9
James Milner,Brighton,MID,170,15,4.9,0.19,0
James Milner,Brighton,MID,170,16,4.9,0.25,1
James Milner,Brighton,MID,170,17,4.9,0.3,1
James Milner,Brighton,MID,170,18,4.9,0.49,0
James Milner,Brighton,MID,170,19,4.9,1.81,1
James Milner,Brighton,MID,170,20,4.9,0.66,1
James Milner,Brighton,MID,170,21,4.9,0.69,1
James Milner,Brighton,MID,170,22,4.9,0.74,0
James Milner,Brighton,MID,170,23,4.9,0.45,1
James Milner,Brighton,MID,170,24,4.9,0.42,1
James Milner,Brighton,MID,170,25,4.9,0.38,0
James Milner,Brighton,MID,170,26,4.9,2.05,2
James Milner,Brighton,MID,170,27,4.9,2.31,3
James Milner,Brighton,MID,170,28,4.9,2.62,2
Jeremy Sarmiento Morante,Brighton,MID,171,15,4.9,0.03,0
Jeremy Sarmiento Morante,Brighton,MID,171,16,4.9,0.08,0
Jeremy Sarmiento Morante,Brighton,MID,171,17,4.9,0.02,0
Jeremy Sarmiento Morante,Brighton,MID,171,18,4.9,0.09,0
Jeremy Sarmiento Morante,Brighton,MID,171,19,4.9,0.06,0
Jeremy Sarmiento Morante,Brighton,MID,171,20,4.9,0.0,0
Jeremy Sarmiento Morante,Brighton,MID,171,21,4.9,0.01,0
Jeremy Sarmiento Morante,Brighton,MID,171,22,4.9,0.0,0
Jeremy Sarmiento Morante,Brighton,MID,171,23,4.9,0.02,0
Jeremy Sarmiento Morante,Brighton,MID,171,24,4.9,0.0,0
Jeremy Sarmiento Morante,Brighton,MID,171,25,4.9,0.0,0
Jeremy Sarmiento Morante,Brighton,MID,171,26,4.9,0.0,0
Jeremy Sarmiento Morante,Brighton,MID,171,27,4.9,0.0,0
Jeremy Sarmiento Morante,Brighton,MID,171,28,4.9,0.0,0
Tom Watson,Brighton,MID,172,15,4.8,0.03,0
Tom Watson,Brighton,MID,172,16,4.8,0.07,0
Tom Watson,Brighton,MID,172,17,4.8,0.03,1
Tom Watson,Brighton,MID,172,18,4.8,0.17,1
Tom Watson,Brighton,MID,172,19,4.8,0.23,0
Tom Watson,Brighton,MID,172,20,4.8,0.15,1
Tom Watson,Brighton,MID,172,21,4.8,0.2,0
Tom Watson,Brighton,MID,172,22,4.8,0.16,0
Tom Watson,Brighton,MID,172,23,4.8,0.22,0
Tom Watson,Brighton,MID,172,24,4.8,0.1,0
Tom Watson,Brighton,MID,172,25,4.8,0.0,0
Tom Watson,Brighton,MID,172,26,4.8,0.0,0
Tom Watson,Brighton,MID,172,27,4.8,0.01,0
Tom Watson,Brighton,MID,172,28,4.8,0.0,0
Mats Wieffer,Brighton,MID,173,15,4.9,4.52,2
Mats Wieffer,Brighton,MID,173,16,4.9,4.28,2
Mats Wieffer,Brighton,MID,173,17,4.9,2.41,1
Mats Wieffer,Brighton,MID,173,18,4.9,1.87,1
Mats Wieffer,Brighton,MID,173,19,4.9,1.63,0
Mats Wieffer,Brighton,MID,173,20,4.9,1.03,0
Mats Wieffer,Brighton,MID,173,21,4.9,0.86,0
Mats Wieffer,Brighton,MID,173,22,4.9,0.6,0
Mats Wieffer,Brighton,MID,173,23,4.9,0.66,0
Mats Wieffer,Brighton,MID,173,24,4.9,0.59,0
Mats Wieffer,Brighton,MID,173,25,4.9,0.57,0
Mats Wieffer,Brighton,MID,173,26,4.9,0.62,0
Mats Wieffer,Brighton,MID,173,27,4.9,2.26,2
Mats Wieffer,Brighton,MID,173,28,4.9,2.29,1
Malick Yalcouyé,Brighton,MID,174,15,5.0,0.07,0
Malick Yalcouyé,Brighton,MID,174,16,5.0,0.12,0
Malick Yalcouyé,Brighton,MID,174,17,5.0,0.07,0
Malick Yalcouyé,Brighton,MID,174,18,5.0,0.13,0
Malick Yalcouyé,Brighton,MID,174,19,5.0,0.11,0
Malick Yalcouyé,Brighton,MID,174,20,5.0,0.02,0
Malick Yalcouyé,Brighton,MID,174,21,5.0,0.05,0
Malick Yalcouyé,Brighton,MID,174,22,5.0,0.0,0
Malick Yalcouyé,Brighton,MID,174,23,5.0,0.06,0
Malick Yalcouyé,Brighton,MID,174,24,5.0,0.01,0
Malick Yalcouyé,Brighton,MID,174,25,5.0,0.0,0
Malick Yalcouyé,Brighton,MID,174,26,5.0,0.03,0
Malick Yalcouyé,Brighton,MID,174,27,5.0,0.04,0
Malick Yalcouyé,Brighton,MID,174,28,5.0,0.0,0
Joe Knight,Brighton,MID,175,15,4.5,0.0,0
Joe Knight,Brighton,MID,175,16,4.4,0.0,0
Joe Knight,Brighton,MID,175,17,4.4,0.0,0
Joe Knight,Brighton,MID,175,18,4.4,0.0,0
Joe Knight,Brighton,MID,175,19,4.4,0.0,0
Joe Knight,Brighton,MID,175,20,4.4,0.0,0
Joe Knight,Brighton,MID,175,21,4.4,0.0,0
Joe Knight,Brighton,MID,175,22,4.4,0.0,0
Joe Knight,Brighton,MID,175,23,4.4,0.0,0
Joe Knight,Brighton,MID,175,24,4.4,0.0,0
Joe Knight,Brighton,MID,175,25,4.4,0.0,0
Joe Knight,Brighton,MID,175,26,4.4,0.0,0
Joe Knight,Brighton,MID,175,27,4.4,0.0,0
Joe Knight,Brighton,MID,175,28,4.4,0.0,0
Adrian Mazilu,Brighton,MID,176,15,4.5,0.0,0
Adrian Mazilu,Brighton,MID,176,16,4.5,0.0,0
Adrian Mazilu,Brighton,MID,176,17,4.5,0.0,0
Adrian Mazilu,Brighton,MID,176,18,4.5,0.0,0
Adrian Mazilu,Brighton,MID,176,19,4.5,0.0,0
Adrian Mazilu,Brighton,MID,176,20,4.5,0.0,0
Adrian Mazilu,Brighton,MID,176,21,4.5,0.0,0
Adrian Mazilu,Brighton,MID,176,22,4.5,0.0,0
Adrian Mazilu,Brighton,MID,176,23,4.5,0.0,0
Adrian Mazilu,Brighton,MID,176,24,4.5,0.0,0
Adrian Mazilu,Brighton,MID,176,25,4.5,0.0,0
Adrian Mazilu,Brighton,MID,176,26,4.5,0.0,0
Adrian Mazilu,Brighton,MID,176,27,4.5,0.0,0
Adrian Mazilu,Brighton,MID,176,28,4.5,0.0,0
Andrew Moran,Brighton,MID,177,15,4.5,0.0,0
Andrew Moran,Brighton,MID,177,16,4.5,0.0,0
Andrew Moran,Brighton,MID,177,17,4.5,0.0,0
Andrew Moran,Brighton,MID,177,18,4.5,0.0,0
Andrew Moran,Brighton,MID,177,19,4.5,0.0,0
Andrew Moran,Brighton,MID,177,20,4.5,0.0,0
Andrew Moran,Brighton,MID,177,21,4.5,0.0,0
Andrew Moran,Brighton,MID,177,22,4.5,0.0,0
Andrew Moran,Brighton,MID,177,23,4.5,0.0,0
Andrew Moran,Brighton,MID,177,24,4.5,0.0,0
Andrew Moran,Brighton,MID,177,25,4.5,0.0,0
Andrew Moran,Brighton,MID,177,26,4.5,0.0,0
Andrew Moran,Brighton,MID,177,27,4.5,0.0,0
Andrew Moran,Brighton,MID,177,28,4.5,0.0,0
Danny Welbeck,Brighton,FWD,178,15,6.6,4.27,2
Danny Welbeck,Brighton,FWD,178,16,6.5,2.53,1
Danny Welbeck,Brighton,FWD,178,17,6.5,2.26,0
Danny Welbeck,Brighton,FWD,178,18,6.4,1.99,1
Danny Welbeck,Brighton,FWD,178,19,6.3,3.35,3
Danny Welbeck,Brighton,FWD,178,20,6.3,1.88,1
Danny Welbeck,Brighton,FWD,178,21,6.3,2.0,1
Danny Welbeck,Brighton,FWD,178,22,6.2,3.25,1
Danny Welbeck,Brighton,FWD,178,23,6.2,3.72,2
Danny Welbeck,Brighton,FWD,178,24,6.2,3.93,2
Danny Welbeck,Brighton,FWD,178,25,6.2,2.47,1
Danny Welbeck,Brighton,FWD,178,26,6.2,3.91,2
Danny Welbeck,Brighton,FWD,178,27,6.1,3.96,9
Danny Welbeck,Brighton,FWD,178,28,6.1,4.29,9
Evan Ferguson,Brighton,FWD,179,15,5.5,0.54,0
Evan Ferguson,Brighton,FWD,179,16,5.5,0.59,0
Evan Ferguson,Brighton,FWD,179,17,5.5,0.53,0
Evan Ferguson,Brighton,FWD,179,18,5.5,0.6,0
Evan Ferguson,Brighton,FWD,179,19,5.5,0.57,0
Evan Ferguson,Brighton,FWD,179,20,5.5,0.48,0
Evan Ferguson,Brighton,FWD,179,21,5.5,0.52,0
Evan Ferguson,Brighton,FWD,179,22,5.5,0.45,0
Evan Ferguson,Brighton,FWD,179,23,5.5,0.52,0
Evan Ferguson,Brighton,FWD,179,24,5.5,0.47,0
Evan Ferguson,Brighton,FWD,179,25,5.5,0.45,0
Evan Ferguson,Brighton,FWD,179,26,5.5,0.5,0
Evan Ferguson,Brighton,FWD,179,27,5.5,0.51,0
Evan Ferguson,Brighton,FWD,179,28,5.5,0.42,0
Stefanos Tzimas,Brighton,FWD,180,15,5.3,0.97,0
Stefanos Tzimas,Brighton,FWD,180,16,5.3,1.0,0
Stefanos Tzimas,Brighton,FWD,180,17,5.3,0.81,0
Stefanos Tzimas,Brighton,FWD,180,18,5.2,0.72,0
Stefanos Tzimas,Brighton,FWD,180,19,5.2,0.62,0
Stefanos Tzimas,Brighton,FWD,180,20,5.2,0.51,0
Stefanos Tzimas,Brighton,FWD,180,21,5.2,0.55,0
Stefanos Tzimas,Brighton,FWD,180,22,5.2,0.48,0
Stefanos Tzimas,Brighton,FWD,180,23,5.2,0.55,0
Stefanos Tzimas,Brighton,FWD,180,24,5.2,0.5,0
Stefanos Tzimas,Brighton,FWD,180,25,5.2,0.48,0
Stefanos Tzimas,Brighton,FWD,180,26,5.2,0.53,0
Stefanos Tzimas,Brighton,FWD,180,27,5.2,0.54,0
Stefanos Tzimas,Brighton,FWD,180,28,5.2,0.45,0
Charalampos Kostoulas,Brighton,FWD,181,15,4.8,0.47,1
Charalampos Kostoulas,Brighton,FWD,181,16,4.8,0.65,1
Charalampos Kostoulas,Brighton,FWD,181,17,4.8,0.72,1
Charalampos Kostoulas,Brighton,FWD,181,18,4.8,0.82,1
Charalampos Kostoulas,Brighton,FWD,181,19,4.8,0.75,0
Charalampos Kostoulas,Brighton,FWD,181,20,4.8,2.33,5
Charalampos Kostoulas,Brighton,FWD,181,21,4.8,1.19,0
Charalampos Kostoulas,Brighton,FWD,181,22,4.8,1.39,8
Charalampos Kostoulas,Brighton,FWD,181,23,4.8,1.53,0
Charalampos Kostoulas,Brighton,FWD,181,24,4.8,0.97,1
Charalampos Kostoulas,Brighton,FWD,181,25,4.8,2.71,2
Charalampos Kostoulas,Brighton,FWD,181,26,4.8,1.22,1
Charalampos Kostoulas,Brighton,FWD,181,27,4.8,1.25,0
Charalampos Kostoulas,Brighton,FWD,181,28,4.8,0.89,0
James Trafford,Man City,GK,182,15,4.6,0.16,0
James Trafford,Man City,GK,182,16,4.6,0.19,0
James Trafford,Man City,GK,182,17,4.6,0.11,0
James Trafford,Man City,GK,182,18,4.6,0.23,0
James Trafford,Man City,GK,182,19,4.6,0.22,0
James Trafford,Man City,GK,182,20,4.5,0.11,0
James Trafford,Man City,GK,182,21,4.5,0.11,0
James Trafford,Man City,GK,182,22,4.5,0.15,0
James Trafford,Man City,GK,182,23,4.5,0.03,0
James Trafford,Man City,GK,182,24,4.5,0.07,0
James Trafford,Man City,GK,182,25,4.5,0.07,0
James Trafford,Man City,GK,182,26,4.5,0.0,0
James Trafford,Man City,GK,182,27,4.5,0.0,0
James Trafford,Man City,GK,182,28,4.5,0.05,0
Max Weiß,Burnley,GK,183,15,4.3,0.0,0
Max Weiß,Burnley,GK,183,16,4.3,0.0,0
Max Weiß,Burnley,GK,183,17,4.3,0.0,0
Max Weiß,Burnley,GK,183,18,4.3,0.0,0
Max Weiß,Burnley,GK,183,19,4.3,0.0,0
Max Weiß,Burnley,GK,183,20,4.3,0.0,0
Max Weiß,Burnley,GK,183,21,4.3,0.0,0
Max Weiß,Burnley,GK,183,22,4.3,0.0,0
Max Weiß,Burnley,GK,183,23,4.3,0.0,0
Max Weiß,Burnley,GK,183,24,4.3,0.0,0
Max Weiß,Burnley,GK,183,25,4.3,0.0,0
Max Weiß,Burnley,GK,183,26,4.3,0.0,0
Max Weiß,Burnley,GK,183,27,4.3,0.0,0
Max Weiß,Burnley,GK,183,28,4.3,0.0,0
Etienne Green,Burnley,GK,184,15,4.0,0.0,0
Etienne Green,Burnley,GK,184,16,4.0,0.0,0
Etienne Green,Burnley,GK,184,17,4.0,0.0,0
Etienne Green,Burnley,GK,184,18,4.0,0.0,0
Etienne Green,Burnley,GK,184,19,4.0,0.0,0
Etienne Green,Burnley,GK,184,20,4.0,0.0,0
Etienne Green,Burnley,GK,184,21,4.0,0.0,0
Etienne Green,Burnley,GK,184,22,4.0,0.0,0
Etienne Green,Burnley,GK,184,23,4.0,0.0,0
Etienne Green,Burnley,GK,184,24,4.0,0.0,0
Etienne Green,Burnley,GK,184,25,4.0,0.0,0
Etienne Green,Burnley,GK,184,26,4.0,0.0,0
Etienne Green,Burnley,GK,184,27,4.0,0.0,0
Etienne Green,Burnley,GK,184,28,4.0,0.0,0
Václav Hladký,Burnley,GK,185,15,3.9,0.0,0
Václav Hladký,Burnley,GK,185,16,3.9,0.0,0
Václav Hladký,Burnley,GK,185,17,3.9,0.0,0
Václav Hladký,Burnley,GK,185,18,3.9,0.0,0
Václav Hladký,Burnley,GK,185,19,3.9,0.0,0
Václav Hladký,Burnley,GK,185,20,3.9,0.0,0
Václav Hladký,Burnley,GK,185,21,3.9,0.0,0
Václav Hladký,Burnley,GK,185,22,3.9,0.0,0
Václav Hladký,Burnley,GK,185,23,3.9,0.0,0
Václav Hladký,Burnley,GK,185,24,3.9,0.0,0
Václav Hladký,Burnley,GK,185,25,3.9,0.0,0
Václav Hladký,Burnley,GK,185,26,3.9,0.0,0
Václav Hladký,Burnley,GK,185,27,3.9,0.0,0
Václav Hladký,Burnley,GK,185,28,3.9,0.0,0
Connor Roberts,Burnley,DEF,186,15,4.4,0.2,0
Connor Roberts,Burnley,DEF,186,16,4.4,0.12,0
Connor Roberts,Burnley,DEF,186,17,4.4,0.18,0
Connor Roberts,Burnley,DEF,186,18,4.4,0.09,0
Connor Roberts,Burnley,DEF,186,19,4.4,0.09,0
Connor Roberts,Burnley,DEF,186,20,4.4,0.17,0
Connor Roberts,Burnley,DEF,186,21,4.4,0.1,0
Connor Roberts,Burnley,DEF,186,22,4.4,0.15,0
Connor Roberts,Burnley,DEF,186,23,4.4,0.06,0
Connor Roberts,Burnley,DEF,186,24,4.4,0.1,0
Connor Roberts,Burnley,DEF,186,25,4.4,0.02,0
Connor Roberts,Burnley,DEF,186,26,4.4,0.11,0
Connor Roberts,Burnley,DEF,186,27,4.4,0.1,0
Connor Roberts,Burnley,DEF,186,28,4.4,0.0,0
Kyle Walker,Burnley,DEF,187,15,4.4,3.1,0
Kyle Walker,Burnley,DEF,187,16,4.4,1.66,0
Kyle Walker,Burnley,DEF,187,17,4.4,2.94,2
Kyle Walker,Burnley,DEF,187,18,4.4,2.92,6
Kyle Walker,Burnley,DEF,187,19,4.4,2.94,0
Kyle Walker,Burnley,DEF,187,20,4.4,3.31,0
Kyle Walker,Burnley,DEF,187,21,4.4,3.22,1
Kyle Walker,Burnley,DEF,187,22,4.4,3.35,2
Kyle Walker,Burnley,DEF,187,23,4.4,3.36,4
Kyle Walker,Burnley,DEF,187,24,4.4,3.29,0
Kyle Walker,Burnley,DEF,187,25,4.4,3.23,1
Kyle Walker,Burnley,DEF,187,26,4.4,3.28,1
Kyle Walker,Burnley,DEF,187,27,4.4,1.73,1
Kyle Walker,Burnley,DEF,187,28,4.4,1.5,0
Hannes Delcroix,Burnley,DEF,188,15,3.8,0.0,0
Hannes Delcroix,Burnley,DEF,188,16,3.8,0.0,0
Hannes Delcroix,Burnley,DEF,188,17,3.8,0.0,0
Hannes Delcroix,Burnley,DEF,188,18,3.8,0.0,0
Hannes Delcroix,Burnley,DEF,188,19,3.8,0.0,0
Hannes Delcroix,Burnley,DEF,188,20,3.8,0.0,0
Hannes Delcroix,Burnley,DEF,188,21,3.8,0.0,0
Hannes Delcroix,Burnley,DEF,188,22,3.8,0.0,0
Hannes Delcroix,Burnley,DEF,188,23,3.8,0.0,0
Hannes Delcroix,Burnley,DEF,188,24,3.8,0.0,0
Hannes Delcroix,Burnley,DEF,188,25,3.8,0.0,0
Hannes Delcroix,Burnley,DEF,188,26,3.8,0.0,0
Hannes Delcroix,Burnley,DEF,188,27,3.8,0.0,0
Hannes Delcroix,Burnley,DEF,188,28,3.8,0.0,0
Owen Dodgson,Burnley,DEF,189,15,4.0,0.02,0
Owen Dodgson,Burnley,DEF,189,16,4.0,0.0,0
Owen Dodgson,Burnley,DEF,189,17,4.0,0.0,0
Owen Dodgson,Burnley,DEF,189,18,4.0,0.0,0
Owen Dodgson,Burnley,DEF,189,19,4.0,0.0,0
Owen Dodgson,Burnley,DEF,189,20,4.0,0.0,0
Owen Dodgson,Burnley,DEF,189,21,4.0,0.0,0
Owen Dodgson,Burnley,DEF,189,22,4.0,0.0,0
Owen Dodgson,Burnley,DEF,189,23,4.0,0.0,0
Owen Dodgson,Burnley,DEF,189,24,4.0,0.0,0
Owen Dodgson,Burnley,DEF,189,25,4.0,0.0,0
Owen Dodgson,Burnley,DEF,189,26,4.0,0.0,0
Owen Dodgson,Burnley,DEF,189,27,4.0,0.0,0
Owen Dodgson,Burnley,DEF,189,28,4.0,0.0,0
Hjalmar Ekdal,Burnley,DEF,190,15,4.0,2.17,1
Hjalmar Ekdal,Burnley,DEF,190,16,3.9,2.37,1
Hjalmar Ekdal,Burnley,DEF,190,17,3.9,3.08,4
Hjalmar Ekdal,Burnley,DEF,190,18,3.9,3.19,9
Hjalmar Ekdal,Burnley,DEF,190,19,3.9,3.82,3
Hjalmar Ekdal,Burnley,DEF,190,20,3.9,3.8,1
Hjalmar Ekdal,Burnley,DEF,190,21,3.9,2.13,0
Hjalmar Ekdal,Burnley,DEF,190,22,3.9,1.44,1
Hjalmar Ekdal,Burnley,DEF,190,23,3.9,1.03,0
Hjalmar Ekdal,Burnley,DEF,190,24,3.9,0.63,0
Hjalmar Ekdal,Burnley,DEF,190,25,3.9,0.51,0
Hjalmar Ekdal,Burnley,DEF,190,26,3.9,0.51,0
Hjalmar Ekdal,Burnley,DEF,190,27,3.9,0.49,0
Hjalmar Ekdal,Burnley,DEF,190,28,3.9,0.36,0
Maxime Estève,Burnley,DEF,191,15,3.9,3.68,3
Maxime Estève,Burnley,DEF,191,16,3.9,3.37,1
Maxime Estève,Burnley,DEF,191,17,3.9,1.88,0
Maxime Estève,Burnley,DEF,191,18,3.9,1.26,0
Maxime Estève,Burnley,DEF,191,19,3.9,0.83,0
Maxime Estève,Burnley,DEF,191,20,3.9,0.62,0
Maxime Estève,Burnley,DEF,191,21,3.9,2.15,3
Maxime Estève,Burnley,DEF,191,22,3.9,2.62,2
Maxime Estève,Burnley,DEF,191,23,3.9,2.89,3
Maxime Estève,Burnley,DEF,191,24,3.9,3.48,3
Maxime Estève,Burnley,DEF,191,25,3.9,3.18,1
Maxime Estève,Burnley,DEF,191,26,3.9,3.55,3
Maxime Estève,Burnley,DEF,191,27,3.9,3.56,2
Maxime Estève,Burnley,DEF,191,28,3.9,3.12,0
Quilindschy Hartman,Burnley,DEF,192,15,4.0,1.75,0
Quilindschy Hartman,Burnley,DEF,192,16,4.0,3.05,4
Quilindschy Hartman,Burnley,DEF,192,17,4.0,1.62,0
Quilindschy Hartman,Burnley,DEF,192,18,4.0,1.14,0
Quilindschy Hartman,Burnley,DEF,192,19,4.0,1.09,0
Quilindschy Hartman,Burnley,DEF,192,20,4.0,0.68,0
Quilindschy Hartman,Burnley,DEF,192,21,4.0,0.61,0
Quilindschy Hartman,Burnley,DEF,192,22,4.0,0.58,0
Quilindschy Hartman,Burnley,DEF,192,23,4.0,0.49,0
Quilindschy Hartman,Burnley,DEF,192,24,4.0,0.53,0
Quilindschy Hartman,Burnley,DEF,192,25,4.0,0.45,0
Quilindschy Hartman,Burnley,DEF,192,26,4.0,0.55,0
Quilindschy Hartman,Burnley,DEF,192,27,4.0,0.53,0
Quilindschy Hartman,Burnley,DEF,192,28,4.0,0.42,0
Bashir Humphreys,Burnley,DEF,193,15,3.9,0.0,0
Bashir Humphreys,Burnley,DEF,193,16,3.9,0.0,0
Bashir Humphreys,Burnley,DEF,193,17,3.9,0.0,0
Bashir Humphreys,Burnley,DEF,193,18,3.9,1.59,8
Bashir Humphreys,Burnley,DEF,193,19,3.9,2.36,2
Bashir Humphreys,Burnley,DEF,193,20,3.9,2.83,2
Bashir Humphreys,Burnley,DEF,193,21,3.9,3.35,6
Bashir Humphreys,Burnley,DEF,193,22,3.9,3.54,4
Bashir Humphreys,Burnley,DEF,193,23,3.9,3.59,1
Bashir Humphreys,Burnley,DEF,193,24,3.9,3.57,3
Bashir Humphreys,Burnley,DEF,193,25,3.9,2.99,0
Bashir Humphreys,Burnley,DEF,193,26,3.9,3.11,4
Bashir Humphreys,Burnley,DEF,193,27,3.9,3.32,2
Bashir Humphreys,Burnley,DEF,193,28,3.9,2.85,1
Jordan Beyer,Burnley,DEF,194,15,4.0,0.02,0
Jordan Beyer,Burnley,DEF,194,16,4.0,0.0,0
Jordan Beyer,Burnley,DEF,194,17,4.0,0.0,0
Jordan Beyer,Burnley,DEF,194,18,3.9,0.0,0
Jordan Beyer,Burnley,DEF,194,19,3.9,0.0,0
Jordan Beyer,Burnley,DEF,194,20,3.9,0.0,0
Jordan Beyer,Burnley,DEF,194,21,3.9,0.0,0
Jordan Beyer,Burnley,DEF,194,22,3.9,0.0,0
Jordan Beyer,Burnley,DEF,194,23,3.9,0.0,0
Jordan Beyer,Burnley,DEF,194,24,3.9,0.0,0
Jordan Beyer,Burnley,DEF,194,25,3.9,0.0,0
Jordan Beyer,Burnley,DEF,194,26,3.9,0.0,0
Jordan Beyer,Burnley,DEF,194,27,3.9,0.0,0
Jordan Beyer,Burnley,DEF,194,28,3.9,0.0,0
Lucas Pires Silva,Burnley,DEF,195,15,3.8,0.0,-3
Lucas Pires Silva,Burnley,DEF,195,16,3.8,0.0,0
Lucas Pires Silva,Burnley,DEF,195,17,3.8,1.36,2
Lucas Pires Silva,Burnley,DEF,195,18,3.8,1.7,6
Lucas Pires Silva,Burnley,DEF,195,19,3.8,2.25,1
Lucas Pires Silva,Burnley,DEF,195,20,3.8,2.66,1
Lucas Pires Silva,Burnley,DEF,195,21,3.8,2.57,1
Lucas Pires Silva,Burnley,DEF,195,22,3.8,2.75,4
Lucas Pires Silva,Burnley,DEF,195,23,3.8,2.57,1
Lucas Pires Silva,Burnley,DEF,195,24,3.8,2.55,1
Lucas Pires Silva,Burnley,DEF,195,25,3.8,2.47,1
Lucas Pires Silva,Burnley,DEF,195,26,3.8,1.08,0
Lucas Pires Silva,Burnley,DEF,195,27,3.8,0.74,1
Lucas Pires Silva,Burnley,DEF,195,28,3.8,1.81,0
Shurandy Sambo,Burnley,DEF,196,15,4.0,0.02,0
Shurandy Sambo,Burnley,DEF,196,16,4.0,0.0,0
Shurandy Sambo,Burnley,DEF,196,17,4.0,0.0,0
Shurandy Sambo,Burnley,DEF,196,18,4.0,0.0,0
Shurandy Sambo,Burnley,DEF,196,19,4.0,0.0,0
Shurandy Sambo,Burnley,DEF,196,20,4.0,0.0,0
Shurandy Sambo,Burnley,DEF,196,21,4.0,0.0,0
Shurandy Sambo,Burnley,DEF,196,22,4.0,0.0,0
Shurandy Sambo,Burnley,DEF,196,23,4.0,0.0,0
Shurandy Sambo,Burnley,DEF,196,24,4.0,0.0,0
Shurandy Sambo,Burnley,DEF,196,25,4.0,0.0,0
Shurandy Sambo,Burnley,DEF,196,26,4.0,0.0,0
Shurandy Sambo,Burnley,DEF,196,27,4.0,0.0,0
Shurandy Sambo,Burnley,DEF,196,28,4.0,0.0,0
Oliver Sonne,Burnley,DEF,197,15,3.9,0.02,0
Oliver Sonne,Burnley,DEF,197,16,3.8,0.29,7
Oliver Sonne,Burnley,DEF,197,17,3.8,0.49,1
Oliver Sonne,Burnley,DEF,197,18,3.8,0.42,0
Oliver Sonne,Burnley,DEF,197,19,3.8,0.39,0
Oliver Sonne,Burnley,DEF,197,20,3.8,0.29,1
Oliver Sonne,Burnley,DEF,197,21,3.8,0.3,1
Oliver Sonne,Burnley,DEF,197,22,3.8,0.31,0
Oliver Sonne,Burnley,DEF,197,23,3.8,0.2,0
Oliver Sonne,Burnley,DEF,197,24,3.8,0.08,0
Oliver Sonne,Burnley,DEF,197,25,3.8,0.0,0
Oliver Sonne,Burnley,DEF,197,26,3.8,0.04,0
Oliver Sonne,Burnley,DEF,197,27,3.8,0.0,0
Oliver Sonne,Burnley,DEF,197,28,3.8,0.0,0
Axel Tuanzebe,Burnley,DEF,198,15,3.9,0.9,0
Axel Tuanzebe,Burnley,DEF,198,16,3.9,1.86,1
Axel Tuanzebe,Burnley,DEF,198,17,3.9,0.46,0
Axel Tuanzebe,Burnley,DEF,198,18,3.9,0.36,0
Axel Tuanzebe,Burnley,DEF,198,19,3.9,0.36,0
Axel Tuanzebe,Burnley,DEF,198,20,3.9,0.21,0
Axel Tuanzebe,Burnley,DEF,198,21,3.9,0.13,0
Axel Tuanzebe,Burnley,DEF,198,22,3.9,1.83,4
Axel Tuanzebe,Burnley,DEF,198,23,3.9,2.33,7
Axel Tuanzebe,Burnley,DEF,198,24,3.9,1.28,-2
Axel Tuanzebe,Burnley,DEF,198,25,3.9,1.11,0
Axel Tuanzebe,Burnley,DEF,198,26,3.9,0.71,0
Axel Tuanzebe,Burnley,DEF,198,27,3.9,0.33,0
Axel Tuanzebe,Burnley,DEF,198,28,3.9,0.23,0
Joe Worrall,Burnley,DEF,199,15,3.9,0.05,1
Joe Worrall,Burnley,DEF,199,16,3.9,0.14,0
Joe Worrall,Burnley,DEF,199,17,3.9,1.83,2
Joe Worrall,Burnley,DEF,199,18,3.8,0.48,0
Joe Worrall,Burnley,DEF,199,19,3.8,0.28,0
Joe Worrall,Burnley,DEF,199,20,3.8,0.36,0
Joe Worrall,Burnley,DEF,199,21,3.8,0.0,0
Joe Worrall,Burnley,DEF,199,22,3.8,0.01,0
Joe Worrall,Burnley,DEF,199,23,3.8,0.0,0
Joe Worrall,Burnley,DEF,199,24,3.8,0.0,0
Joe Worrall,Burnley,DEF,199,25,3.8,0.0,0
Joe Worrall,Burnley,DEF,199,26,3.8,1.6,3
Joe Worrall,Burnley,DEF,199,27,3.8,2.06,4
Joe Worrall,Burnley,DEF,199,28,3.8,2.55,2
Jaidon Anthony,Burnley,MID,200,15,5.4,1.84,1
Jaidon Anthony,Burnley,MID,200,16,5.3,1.48,1
Jaidon Anthony,Burnley,MID,200,17,5.2,2.92,2
Jaidon Anthony,Burnley,MID,200,18,5.2,1.34,1
Jaidon Anthony,Burnley,MID,200,19,5.2,1.32,0
Jaidon Anthony,Burnley,MID,200,20,5.1,2.86,2
Jaidon Anthony,Burnley,MID,200,21,5.1,1.56,6
Jaidon Anthony,Burnley,MID,200,22,5.1,3.13,2
Jaidon Anthony,Burnley,MID,200,23,5.1,3.46,2
Jaidon Anthony,Burnley,MID,200,24,5.0,3.24,1
Jaidon Anthony,Burnley,MID,200,25,5.0,3.6,2
Jaidon Anthony,Burnley,MID,200,26,5.0,3.73,8
Jaidon Anthony,Burnley,MID,200,27,5.0,3.85,2
Jaidon Anthony,Burnley,MID,200,28,5.0,3.87,10
Manuel Benson Hedilazio,Burnley,MID,201,15,5.4,0.3,0
Manuel Benson Hedilazio,Burnley,MID,201,16,5.4,0.22,0
Manuel Benson Hedilazio,Burnley,MID,201,17,5.4,0.27,0
Manuel Benson Hedilazio,Burnley,MID,201,18,5.4,0.19,0
Manuel Benson Hedilazio,Burnley,MID,201,19,5.4,0.19,0
Manuel Benson Hedilazio,Burnley,MID,201,20,5.4,0.27,0
Manuel Benson Hedilazio,Burnley,MID,201,21,5.4,0.19,0
Manuel Benson Hedilazio,Burnley,MID,201,22,5.4,0.24,0
Manuel Benson Hedilazio,Burnley,MID,201,23,5.4,0.15,0
Manuel Benson Hedilazio,Burnley,MID,201,24,5.4,0.19,0
Manuel Benson Hedilazio,Burnley,MID,201,25,5.4,0.11,0
Manuel Benson Hedilazio,Burnley,MID,201,26,5.4,0.21,0
Manuel Benson Hedilazio,Burnley,MID,201,27,5.4,0.19,0
Manuel Benson Hedilazio,Burnley,MID,201,28,5.4,0.08,0
Jacob Bruun Larsen,Burnley,MID,202,15,5.3,2.54,2
Jacob Bruun Larsen,Burnley,MID,202,16,5.3,2.74,2
Jacob Bruun Larsen,Burnley,MID,202,17,5.3,3.05,3
Jacob Bruun Larsen,Burnley,MID,202,18,5.3,3.22,3
Jacob Bruun Larsen,Burnley,MID,202,19,5.3,1.68,1
Jacob Bruun Larsen,Burnley,MID,202,20,5.3,1.51,1
Jacob Bruun Larsen,Burnley,MID,202,21,5.3,1.26,0
Jacob Bruun Larsen,Burnley,MID,202,22,5.3,0.93,0
Jacob Bruun Larsen,Burnley,MID,202,23,5.3,0.69,0
Jacob Bruun Larsen,Burnley,MID,202,24,5.3,0.51,1
Jacob Bruun Larsen,Burnley,MID,202,25,5.3,0.51,1
Jacob Bruun Larsen,Burnley,MID,202,26,5.3,0.74,1
Jacob Bruun Larsen,Burnley,MID,202,27,5.3,0.88,1
Jacob Bruun Larsen,Burnley,MID,202,28,5.3,0.8,1
Enock Agyei,Burnley,MID,203,15,4.8,0.03,0
Enock Agyei,Burnley,MID,203,16,4.7,0.0,0
Enock Agyei,Burnley,MID,203,17,4.7,0.0,0
Enock Agyei,Burnley,MID,203,18,4.7,0.0,0
Enock Agyei,Burnley,MID,203,19,4.7,0.0,0
Enock Agyei,Burnley,MID,203,20,4.7,0.0,0
Enock Agyei,Burnley,MID,203,21,4.7,0.0,0
Enock Agyei,Burnley,MID,203,22,4.7,0.0,0
Enock Agyei,Burnley,MID,203,23,4.7,0.0,0
Enock Agyei,Burnley,MID,203,24,4.7,0.0,0
Enock Agyei,Burnley,MID,203,25,4.7,0.0,0
Enock Agyei,Burnley,MID,203,26,4.7,0.0,0
Enock Agyei,Burnley,MID,203,27,4.7,0.0,0
Enock Agyei,Burnley,MID,203,28,4.7,0.0,0
Darko Churlinov,Burnley,MID,204,15,4.9,0.07,0
Darko Churlinov,Burnley,MID,204,16,4.9,0.0,0
Darko Churlinov,Burnley,MID,204,17,4.9,0.04,0
Darko Churlinov,Burnley,MID,204,18,4.9,0.0,0
Darko Churlinov,Burnley,MID,204,19,4.9,0.0,0
Darko Churlinov,Burnley,MID,204,20,4.9,0.04,0
Darko Churlinov,Burnley,MID,204,21,4.9,0.0,0
Darko Churlinov,Burnley,MID,204,22,4.9,0.01,0
Darko Churlinov,Burnley,MID,204,23,4.9,0.0,0
Darko Churlinov,Burnley,MID,204,24,4.9,0.0,0
Darko Churlinov,Burnley,MID,204,25,4.9,0.0,0
Darko Churlinov,Burnley,MID,204,26,4.9,0.0,0
Darko Churlinov,Burnley,MID,204,27,4.9,0.0,0
Darko Churlinov,Burnley,MID,204,28,4.9,0.0,0
Josh Cullen,Burnley,MID,205,15,5.0,3.82,2
Josh Cullen,Burnley,MID,205,16,5.0,3.83,4
Josh Cullen,Burnley,MID,205,17,5.0,4.09,2
Josh Cullen,Burnley,MID,205,18,5.0,2.29,1
Josh Cullen,Burnley,MID,205,19,5.0,2.08,0
Josh Cullen,Burnley,MID,205,20,5.0,1.49,0
Josh Cullen,Burnley,MID,205,21,5.0,1.04,0
Josh Cullen,Burnley,MID,205,22,5.0,0.85,0
Josh Cullen,Burnley,MID,205,23,5.0,0.73,0
Josh Cullen,Burnley,MID,205,24,4.9,0.72,0
Josh Cullen,Burnley,MID,205,25,4.9,0.65,0
Josh Cullen,Burnley,MID,205,26,4.9,0.74,0
Josh Cullen,Burnley,MID,205,27,4.9,0.73,0
Josh Cullen,Burnley,MID,205,28,4.9,0.62,0
Marcus Edwards,Burnley,MID,206,15,4.7,0.21,1
Marcus Edwards,Burnley,MID,206,16,4.7,0.22,1
Marcus Edwards,Burnley,MID,206,17,4.7,0.79,4
Marcus Edwards,Burnley,MID,206,18,4.7,2.29,3
Marcus Edwards,Burnley,MID,206,19,4.7,2.69,2
Marcus Edwards,Burnley,MID,206,20,4.7,1.43,1
Marcus Edwards,Burnley,MID,206,21,4.7,2.82,5
Marcus Edwards,Burnley,MID,206,22,4.7,3.19,9
Marcus Edwards,Burnley,MID,206,23,4.7,3.49,2
Marcus Edwards,Burnley,MID,206,24,4.7,3.69,2
Marcus Edwards,Burnley,MID,206,25,4.7,3.31,2
Marcus Edwards,Burnley,MID,206,26,4.7,3.26,5
Marcus Edwards,Burnley,MID,206,27,4.7,3.41,2
Marcus Edwards,Burnley,MID,206,28,4.7,1.63,0
Hannibal Mejbri,Burnley,MID,207,15,4.8,0.87,0
Hannibal Mejbri,Burnley,MID,207,16,4.8,0.63,0
Hannibal Mejbri,Burnley,MID,207,17,4.8,0.39,0
Hannibal Mejbri,Burnley,MID,207,18,4.8,0.18,0
Hannibal Mejbri,Burnley,MID,207,19,4.7,0.13,0
Hannibal Mejbri,Burnley,MID,207,20,4.7,0.2,0
Hannibal Mejbri,Burnley,MID,207,21,4.7,0.13,0
Hannibal Mejbri,Burnley,MID,207,22,4.7,0.44,1
Hannibal Mejbri,Burnley,MID,207,23,4.7,0.42,1
Hannibal Mejbri,Burnley,MID,207,24,4.7,0.55,0
Hannibal Mejbri,Burnley,MID,207,25,4.7,1.87,2
Hannibal Mejbri,Burnley,MID,207,26,4.7,2.4,10
Hannibal Mejbri,Burnley,MID,207,27,4.7,2.83,1
Hannibal Mejbri,Burnley,MID,207,28,4.7,3.51,10
Luca Koleosho,Burnley,MID,208,15,5.0,0.12,0
Luca Koleosho,Burnley,MID,208,16,5.0,0.03,0
Luca Koleosho,Burnley,MID,208,17,5.0,0.09,0
Luca Koleosho,Burnley,MID,208,18,5.0,0.01,0
Luca Koleosho,Burnley,MID,208,19,5.0,0.01,0
Luca Koleosho,Burnley,MID,208,20,5.0,0.09,0
Luca Koleosho,Burnley,MID,208,21,5.0,0.01,0
Luca Koleosho,Burnley,MID,208,22,5.0,0.06,0
Luca Koleosho,Burnley,MID,208,23,5.0,0.0,0
Luca Koleosho,Burnley,MID,208,24,5.0,0.01,0
Luca Koleosho,Burnley,MID,208,25,5.0,0.0,0
Luca Koleosho,Burnley,MID,208,26,5.0,0.03,0
Luca Koleosho,Burnley,MID,208,27,5.0,0.01,0
Luca Koleosho,Burnley,MID,208,28,5.0,0.0,0
Josh Laurent,Burnley,MID,209,15,4.8,0.44,0
Josh Laurent,Burnley,MID,209,16,4.8,0.41,0
Josh Laurent,Burnley,MID,209,17,4.8,2.04,4
Josh Laurent,Burnley,MID,209,18,4.8,2.48,5
Josh Laurent,Burnley,MID,209,19,4.8,3.07,10
Josh Laurent,Burnley,MID,209,20,4.8,3.8,1
Josh Laurent,Burnley,MID,209,21,4.8,3.79,4
Josh Laurent,Burnley,MID,209,22,4.8,2.22,1
Josh Laurent,Burnley,MID,209,23,4.8,1.58,0
Josh Laurent,Burnley,MID,209,24,4.8,1.29,1
Josh Laurent,Burnley,MID,209,25,4.8,0.82,0
Josh Laurent,Burnley,MID,209,26,4.8,2.66,2
Josh Laurent,Burnley,MID,209,27,4.8,2.55,1
Josh Laurent,Burnley,MID,209,28,4.8,1.28,1
Loum Tchaouna,Burnley,MID,210,15,4.9,1.36,0
Loum Tchaouna,Burnley,MID,210,16,4.9,0.93,0
Loum Tchaouna,Burnley,MID,210,17,4.9,0.62,1
Loum Tchaouna,Burnley,MID,210,18,4.9,0.48,0
Loum Tchaouna,Burnley,MID,210,19,4.9,2.05,2
Loum Tchaouna,Burnley,MID,210,20,4.9,0.85,1
Loum Tchaouna,Burnley,MID,210,21,4.9,0.79,0
Loum Tchaouna,Burnley,MID,210,22,4.9,0.85,1
Loum Tchaouna,Burnley,MID,210,23,4.9,0.53,0
Loum Tchaouna,Burnley,MID,210,24,4.9,0.44,1
Loum Tchaouna,Burnley,MID,210,25,4.9,0.48,1
Loum Tchaouna,Burnley,MID,210,26,4.9,0.63,0
Loum Tchaouna,Burnley,MID,210,27,4.9,0.63,1
Loum Tchaouna,Burnley,MID,210,28,4.9,0.5,1
Aaron Ramsey,Burnley,MID,211,15,4.4,0.0,0
Aaron Ramsey,Burnley,MID,211,16,4.4,0.0,0
Aaron Ramsey,Burnley,MID,211,17,4.4,0.0,0
Aaron Ramsey,Burnley,MID,211,18,4.4,0.0,0
Aaron Ramsey,Burnley,MID,211,19,4.4,0.0,0
Aaron Ramsey,Burnley,MID,211,20,4.4,0.0,0
Aaron Ramsey,Burnley,MID,211,21,4.4,0.0,0
Aaron Ramsey,Burnley,MID,211,22,4.4,0.0,0
Aaron Ramsey,Burnley,MID,211,23,4.4,0.0,0
Aaron Ramsey,Burnley,MID,211,24,4.4,0.0,0
Aaron Ramsey,Burnley,MID,211,25,4.4,0.0,0
Aaron Ramsey,Burnley,MID,211,26,4.4,0.0,0
Aaron Ramsey,Burnley,MID,211,27,4.4,0.0,0
Aaron Ramsey,Burnley,MID,211,28,4.4,0.0,0
Oluwaseun Adewumi,Burnley,MID,212,15,4.5,0.0,0
Oluwaseun Adewumi,Burnley,MID,212,16,4.5,0.0,0
Oluwaseun Adewumi,Burnley,MID,212,17,4.5,0.0,0
Oluwaseun Adewumi,Burnley,MID,212,18,4.5,0.0,0
Oluwaseun Adewumi,Burnley,MID,212,19,4.5,0.0,0
Oluwaseun Adewumi,Burnley,MID,212,20,4.5,0.0,0
Oluwaseun Adewumi,Burnley,MID,212,21,4.5,0.0,0
Oluwaseun Adewumi,Burnley,MID,212,22,4.5,0.0,0
Oluwaseun Adewumi,Burnley,MID,212,23,4.5,0.0,0
Oluwaseun Adewumi,Burnley,MID,212,24,4.5,0.0,0
Oluwaseun Adewumi,Burnley,MID,212,25,4.5,0.0,0
Oluwaseun Adewumi,Burnley,MID,212,26,4.5,0.0,0
Oluwaseun Adewumi,Burnley,MID,212,27,4.5,0.0,0
Oluwaseun Adewumi,Burnley,MID,212,28,4.5,0.0,0
Jaydon Banel,Burnley,MID,213,15,4.5,0.0,0
Jaydon Banel,Burnley,MID,213,16,4.5,0.0,0
Jaydon Banel,Burnley,MID,213,17,4.5,0.0,0
Jaydon Banel,Burnley,MID,213,18,4.5,0.0,0
Jaydon Banel,Burnley,MID,213,19,4.5,0.0,0
Jaydon Banel,Burnley,MID,213,20,4.5,0.0,1
Jaydon Banel,Burnley,MID,213,21,4.5,0.0,0
Jaydon Banel,Burnley,MID,213,22,4.5,0.0,0
Jaydon Banel,Burnley,MID,213,23,4.5,0.0,0
Jaydon Banel,Burnley,MID,213,24,4.5,0.0,0
Jaydon Banel,Burnley,MID,213,25,4.5,0.0,0
Jaydon Banel,Burnley,MID,213,26,4.5,0.0,0
Jaydon Banel,Burnley,MID,213,27,4.5,0.0,0
Jaydon Banel,Burnley,MID,213,28,4.5,0.0,0
Mike Trésor Ndayishimiye,Burnley,MID,214,15,4.4,0.0,0
Mike Trésor Ndayishimiye,Burnley,MID,214,16,4.4,0.0,1
Mike Trésor Ndayishimiye,Burnley,MID,214,17,4.4,0.0,1
Mike Trésor Ndayishimiye,Burnley,MID,214,18,4.4,0.01,1
Mike Trésor Ndayishimiye,Burnley,MID,214,19,4.4,0.09,1
Mike Trésor Ndayishimiye,Burnley,MID,214,20,4.4,0.17,0
Mike Trésor Ndayishimiye,Burnley,MID,214,21,4.4,0.0,0
Mike Trésor Ndayishimiye,Burnley,MID,214,22,4.4,0.0,0
Mike Trésor Ndayishimiye,Burnley,MID,214,23,4.4,0.0,0
Mike Trésor Ndayishimiye,Burnley,MID,214,24,4.4,0.0,0
Mike Trésor Ndayishimiye,Burnley,MID,214,25,4.4,0.0,0
Mike Trésor Ndayishimiye,Burnley,MID,214,26,4.4,0.0,0
Mike Trésor Ndayishimiye,Burnley,MID,214,27,4.4,0.0,0
Mike Trésor Ndayishimiye,Burnley,MID,214,28,4.4,0.0,0
Zian Flemming,Burnley,FWD,215,15,5.3,2.3,5
Zian Flemming,Burnley,FWD,215,16,5.3,1.97,1
Zian Flemming,Burnley,FWD,215,17,5.3,2.92,1
Zian Flemming,Burnley,FWD,215,18,5.3,1.58,1
Zian Flemming,Burnley,FWD,215,19,5.3,1.48,0
Zian Flemming,Burnley,FWD,215,20,5.3,1.38,0
Zian Flemming,Burnley,FWD,215,21,5.3,0.9,0
Zian Flemming,Burnley,FWD,215,22,5.3,0.89,0
Zian Flemming,Burnley,FWD,215,23,5.3,0.78,0
Zian Flemming,Burnley,FWD,215,24,5.3,0.82,1
Zian Flemming,Burnley,FWD,215,25,5.3,2.51,2
Zian Flemming,Burnley,FWD,215,26,5.3,2.94,2
Zian Flemming,Burnley,FWD,215,27,5.3,3.39,9
Zian Flemming,Burnley,FWD,215,28,5.3,3.93,6
Zeki Amdouni,Burnley,FWD,216,15,4.8,0.27,0
Zeki Amdouni,Burnley,FWD,216,16,4.8,0.19,0
Zeki Amdouni,Burnley,FWD,216,17,4.8,0.25,0
Zeki Amdouni,Burnley,FWD,216,18,4.8,0.17,0
Zeki Amdouni,Burnley,FWD,216,19,4.8,0.16,0
Zeki Amdouni,Burnley,FWD,216,20,4.8,0.24,0
Zeki Amdouni,Burnley,FWD,216,21,4.8,0.16,0
Zeki Amdouni,Burnley,FWD,216,22,4.8,0.21,0
Zeki Amdouni,Burnley,FWD,216,23,4.8,0.13,0
Zeki Amdouni,Burnley,FWD,216,24,4.8,0.16,0
Zeki Amdouni,Burnley,FWD,216,25,4.8,0.08,0
Zeki Amdouni,Burnley,FWD,216,26,4.8,0.18,0
Zeki Amdouni,Burnley,FWD,216,27,4.8,0.17,0
Zeki Amdouni,Burnley,FWD,216,28,4.8,0.06,0
Lyle Foster,Burnley,FWD,217,15,5.0,1.57,1
Lyle Foster,Burnley,FWD,217,16,5.0,3.22,2
Lyle Foster,Burnley,FWD,217,17,5.0,1.63,0
Lyle Foster,Burnley,FWD,217,18,4.9,1.11,0
Lyle Foster,Burnley,FWD,217,19,4.9,0.91,0
Lyle Foster,Burnley,FWD,217,20,4.9,0.72,0
Lyle Foster,Burnley,FWD,217,21,4.9,0.63,0
Lyle Foster,Burnley,FWD,217,22,4.9,0.78,1
Lyle Foster,Burnley,FWD,217,23,4.9,1.14,5
Lyle Foster,Burnley,FWD,217,24,4.9,2.73,2
Lyle Foster,Burnley,FWD,217,25,4.9,1.26,1
Lyle Foster,Burnley,FWD,217,26,4.9,1.4,1
Lyle Foster,Burnley,FWD,217,27,4.9,1.36,0
Lyle Foster,Burnley,FWD,217,28,4.9,0.95,0
Ashley Barnes,Burnley,FWD,218,15,4.3,0.06,0
Ashley Barnes,Burnley,FWD,218,16,4.3,0.0,0
Ashley Barnes,Burnley,FWD,218,17,4.3,0.04,0
Ashley Barnes,Burnley,FWD,218,18,4.3,0.0,0
Ashley Barnes,Burnley,FWD,218,19,4.3,0.0,1
Ashley Barnes,Burnley,FWD,218,20,4.2,0.08,0
Ashley Barnes,Burnley,FWD,218,21,4.2,0.01,0
Ashley Barnes,Burnley,FWD,218,22,4.2,0.03,-1
Ashley Barnes,Burnley,FWD,218,23,4.2,0.0,0
Ashley Barnes,Burnley,FWD,218,24,4.2,0.0,0
Ashley Barnes,Burnley,FWD,218,25,4.2,0.0,0
Ashley Barnes,Burnley,FWD,218,26,4.2,0.0,0
Ashley Barnes,Burnley,FWD,218,27,4.2,0.0,1
Ashley Barnes,Burnley,FWD,218,28,4.2,0.0,1
Michael Obafemi,Burnley,FWD,219,15,4.4,0.08,0
Michael Obafemi,Burnley,FWD,219,16,4.4,0.0,0
Michael Obafemi,Burnley,FWD,219,17,4.4,0.06,0
Michael Obafemi,Burnley,FWD,219,18,4.4,0.0,0
Michael Obafemi,Burnley,FWD,219,19,4.4,0.0,0
Michael Obafemi,Burnley,FWD,219,20,4.4,0.05,0
Michael Obafemi,Burnley,FWD,219,21,4.4,0.0,0
Michael Obafemi,Burnley,FWD,219,22,4.4,0.02,0
Michael Obafemi,Burnley,FWD,219,23,4.4,0.0,0
Michael Obafemi,Burnley,FWD,219,24,4.4,0.0,0
Michael Obafemi,Burnley,FWD,219,25,4.4,0.0,0
Michael Obafemi,Burnley,FWD,219,26,4.4,0.0,0
Michael Obafemi,Burnley,FWD,219,27,4.4,0.0,0
Michael Obafemi,Burnley,FWD,219,28,4.4,0.0,0
Robert Lynch Sánchez,Chelsea,GK,220,15,4.8,4.02,10
Robert Lynch Sánchez,Chelsea,GK,220,16,4.9,4.35,6
Robert Lynch Sánchez,Chelsea,GK,220,17,4.9,4.62,4
Robert Lynch Sánchez,Chelsea,GK,220,18,4.9,4.88,3
Robert Lynch Sánchez,Chelsea,GK,220,19,4.9,4.47,2
Robert Lynch Sánchez,Chelsea,GK,220,20,4.9,2.71,0
Robert Lynch Sánchez,Chelsea,GK,220,21,4.9,3.54,2
Robert Lynch Sánchez,Chelsea,GK,220,22,4.9,3.46,11
Robert Lynch Sánchez,Chelsea,GK,220,23,4.9,4.11,3
Robert Lynch Sánchez,Chelsea,GK,220,24,4.9,4.53,2
Robert Lynch Sánchez,Chelsea,GK,220,25,4.9,4.57,2
Robert Lynch Sánchez,Chelsea,GK,220,26,4.9,3.81,1
Robert Lynch Sánchez,Chelsea,GK,220,27,4.9,3.97,2
Robert Lynch Sánchez,Chelsea,GK,220,28,4.9,4.0,2
Filip Jörgensen,Chelsea,GK,221,15,4.3,0.0,0
Filip Jörgensen,Chelsea,GK,221,16,4.3,0.0,0
Filip Jörgensen,Chelsea,GK,221,17,4.3,0.0,0
Filip Jörgensen,Chelsea,GK,221,18,4.3,0.0,0
Filip Jörgensen,Chelsea,GK,221,19,4.3,0.0,0
Filip Jörgensen,Chelsea,GK,221,20,4.3,1.54,2
Filip Jörgensen,Chelsea,GK,221,21,4.3,0.32,0
Filip Jörgensen,Chelsea,GK,221,22,4.3,0.2,0
Filip Jörgensen,Chelsea,GK,221,23,4.3,0.27,0
Filip Jörgensen,Chelsea,GK,221,24,4.3,0.0,0
Filip Jörgensen,Chelsea,GK,221,25,4.3,0.0,0
Filip Jörgensen,Chelsea,GK,221,26,4.3,0.0,0
Filip Jörgensen,Chelsea,GK,221,27,4.3,0.0,0
Filip Jörgensen,Chelsea,GK,221,28,4.3,0.0,0
Mike Penders,Chelsea,GK,222,15,4.0,0.0,0
Mike Penders,Chelsea,GK,222,16,4.0,0.0,0
Mike Penders,Chelsea,GK,222,17,4.0,0.0,0
Mike Penders,Chelsea,GK,222,18,4.0,0.0,0
Mike Penders,Chelsea,GK,222,19,4.0,0.0,0
Mike Penders,Chelsea,GK,222,20,4.0,0.0,0
Mike Penders,Chelsea,GK,222,21,4.0,0.0,0
Mike Penders,Chelsea,GK,222,22,4.0,0.0,0
Mike Penders,Chelsea,GK,222,23,4.0,0.0,0
Mike Penders,Chelsea,GK,222,24,4.0,0.0,0
Mike Penders,Chelsea,GK,222,25,4.0,0.0,0
Mike Penders,Chelsea,GK,222,26,4.0,0.0,0
Mike Penders,Chelsea,GK,222,27,4.0,0.0,0
Mike Penders,Chelsea,GK,222,28,4.0,0.0,0
Gabriel Słonina,Chelsea,GK,223,15,3.9,0.0,0
Gabriel Słonina,Chelsea,GK,223,16,3.9,0.0,0
Gabriel Słonina,Chelsea,GK,223,17,3.9,0.0,0
Gabriel Słonina,Chelsea,GK,223,18,3.9,0.0,0
Gabriel Słonina,Chelsea,GK,223,19,3.9,0.0,0
Gabriel Słonina,Chelsea,GK,223,20,3.9,0.0,0
Gabriel Słonina,Chelsea,GK,223,21,3.9,0.0,0
Gabriel Słonina,Chelsea,GK,223,22,3.9,0.0,0
Gabriel Słonina,Chelsea,GK,223,23,3.9,0.0,0
Gabriel Słonina,Chelsea,GK,223,24,3.9,0.0,0
Gabriel Słonina,Chelsea,GK,223,25,3.9,0.0,0
Gabriel Słonina,Chelsea,GK,223,26,3.9,0.0,0
Gabriel Słonina,Chelsea,GK,223,27,3.9,0.0,0
Gabriel Słonina,Chelsea,GK,223,28,3.9,0.0,0
Marc Cucurella Saseta,Chelsea,DEF,224,15,6.2,4.74,6
Marc Cucurella Saseta,Chelsea,DEF,224,16,6.2,4.74,6
Marc Cucurella Saseta,Chelsea,DEF,224,17,6.2,4.73,1
Marc Cucurella Saseta,Chelsea,DEF,224,18,6.2,4.82,2
Marc Cucurella Saseta,Chelsea,DEF,224,19,6.2,2.88,0
Marc Cucurella Saseta,Chelsea,DEF,224,20,6.1,2.35,0
Marc Cucurella Saseta,Chelsea,DEF,224,21,6.1,0.0,-3
Marc Cucurella Saseta,Chelsea,DEF,224,22,6.0,2.88,5
Marc Cucurella Saseta,Chelsea,DEF,224,23,6.0,3.62,4
Marc Cucurella Saseta,Chelsea,DEF,224,24,6.0,2.79,7
Marc Cucurella Saseta,Chelsea,DEF,224,25,6.0,4.96,4
Marc Cucurella Saseta,Chelsea,DEF,224,26,6.1,3.33,1
Marc Cucurella Saseta,Chelsea,DEF,224,27,6.1,3.0,0
Marc Cucurella Saseta,Chelsea,DEF,224,28,6.0,2.62,0
Reece James,Chelsea,DEF,225,15,5.6,4.11,6
Reece James,Chelsea,DEF,225,16,5.6,4.6,6
Reece James,Chelsea,DEF,225,17,5.6,4.57,7
Reece James,Chelsea,DEF,225,18,5.6,5.2,6
Reece James,Chelsea,DEF,225,19,5.7,3.74,1
Reece James,Chelsea,DEF,225,20,5.7,4.59,1
Reece James,Chelsea,DEF,225,21,5.7,3.11,1
Reece James,Chelsea,DEF,225,22,5.7,4.08,7
Reece James,Chelsea,DEF,225,23,5.7,4.58,6
Reece James,Chelsea,DEF,225,24,5.7,3.14,1
Reece James,Chelsea,DEF,225,25,5.7,3.1,0
Reece James,Chelsea,DEF,225,26,5.7,2.32,0
Reece James,Chelsea,DEF,225,27,5.6,3.47,6
Reece James,Chelsea,DEF,225,28,5.6,4.03,6
Trevoh Chalobah,Chelsea,DEF,226,15,5.2,4.91,11
Trevoh Chalobah,Chelsea,DEF,226,16,5.4,5.49,9
Trevoh Chalobah,Chelsea,DEF,226,17,5.5,5.71,3
Trevoh Chalobah,Chelsea,DEF,226,18,5.5,5.42,0
Trevoh Chalobah,Chelsea,DEF,226,19,5.6,4.66,1
Trevoh Chalobah,Chelsea,DEF,226,20,5.6,4.62,4
Trevoh Chalobah,Chelsea,DEF,226,21,5.5,4.57,3
Trevoh Chalobah,Chelsea,DEF,226,22,5.5,4.6,8
Trevoh Chalobah,Chelsea,DEF,226,23,5.6,5.28,4
Trevoh Chalobah,Chelsea,DEF,226,24,5.7,5.3,3
Trevoh Chalobah,Chelsea,DEF,226,25,5.7,5.36,4
Trevoh Chalobah,Chelsea,DEF,226,26,5.8,5.14,3
Trevoh Chalobah,Chelsea,DEF,226,27,5.8,5.11,2
Trevoh Chalobah,Chelsea,DEF,226,28,5.7,4.7,1
Levi Samuels Colwill,Chelsea,DEF,227,15,4.8,0.45,0
Levi Samuels Colwill,Chelsea,DEF,227,16,4.8,0.4,0
Levi Samuels Colwill,Chelsea,DEF,227,17,4.8,0.41,0
Levi Samuels Colwill,Chelsea,DEF,227,18,4.8,0.29,0
Levi Samuels Colwill,Chelsea,DEF,227,19,4.8,0.26,0
Levi Samuels Colwill,Chelsea,DEF,227,20,4.8,0.36,0
Levi Samuels Colwill,Chelsea,DEF,227,21,4.8,0.36,0
Levi Samuels Colwill,Chelsea,DEF,227,22,4.7,0.22,0
Levi Samuels Colwill,Chelsea,DEF,227,23,4.7,0.3,0
Levi Samuels Colwill,Chelsea,DEF,227,24,4.7,0.21,0
Levi Samuels Colwill,Chelsea,DEF,227,25,4.7,0.24,0
Levi Samuels Colwill,Chelsea,DEF,227,26,4.7,0.16,0
Levi Samuels Colwill,Chelsea,DEF,227,27,4.7,0.19,0
Levi Samuels Colwill,Chelsea,DEF,227,28,4.7,0.26,0
Malo Gusto,Chelsea,DEF,228,15,4.9,3.69,7
Malo Gusto,Chelsea,DEF,228,16,4.9,4.4,18
Malo Gusto,Chelsea,DEF,228,17,5.0,3.67,-1
Malo Gusto,Chelsea,DEF,228,18,5.0,3.35,1
Malo Gusto,Chelsea,DEF,228,19,5.0,4.04,1
Malo Gusto,Chelsea,DEF,228,20,5.0,3.77,2
Malo Gusto,Chelsea,DEF,228,21,5.0,3.97,2
Malo Gusto,Chelsea,DEF,228,22,5.0,2.18,0
Malo Gusto,Chelsea,DEF,228,23,4.9,1.91,1
Malo Gusto,Chelsea,DEF,228,24,4.9,2.95,1
Malo Gusto,Chelsea,DEF,228,25,4.9,3.25,2
Malo Gusto,Chelsea,DEF,228,26,4.9,3.21,0
Malo Gusto,Chelsea,DEF,228,27,4.9,3.74,6
Malo Gusto,Chelsea,DEF,228,28,4.9,2.54,1
Benoît Badiashile Mukinayi,Chelsea,DEF,229,15,4.4,0.6,0
Benoît Badiashile Mukinayi,Chelsea,DEF,229,16,4.4,0.37,0
Benoît Badiashile Mukinayi,Chelsea,DEF,229,17,4.4,0.37,0
Benoît Badiashile Mukinayi,Chelsea,DEF,229,18,4.4,1.47,1
Benoît Badiashile Mukinayi,Chelsea,DEF,229,19,4.4,0.41,0
Benoît Badiashile Mukinayi,Chelsea,DEF,229,20,4.4,2.12,2
Benoît Badiashile Mukinayi,Chelsea,DEF,229,21,4.4,0.93,0
Benoît Badiashile Mukinayi,Chelsea,DEF,229,22,4.4,0.52,0
Benoît Badiashile Mukinayi,Chelsea,DEF,229,23,4.4,2.24,4
Benoît Badiashile Mukinayi,Chelsea,DEF,229,24,4.4,0.88,0
Benoît Badiashile Mukinayi,Chelsea,DEF,229,25,4.4,0.85,0
Benoît Badiashile Mukinayi,Chelsea,DEF,229,26,4.4,0.71,0
Benoît Badiashile Mukinayi,Chelsea,DEF,229,27,4.4,0.33,0
Benoît Badiashile Mukinayi,Chelsea,DEF,229,28,4.4,0.29,0
Wesley Fofana,Chelsea,DEF,230,15,4.4,2.89,9
Wesley Fofana,Chelsea,DEF,230,16,4.4,3.81,9
Wesley Fofana,Chelsea,DEF,230,17,4.4,4.04,1
Wesley Fofana,Chelsea,DEF,230,18,4.4,2.84,0
Wesley Fofana,Chelsea,DEF,230,19,4.4,3.53,3
Wesley Fofana,Chelsea,DEF,230,20,4.4,1.69,0
Wesley Fofana,Chelsea,DEF,230,21,4.4,1.26,0
Wesley Fofana,Chelsea,DEF,230,22,4.4,1.03,0
Wesley Fofana,Chelsea,DEF,230,23,4.4,0.91,1
Wesley Fofana,Chelsea,DEF,230,24,4.4,1.26,4
Wesley Fofana,Chelsea,DEF,230,25,4.4,3.09,2
Wesley Fofana,Chelsea,DEF,230,26,4.4,1.62,1
Wesley Fofana,Chelsea,DEF,230,27,4.4,0.99,-1
Wesley Fofana,Chelsea,DEF,230,28,4.4,1.32,0
Mamadou Sarr,Chelsea,DEF,231,15,4.5,0.31,0
Mamadou Sarr,Chelsea,DEF,231,16,4.5,0.26,0
Mamadou Sarr,Chelsea,DEF,231,17,4.5,0.27,0
Mamadou Sarr,Chelsea,DEF,231,18,4.5,0.15,0
Mamadou Sarr,Chelsea,DEF,231,19,4.5,0.13,0
Mamadou Sarr,Chelsea,DEF,231,20,4.5,0.22,0
Mamadou Sarr,Chelsea,DEF,231,21,4.5,0.23,0
Mamadou Sarr,Chelsea,DEF,231,22,4.5,0.13,0
Mamadou Sarr,Chelsea,DEF,231,23,4.5,0.2,0
Mamadou Sarr,Chelsea,DEF,231,24,4.5,0.12,0
Mamadou Sarr,Chelsea,DEF,231,25,4.5,0.27,0
Mamadou Sarr,Chelsea,DEF,231,26,4.5,0.16,0
Mamadou Sarr,Chelsea,DEF,231,27,4.5,0.22,1
Mamadou Sarr,Chelsea,DEF,231,28,4.5,1.64,1
Tosin Adarabioyo,Chelsea,DEF,232,15,4.2,1.88,0
Tosin Adarabioyo,Chelsea,DEF,232,16,4.1,1.02,0
Tosin Adarabioyo,Chelsea,DEF,232,17,4.1,1.04,0
Tosin Adarabioyo,Chelsea,DEF,232,18,4.1,0.39,0
Tosin Adarabioyo,Chelsea,DEF,232,19,4.1,0.36,0
Tosin Adarabioyo,Chelsea,DEF,232,20,4.1,0.4,0
Tosin Adarabioyo,Chelsea,DEF,232,21,4.1,1.75,0
Tosin Adarabioyo,Chelsea,DEF,232,22,4.0,0.9,3
Tosin Adarabioyo,Chelsea,DEF,232,23,4.0,1.03,0
Tosin Adarabioyo,Chelsea,DEF,232,24,4.0,0.94,0
Tosin Adarabioyo,Chelsea,DEF,232,25,4.0,0.66,0
Tosin Adarabioyo,Chelsea,DEF,232,26,4.0,0.3,0
Tosin Adarabioyo,Chelsea,DEF,232,27,4.0,0.34,1
Tosin Adarabioyo,Chelsea,DEF,232,28,4.0,0.47,1
Josh Acheampong,Chelsea,DEF,233,15,3.9,0.41,0
Josh Acheampong,Chelsea,DEF,233,16,3.9,0.37,0
Josh Acheampong,Chelsea,DEF,233,17,3.9,0.38,0
Josh Acheampong,Chelsea,DEF,233,18,3.8,0.21,0
Josh Acheampong,Chelsea,DEF,233,19,3.8,0.2,0
Josh Acheampong,Chelsea,DEF,233,20,3.8,2.04,2
Josh Acheampong,Chelsea,DEF,233,21,3.8,0.73,1
Josh Acheampong,Chelsea,DEF,233,22,3.8,0.78,1
Josh Acheampong,Chelsea,DEF,233,23,3.8,0.84,0
Josh Acheampong,Chelsea,DEF,233,24,3.8,0.46,0
Josh Acheampong,Chelsea,DEF,233,25,3.8,0.41,1
Josh Acheampong,Chelsea,DEF,233,26,3.7,1.69,0
Josh Acheampong,Chelsea,DEF,233,27,3.7,0.65,1
Josh Acheampong,Chelsea,DEF,233,28,3.7,0.78,0
Aarón Anselmino,Chelsea,DEF,234,15,4.0,0.08,0
Aarón Anselmino,Chelsea,DEF,234,16,4.0,0.03,0
Aarón Anselmino,Chelsea,DEF,234,17,4.0,0.05,0
Aarón Anselmino,Chelsea,DEF,234,18,4.0,0.0,0
Aarón Anselmino,Chelsea,DEF,234,19,4.0,0.0,0
Aarón Anselmino,Chelsea,DEF,234,20,4.0,0.0,0
Aarón Anselmino,Chelsea,DEF,234,21,4.0,0.0,0
Aarón Anselmino,Chelsea,DEF,234,22,4.0,0.0,0
Aarón Anselmino,Chelsea,DEF,234,23,4.0,0.0,0
Aarón Anselmino,Chelsea,DEF,234,24,4.0,0.0,0
Aarón Anselmino,Chelsea,DEF,234,25,4.0,0.0,0
Aarón Anselmino,Chelsea,DEF,234,26,4.0,0.0,0
Aarón Anselmino,Chelsea,DEF,234,27,4.0,0.0,0
Aarón Anselmino,Chelsea,DEF,234,28,4.0,0.0,0
Cole Palmer,Chelsea,MID,235,15,10.3,2.8,1
Cole Palmer,Chelsea,MID,235,16,10.3,3.32,6
Cole Palmer,Chelsea,MID,235,17,10.4,5.12,5
Cole Palmer,Chelsea,MID,235,18,10.4,5.49,2
Cole Palmer,Chelsea,MID,235,19,10.4,5.66,7
Cole Palmer,Chelsea,MID,235,20,10.4,5.89,2
Cole Palmer,Chelsea,MID,235,21,10.4,5.4,1
Cole Palmer,Chelsea,MID,235,22,10.4,5.59,9
Cole Palmer,Chelsea,MID,235,23,10.4,4.35,0
Cole Palmer,Chelsea,MID,235,24,10.4,5.48,2
Cole Palmer,Chelsea,MID,235,25,10.4,5.62,20
Cole Palmer,Chelsea,MID,235,26,10.5,5.89,12
Cole Palmer,Chelsea,MID,235,27,10.6,7.17,3
Cole Palmer,Chelsea,MID,235,28,10.6,6.88,1
Pedro Lomba Neto,Chelsea,MID,236,15,7.2,4.98,2
Pedro Lomba Neto,Chelsea,MID,236,16,7.3,4.86,6
Pedro Lomba Neto,Chelsea,MID,236,17,7.3,5.12,2
Pedro Lomba Neto,Chelsea,MID,236,18,7.3,4.95,2
Pedro Lomba Neto,Chelsea,MID,236,19,7.3,3.23,1
Pedro Lomba Neto,Chelsea,MID,236,20,7.2,4.38,2
Pedro Lomba Neto,Chelsea,MID,236,21,7.2,4.45,5
Pedro Lomba Neto,Chelsea,MID,236,22,7.1,4.51,3
Pedro Lomba Neto,Chelsea,MID,236,23,7.1,4.9,3
Pedro Lomba Neto,Chelsea,MID,236,24,7.1,4.88,2
Pedro Lomba Neto,Chelsea,MID,236,25,7.1,4.62,2
Pedro Lomba Neto,Chelsea,MID,236,26,7.0,2.82,1
Pedro Lomba Neto,Chelsea,MID,236,27,7.0,4.25,8
Pedro Lomba Neto,Chelsea,MID,236,28,7.0,2.54,-1
Enzo Fernández,Chelsea,MID,237,15,6.7,4.69,3
Enzo Fernández,Chelsea,MID,237,16,6.6,4.48,3
Enzo Fernández,Chelsea,MID,237,17,6.5,2.91,1
Enzo Fernández,Chelsea,MID,237,18,6.5,3.76,1
Enzo Fernández,Chelsea,MID,237,19,6.4,3.99,9
Enzo Fernández,Chelsea,MID,237,20,6.4,4.38,11
Enzo Fernández,Chelsea,MID,237,21,6.4,4.94,1
Enzo Fernández,Chelsea,MID,237,22,6.5,5.15,6
Enzo Fernández,Chelsea,MID,237,23,6.6,5.44,8
Enzo Fernández,Chelsea,MID,237,24,6.7,5.34,8
Enzo Fernández,Chelsea,MID,237,25,6.8,5.79,2
Enzo Fernández,Chelsea,MID,237,26,6.9,5.17,2
Enzo Fernández,Chelsea,MID,237,27,6.9,5.0,2
Enzo Fernández,Chelsea,MID,237,28,6.8,4.55,1
Estêvão Almeida de Oliveira Gonçalves,Chelsea,MID,238,15,6.6,1.65,1
Estêvão Almeida de Oliveira Gonçalves,Chelsea,MID,238,16,6.5,1.65,1
Estêvão Almeida de Oliveira Gonçalves,Chelsea,MID,238,17,6.5,1.52,0
Estêvão Almeida de Oliveira Gonçalves,Chelsea,MID,238,18,6.4,1.14,1
Estêvão Almeida de Oliveira Gonçalves,Chelsea,MID,238,19,6.4,2.82,5
Estêvão Almeida de Oliveira Gonçalves,Chelsea,MID,238,20,6.4,1.82,1
Estêvão Almeida de Oliveira Gonçalves,Chelsea,MID,238,21,6.4,2.02,0
Estêvão Almeida de Oliveira Gonçalves,Chelsea,MID,238,22,6.4,1.8,0
Estêvão Almeida de Oliveira Gonçalves,Chelsea,MID,238,23,6.4,3.07,13
Estêvão Almeida de Oliveira Gonçalves,Chelsea,MID,238,24,6.4,2.12,0
Estêvão Almeida de Oliveira Gonçalves,Chelsea,MID,238,25,6.4,2.0,0
Estêvão Almeida de Oliveira Gonçalves,Chelsea,MID,238,26,6.4,3.52,3
Estêvão Almeida de Oliveira Gonçalves,Chelsea,MID,238,27,6.4,1.64,0
Estêvão Almeida de Oliveira Gonçalves,Chelsea,MID,238,28,6.4,1.7,0
Jamie Bynoe-Gittens,Chelsea,MID,239,15,6.1,2.18,0
Jamie Bynoe-Gittens,Chelsea,MID,239,16,6.1,1.45,1
Jamie Bynoe-Gittens,Chelsea,MID,239,17,6.1,1.6,0
Jamie Bynoe-Gittens,Chelsea,MID,239,18,6.0,0.88,1
Jamie Bynoe-Gittens,Chelsea,MID,239,19,6.0,1.01,1
Jamie Bynoe-Gittens,Chelsea,MID,239,20,6.0,0.97,0
Jamie Bynoe-Gittens,Chelsea,MID,239,21,6.0,0.98,0
Jamie Bynoe-Gittens,Chelsea,MID,239,22,6.0,0.75,0
Jamie Bynoe-Gittens,Chelsea,MID,239,23,6.0,0.78,1
Jamie Bynoe-Gittens,Chelsea,MID,239,24,6.0,0.79,1
Jamie Bynoe-Gittens,Chelsea,MID,239,25,6.0,0.95,0
Jamie Bynoe-Gittens,Chelsea,MID,239,26,6.0,0.86,0
Jamie Bynoe-Gittens,Chelsea,MID,239,27,6.0,0.78,0
Jamie Bynoe-Gittens,Chelsea,MID,239,28,6.0,0.75,0
Christopher Nkunku,Chelsea,MID,240,15,5.9,0.59,0
Christopher Nkunku,Chelsea,MID,240,16,5.9,0.54,0
Christopher Nkunku,Chelsea,MID,240,17,5.9,0.55,0
Christopher Nkunku,Chelsea,MID,240,18,5.9,0.43,0
Christopher Nkunku,Chelsea,MID,240,19,5.9,0.41,0
Christopher Nkunku,Chelsea,MID,240,20,5.9,0.5,0
Christopher Nkunku,Chelsea,MID,240,21,5.9,0.51,0
Christopher Nkunku,Chelsea,MID,240,22,5.9,0.41,0
Christopher Nkunku,Chelsea,MID,240,23,5.9,0.48,0
Christopher Nkunku,Chelsea,MID,240,24,5.9,0.4,0
Christopher Nkunku,Chelsea,MID,240,25,5.9,0.43,0
Christopher Nkunku,Chelsea,MID,240,26,5.9,0.35,0
Christopher Nkunku,Chelsea,MID,240,27,5.9,0.37,0
Christopher Nkunku,Chelsea,MID,240,28,5.9,0.45,0
Moisés Caicedo Corozo,Chelsea,MID,241,15,5.8,1.16,0
Moisés Caicedo Corozo,Chelsea,MID,241,16,5.7,0.91,0
Moisés Caicedo Corozo,Chelsea,MID,241,17,5.7,2.64,3
Moisés Caicedo Corozo,Chelsea,MID,241,18,5.7,3.04,3
Moisés Caicedo Corozo,Chelsea,MID,241,19,5.7,3.34,1
Moisés Caicedo Corozo,Chelsea,MID,241,20,5.7,2.5,0
Moisés Caicedo Corozo,Chelsea,MID,241,21,5.7,3.63,4
Moisés Caicedo Corozo,Chelsea,MID,241,22,5.7,3.59,5
Moisés Caicedo Corozo,Chelsea,MID,241,23,5.7,3.87,2
Moisés Caicedo Corozo,Chelsea,MID,241,24,5.7,4.25,3
Moisés Caicedo Corozo,Chelsea,MID,241,25,5.7,4.38,5
Moisés Caicedo Corozo,Chelsea,MID,241,26,5.7,4.09,1
Moisés Caicedo Corozo,Chelsea,MID,241,27,5.7,4.33,2
Moisés Caicedo Corozo,Chelsea,MID,241,28,5.7,4.23,4
Kiernan Dewsbury-Hall,Everton,MID,242,15,5.0,4.75,16
Kiernan Dewsbury-Hall,Everton,MID,242,16,5.1,3.7,1
Kiernan Dewsbury-Hall,Everton,MID,242,17,5.1,2.85,0
Kiernan Dewsbury-Hall,Everton,MID,242,18,5.0,2.24,0
Kiernan Dewsbury-Hall,Everton,MID,242,19,5.0,1.38,0
Kiernan Dewsbury-Hall,Everton,MID,242,20,5.0,1.13,0
Kiernan Dewsbury-Hall,Everton,MID,242,21,5.0,0.78,0
Kiernan Dewsbury-Hall,Everton,MID,242,22,4.9,0.81,0
Kiernan Dewsbury-Hall,Everton,MID,242,23,4.9,0.77,1
Kiernan Dewsbury-Hall,Everton,MID,242,24,4.9,2.7,2
Kiernan Dewsbury-Hall,Everton,MID,242,25,4.9,3.18,13
Kiernan Dewsbury-Hall,Everton,MID,242,26,4.9,4.12,2
Kiernan Dewsbury-Hall,Everton,MID,242,27,4.9,4.3,4
Kiernan Dewsbury-Hall,Everton,MID,242,28,5.0,4.71,6
Tyrique George,Chelsea,MID,243,15,4.9,0.18,0
Tyrique George,Chelsea,MID,243,16,4.8,0.08,0
Tyrique George,Chelsea,MID,243,17,4.8,0.11,0
Tyrique George,Chelsea,MID,243,18,4.8,0.0,0
Tyrique George,Chelsea,MID,243,19,4.8,0.0,0
Tyrique George,Chelsea,MID,243,20,4.8,0.05,0
Tyrique George,Chelsea,MID,243,21,4.8,0.06,0
Tyrique George,Chelsea,MID,243,22,4.8,0.0,0
Tyrique George,Chelsea,MID,243,23,4.8,0.03,0
Tyrique George,Chelsea,MID,243,24,4.8,0.0,0
Tyrique George,Everton,MID,243,25,4.8,0.06,1
Tyrique George,Everton,MID,243,26,4.8,1.7,2
Tyrique George,Everton,MID,243,27,4.8,0.38,1
Tyrique George,Everton,MID,243,28,4.8,0.59,0
Roméo Lavia,Chelsea,MID,244,15,4.9,0.2,0
Roméo Lavia,Chelsea,MID,244,16,4.9,0.13,0
Roméo Lavia,Chelsea,MID,244,17,4.9,0.15,0
Roméo Lavia,Chelsea,MID,244,18,4.9,0.02,0
Roméo Lavia,Chelsea,MID,244,19,4.9,0.0,0
Roméo Lavia,Chelsea,MID,244,20,4.9,0.09,0
Roméo Lavia,Chelsea,MID,244,21,4.9,0.1,0
Roméo Lavia,Chelsea,MID,244,22,4.9,0.0,0
Roméo Lavia,Chelsea,MID,244,23,4.9,0.07,0
Roméo Lavia,Chelsea,MID,244,24,4.9,0.0,0
Roméo Lavia,Chelsea,MID,244,25,4.9,0.02,0
Roméo Lavia,Chelsea,MID,244,26,4.9,0.0,0
Roméo Lavia,Chelsea,MID,244,27,4.9,0.0,0
Roméo Lavia,Chelsea,MID,244,28,4.9,0.06,1
Mykhailo Mudryk,Chelsea,MID,245,15,4.9,0.14,0
Mykhailo Mudryk,Chelsea,MID,245,16,4.9,0.09,0
Mykhailo Mudryk,Chelsea,MID,245,17,4.9,0.11,0
Mykhailo Mudryk,Chelsea,MID,245,18,4.9,0.0,0
Mykhailo Mudryk,Chelsea,MID,245,19,4.9,0.0,0
Mykhailo Mudryk,Chelsea,MID,245,20,4.9,0.05,0
Mykhailo Mudryk,Chelsea,MID,245,21,4.9,0.06,0
Mykhailo Mudryk,Chelsea,MID,245,22,4.9,0.0,0
Mykhailo Mudryk,Chelsea,MID,245,23,4.9,0.04,0
Mykhailo Mudryk,Chelsea,MID,245,24,4.9,0.0,0
Mykhailo Mudryk,Chelsea,MID,245,25,4.9,0.0,0
Mykhailo Mudryk,Chelsea,MID,245,26,4.9,0.0,0
Mykhailo Mudryk,Chelsea,MID,245,27,4.9,0.0,0
Mykhailo Mudryk,Chelsea,MID,245,28,4.9,0.0,0
Andrey Nascimento dos Santos,Chelsea,MID,246,15,4.5,1.06,0
Andrey Nascimento dos Santos,Chelsea,MID,246,16,4.5,0.52,1
Andrey Nascimento dos Santos,Chelsea,MID,246,17,4.5,0.69,0
Andrey Nascimento dos Santos,Chelsea,MID,246,18,4.5,0.29,0
Andrey Nascimento dos Santos,Chelsea,MID,246,19,4.5,0.26,1
Andrey Nascimento dos Santos,Chelsea,MID,246,20,4.5,0.28,1
Andrey Nascimento dos Santos,Chelsea,MID,246,21,4.5,0.38,1
Andrey Nascimento dos Santos,Chelsea,MID,246,22,4.5,0.46,1
Andrey Nascimento dos Santos,Chelsea,MID,246,23,4.5,2.25,3
Andrey Nascimento dos Santos,Chelsea,MID,246,24,4.5,0.9,0
Andrey Nascimento dos Santos,Chelsea,MID,246,25,4.5,2.4,2
Andrey Nascimento dos Santos,Chelsea,MID,246,26,4.5,2.55,2
Andrey Nascimento dos Santos,Chelsea,MID,246,27,4.5,2.45,2
Andrey Nascimento dos Santos,Chelsea,MID,246,28,4.5,2.96,2
Dário Luís Essugo,Chelsea,MID,247,15,4.3,0.0,0
Dário Luís Essugo,Chelsea,MID,247,16,4.3,0.0,0
Dário Luís Essugo,Chelsea,MID,247,17,4.3,0.0,0
Dário Luís Essugo,Chelsea,MID,247,18,4.3,0.0,0
Dário Luís Essugo,Chelsea,MID,247,19,4.3,0.0,0
Dário Luís Essugo,Chelsea,MID,247,20,4.3,0.0,0
Dário Luís Essugo,Chelsea,MID,247,21,4.3,0.0,0
Dário Luís Essugo,Chelsea,MID,247,22,4.3,0.0,0
Dário Luís Essugo,Chelsea,MID,247,23,4.3,0.0,0
Dário Luís Essugo,Chelsea,MID,247,24,4.3,0.0,0
Dário Luís Essugo,Chelsea,MID,247,25,4.3,0.0,0
Dário Luís Essugo,Chelsea,MID,247,26,4.3,0.0,0
Dário Luís Essugo,Chelsea,MID,247,27,4.3,0.0,0
Dário Luís Essugo,Chelsea,MID,247,28,4.3,0.0,0
Kendry Páez Andrade,Chelsea,MID,248,15,4.5,0.0,0
Kendry Páez Andrade,Chelsea,MID,248,16,4.5,0.0,0
Kendry Páez Andrade,Chelsea,MID,248,17,4.5,0.0,0
Kendry Páez Andrade,Chelsea,MID,248,18,4.5,0.0,0
Kendry Páez Andrade,Chelsea,MID,248,19,4.5,0.0,0
Kendry Páez Andrade,Chelsea,MID,248,20,4.5,0.0,0
Kendry Páez Andrade,Chelsea,MID,248,21,4.5,0.0,0
Kendry Páez Andrade,Chelsea,MID,248,22,4.5,0.0,0
Kendry Páez Andrade,Chelsea,MID,248,23,4.5,0.0,0
Kendry Páez Andrade,Chelsea,MID,248,24,4.5,0.0,0
Kendry Páez Andrade,Chelsea,MID,248,25,4.5,0.0,0
Kendry Páez Andrade,Chelsea,MID,248,26,4.5,0.0,0
Kendry Páez Andrade,Chelsea,MID,248,27,4.5,0.0,0
Kendry Páez Andrade,Chelsea,MID,248,28,4.5,0.0,0
João Pedro Junqueira de Jesus,Chelsea,FWD,249,15,7.4,3.16,1
João Pedro Junqueira de Jesus,Chelsea,FWD,249,16,7.3,4.38,2
João Pedro Junqueira de Jesus,Chelsea,FWD,249,17,7.2,4.46,6
João Pedro Junqueira de Jesus,Chelsea,FWD,249,18,7.2,4.57,8
João Pedro Junqueira de Jesus,Chelsea,FWD,249,19,7.2,3.38,1
João Pedro Junqueira de Jesus,Chelsea,FWD,249,20,7.2,4.86,2
João Pedro Junqueira de Jesus,Chelsea,FWD,249,21,7.2,3.03,1
João Pedro Junqueira de Jesus,Chelsea,FWD,249,22,7.1,4.28,8
João Pedro Junqueira de Jesus,Chelsea,FWD,249,23,7.1,4.78,12
João Pedro Junqueira de Jesus,Chelsea,FWD,249,24,7.3,4.18,10
João Pedro Junqueira de Jesus,Chelsea,FWD,249,25,7.5,6.54,8
João Pedro Junqueira de Jesus,Chelsea,FWD,249,26,7.6,6.9,10
João Pedro Junqueira de Jesus,Chelsea,FWD,249,27,7.7,7.0,7
João Pedro Junqueira de Jesus,Chelsea,FWD,249,28,7.7,6.75,2
Liam Delap,Chelsea,FWD,250,15,6.2,1.9,1
Liam Delap,Chelsea,FWD,250,16,6.2,1.69,0
Liam Delap,Chelsea,FWD,250,17,6.2,1.51,0
Liam Delap,Chelsea,FWD,250,18,6.2,1.09,0
Liam Delap,Chelsea,FWD,250,19,6.2,2.71,2
Liam Delap,Chelsea,FWD,250,20,6.2,1.49,0
Liam Delap,Chelsea,FWD,250,21,6.2,3.34,7
Liam Delap,Chelsea,FWD,250,22,6.2,2.34,4
Liam Delap,Chelsea,FWD,250,23,6.2,2.19,1
Liam Delap,Chelsea,FWD,250,24,6.2,3.72,5
Liam Delap,Chelsea,FWD,250,25,6.2,2.33,1
Liam Delap,Chelsea,FWD,250,26,6.2,1.99,1
Liam Delap,Chelsea,FWD,250,27,6.2,1.95,1
Liam Delap,Chelsea,FWD,250,28,6.2,1.55,1
Nicolas Jackson,Chelsea,FWD,251,15,6.5,1.1,0
Nicolas Jackson,Chelsea,FWD,251,16,6.5,1.05,0
Nicolas Jackson,Chelsea,FWD,251,17,6.5,1.06,0
Nicolas Jackson,Chelsea,FWD,251,18,6.5,0.94,0
Nicolas Jackson,Chelsea,FWD,251,19,6.5,0.92,0
Nicolas Jackson,Chelsea,FWD,251,20,6.5,1.01,0
Nicolas Jackson,Chelsea,FWD,251,21,6.5,1.02,0
Nicolas Jackson,Chelsea,FWD,251,22,6.5,0.92,0
Nicolas Jackson,Chelsea,FWD,251,23,6.5,0.99,0
Nicolas Jackson,Chelsea,FWD,251,24,6.5,0.91,0
Nicolas Jackson,Chelsea,FWD,251,25,6.5,0.94,0
Nicolas Jackson,Chelsea,FWD,251,26,6.5,0.86,0
Nicolas Jackson,Chelsea,FWD,251,27,6.5,0.88,0
Nicolas Jackson,Chelsea,FWD,251,28,6.5,0.96,0
Marc Guiu Paz,Chelsea,FWD,252,15,4.2,0.7,0
Marc Guiu Paz,Chelsea,FWD,252,16,4.2,0.65,0
Marc Guiu Paz,Chelsea,FWD,252,17,4.2,0.6,0
Marc Guiu Paz,Chelsea,FWD,252,18,4.3,0.37,0
Marc Guiu Paz,Chelsea,FWD,252,19,4.3,0.09,0
Marc Guiu Paz,Chelsea,FWD,252,20,4.3,0.17,0
Marc Guiu Paz,Chelsea,FWD,252,21,4.3,0.17,0
Marc Guiu Paz,Chelsea,FWD,252,22,4.2,0.03,0
Marc Guiu Paz,Chelsea,FWD,252,23,4.2,0.11,0
Marc Guiu Paz,Chelsea,FWD,252,24,4.2,0.02,0
Marc Guiu Paz,Chelsea,FWD,252,25,4.2,0.05,0
Marc Guiu Paz,Chelsea,FWD,252,26,4.2,0.0,0
Marc Guiu Paz,Chelsea,FWD,252,27,4.2,0.0,0
Marc Guiu Paz,Chelsea,FWD,252,28,4.1,0.02,0
Dean Henderson,Crystal Palace,GK,253,15,5.1,4.63,3
Dean Henderson,Crystal Palace,GK,253,16,5.1,4.01,1
Dean Henderson,Crystal Palace,GK,253,17,5.1,3.97,0
Dean Henderson,Crystal Palace,GK,253,18,5.1,3.66,3
Dean Henderson,Crystal Palace,GK,253,19,5.1,3.73,3
Dean Henderson,Crystal Palace,GK,253,20,5.1,3.75,2
Dean Henderson,Crystal Palace,GK,253,21,5.1,3.9,7
Dean Henderson,Crystal Palace,GK,253,22,5.1,4.28,2
Dean Henderson,Crystal Palace,GK,253,23,5.0,3.85,1
Dean Henderson,Crystal Palace,GK,253,24,5.0,4.11,2
Dean Henderson,Crystal Palace,GK,253,25,5.0,3.94,8
Dean Henderson,Crystal Palace,GK,253,26,5.0,3.97,1
Dean Henderson,Crystal Palace,GK,253,27,5.0,4.32,16
Dean Henderson,Crystal Palace,GK,253,28,5.0,5.42,3
Walter Benítez,Crystal Palace,GK,254,15,4.0,0.0,0
Walter Benítez,Crystal Palace,GK,254,16,4.0,0.0,0
Walter Benítez,Crystal Palace,GK,254,17,4.0,0.0,0
Walter Benítez,Crystal Palace,GK,254,18,4.0,0.0,0
Walter Benítez,Crystal Palace,GK,254,19,4.0,0.0,0
Walter Benítez,Crystal Palace,GK,254,20,4.0,0.0,0
Walter Benítez,Crystal Palace,GK,254,21,4.0,0.0,0
Walter Benítez,Crystal Palace,GK,254,22,4.0,0.0,0
Walter Benítez,Crystal Palace,GK,254,23,4.0,0.0,0
Walter Benítez,Crystal Palace,GK,254,24,4.0,0.0,0
Walter Benítez,Crystal Palace,GK,254,25,4.0,0.0,0
Walter Benítez,Crystal Palace,GK,254,26,4.0,0.0,0
Walter Benítez,Crystal Palace,GK,254,27,4.0,0.0,0
Walter Benítez,Crystal Palace,GK,254,28,4.0,0.0,0
Remi Matthews,Crystal Palace,GK,255,15,3.9,0.0,0
Remi Matthews,Crystal Palace,GK,255,16,3.9,0.0,0
Remi Matthews,Crystal Palace,GK,255,17,3.9,0.0,0
Remi Matthews,Crystal Palace,GK,255,18,3.9,0.0,0
Remi Matthews,Crystal Palace,GK,255,19,3.9,0.0,0
Remi Matthews,Crystal Palace,GK,255,20,3.9,0.0,0
Remi Matthews,Crystal Palace,GK,255,21,3.9,0.0,0
Remi Matthews,Crystal Palace,GK,255,22,3.9,0.0,0
Remi Matthews,Crystal Palace,GK,255,23,3.9,0.0,0
Remi Matthews,Crystal Palace,GK,255,24,3.9,0.0,0
Remi Matthews,Crystal Palace,GK,255,25,3.9,0.0,0
Remi Matthews,Crystal Palace,GK,255,26,3.9,0.0,0
Remi Matthews,Crystal Palace,GK,255,27,3.9,0.0,0
Remi Matthews,Crystal Palace,GK,255,28,3.9,0.0,0
Daniel Muñoz Mejía,Crystal Palace,DEF,256,15,6.1,4.47,0
Daniel Muñoz Mejía,Crystal Palace,DEF,256,16,6.0,3.17,0
Daniel Muñoz Mejía,Crystal Palace,DEF,256,17,5.9,2.79,0
Daniel Muñoz Mejía,Crystal Palace,DEF,256,18,5.9,1.84,0
Daniel Muñoz Mejía,Crystal Palace,DEF,256,19,5.8,1.81,0
Daniel Muñoz Mejía,Crystal Palace,DEF,256,20,5.8,1.61,0
Daniel Muñoz Mejía,Crystal Palace,DEF,256,21,5.8,1.51,0
Daniel Muñoz Mejía,Crystal Palace,DEF,256,22,5.8,1.59,0
Daniel Muñoz Mejía,Crystal Palace,DEF,256,23,5.8,2.87,1
Daniel Muñoz Mejía,Crystal Palace,DEF,256,24,5.8,3.51,2
Daniel Muñoz Mejía,Crystal Palace,DEF,256,25,5.8,3.9,5
Daniel Muñoz Mejía,Crystal Palace,DEF,256,26,5.8,4.27,1
Daniel Muñoz Mejía,Crystal Palace,DEF,256,27,5.9,4.63,9
Daniel Muñoz Mejía,Crystal Palace,DEF,256,28,5.9,4.92,1
Maxence Lacroix,Crystal Palace,DEF,257,15,5.1,5.61,2
Maxence Lacroix,Crystal Palace,DEF,257,16,5.1,4.56,1
Maxence Lacroix,Crystal Palace,DEF,257,17,5.2,4.44,1
Maxence Lacroix,Crystal Palace,DEF,257,18,5.2,4.19,3
Maxence Lacroix,Crystal Palace,DEF,257,19,5.2,4.37,2
Maxence Lacroix,Crystal Palace,DEF,257,20,5.2,4.4,3
Maxence Lacroix,Crystal Palace,DEF,257,21,5.1,4.43,8
Maxence Lacroix,Crystal Palace,DEF,257,22,5.1,4.53,1
Maxence Lacroix,Crystal Palace,DEF,257,23,5.1,4.38,1
Maxence Lacroix,Crystal Palace,DEF,257,24,5.1,4.55,2
Maxence Lacroix,Crystal Palace,DEF,257,25,5.1,4.38,11
Maxence Lacroix,Crystal Palace,DEF,257,26,5.1,4.96,3
Maxence Lacroix,Crystal Palace,DEF,257,27,5.1,3.41,0
Maxence Lacroix,Crystal Palace,DEF,257,28,5.1,1.39,3
Tyrick Mitchell,Crystal Palace,DEF,258,15,5.0,4.73,2
Tyrick Mitchell,Crystal Palace,DEF,258,16,5.0,4.08,1
Tyrick Mitchell,Crystal Palace,DEF,258,17,5.0,4.01,0
Tyrick Mitchell,Crystal Palace,DEF,258,18,5.0,3.75,2
Tyrick Mitchell,Crystal Palace,DEF,258,19,5.0,3.84,4
Tyrick Mitchell,Crystal Palace,DEF,258,20,5.0,4.02,2
Tyrick Mitchell,Crystal Palace,DEF,258,21,5.0,4.23,5
Tyrick Mitchell,Crystal Palace,DEF,258,22,5.0,4.38,0
Tyrick Mitchell,Crystal Palace,DEF,258,23,5.0,4.1,1
Tyrick Mitchell,Crystal Palace,DEF,258,24,5.0,4.21,2
Tyrick Mitchell,Crystal Palace,DEF,258,25,5.0,4.01,6
Tyrick Mitchell,Crystal Palace,DEF,258,26,5.0,3.98,1
Tyrick Mitchell,Crystal Palace,DEF,258,27,5.0,4.39,11
Tyrick Mitchell,Crystal Palace,DEF,258,28,5.0,4.9,1
Borna Sosa,Crystal Palace,DEF,259,15,4.8,0.43,0
Borna Sosa,Crystal Palace,DEF,259,16,4.8,0.34,0
Borna Sosa,Crystal Palace,DEF,259,17,4.8,0.42,1
Borna Sosa,Crystal Palace,DEF,259,18,4.8,0.43,0
Borna Sosa,Crystal Palace,DEF,259,19,4.8,0.47,1
Borna Sosa,Crystal Palace,DEF,259,20,4.8,0.58,0
Borna Sosa,Crystal Palace,DEF,259,21,4.8,0.36,1
Borna Sosa,Crystal Palace,DEF,259,22,4.8,0.52,0
Borna Sosa,Crystal Palace,DEF,259,23,4.8,0.38,1
Borna Sosa,Crystal Palace,DEF,259,24,4.8,0.58,0
Borna Sosa,Crystal Palace,DEF,259,25,4.8,0.48,0
Borna Sosa,Crystal Palace,DEF,259,26,4.8,0.41,0
Borna Sosa,Crystal Palace,DEF,259,27,4.8,0.29,0
Borna Sosa,Crystal Palace,DEF,259,28,4.8,0.33,0
Marc Guéhi,Crystal Palace,DEF,260,15,5.1,5.52,8
Marc Guéhi,Crystal Palace,DEF,260,16,5.2,5.09,1
Marc Guéhi,Crystal Palace,DEF,260,17,5.3,5.18,1
Marc Guéhi,Crystal Palace,DEF,260,18,5.3,4.54,2
Marc Guéhi,Crystal Palace,DEF,260,19,5.3,4.54,2
Marc Guéhi,Crystal Palace,DEF,260,20,5.3,4.47,2
Marc Guéhi,Crystal Palace,DEF,260,21,5.3,4.42,6
Marc Guéhi,Crystal Palace,DEF,260,22,5.3,3.15,0
Marc Guéhi,Man City,DEF,260,23,5.2,4.35,6
Marc Guéhi,Man City,DEF,260,24,5.2,4.65,3
Marc Guéhi,Man City,DEF,260,25,5.2,4.5,3
Marc Guéhi,Man City,DEF,260,26,5.2,5.04,7
Marc Guéhi,Man City,DEF,260,27,5.2,5.14,2
Marc Guéhi,Man City,DEF,260,28,5.2,5.22,6
Chris Richards,Crystal Palace,DEF,261,15,4.6,4.8,4
Chris Richards,Crystal Palace,DEF,261,16,4.6,4.31,1
Chris Richards,Crystal Palace,DEF,261,17,4.6,4.58,2
Chris Richards,Crystal Palace,DEF,261,18,4.6,2.4,0
Chris Richards,Crystal Palace,DEF,261,19,4.5,1.91,0
Chris Richards,Crystal Palace,DEF,261,20,4.5,1.51,0
Chris Richards,Crystal Palace,DEF,261,21,4.4,1.0,0
Chris Richards,Crystal Palace,DEF,261,22,4.4,2.73,2
Chris Richards,Crystal Palace,DEF,261,23,4.4,3.16,7
Chris Richards,Crystal Palace,DEF,261,24,4.4,3.51,1
Chris Richards,Crystal Palace,DEF,261,25,4.4,4.25,8
Chris Richards,Crystal Palace,DEF,261,26,4.4,4.35,0
Chris Richards,Crystal Palace,DEF,261,27,4.4,4.42,6
Chris Richards,Crystal Palace,DEF,261,28,4.4,4.5,1
Chadi Riad Dnanou,Crystal Palace,DEF,262,15,4.0,0.09,0
Chadi Riad Dnanou,Crystal Palace,DEF,262,16,4.0,0.0,0
Chadi Riad Dnanou,Crystal Palace,DEF,262,17,4.0,0.02,0
Chadi Riad Dnanou,Crystal Palace,DEF,262,18,4.0,0.0,0
Chadi Riad Dnanou,Crystal Palace,DEF,262,19,4.0,0.0,0
Chadi Riad Dnanou,Crystal Palace,DEF,262,20,4.0,0.0,0
Chadi Riad Dnanou,Crystal Palace,DEF,262,21,4.0,0.0,0
Chadi Riad Dnanou,Crystal Palace,DEF,262,22,4.0,0.0,0
Chadi Riad Dnanou,Crystal Palace,DEF,262,23,4.0,0.24,4
Chadi Riad Dnanou,Crystal Palace,DEF,262,24,4.0,1.77,1
Chadi Riad Dnanou,Crystal Palace,DEF,262,25,4.0,0.76,0
Chadi Riad Dnanou,Crystal Palace,DEF,262,26,4.0,0.66,1
Chadi Riad Dnanou,Crystal Palace,DEF,262,27,4.0,2.19,5
Chadi Riad Dnanou,Crystal Palace,DEF,262,28,4.0,0.93,1
Nathaniel Clyne,Crystal Palace,DEF,263,15,3.8,1.63,2
Nathaniel Clyne,Crystal Palace,DEF,263,16,3.8,1.67,1
Nathaniel Clyne,Crystal Palace,DEF,263,17,3.8,2.01,1
Nathaniel Clyne,Crystal Palace,DEF,263,18,3.8,0.78,1
Nathaniel Clyne,Crystal Palace,DEF,263,19,3.8,2.44,7
Nathaniel Clyne,Crystal Palace,DEF,263,20,3.8,1.35,1
Nathaniel Clyne,Crystal Palace,DEF,263,21,3.8,1.18,0
Nathaniel Clyne,Crystal Palace,DEF,263,22,3.8,1.02,0
Nathaniel Clyne,Crystal Palace,DEF,263,23,3.8,0.31,0
Nathaniel Clyne,Crystal Palace,DEF,263,24,3.8,0.19,0
Nathaniel Clyne,Crystal Palace,DEF,263,25,3.8,0.05,0
Nathaniel Clyne,Crystal Palace,DEF,263,26,3.8,0.0,0
Nathaniel Clyne,Crystal Palace,DEF,263,27,3.8,0.0,0
Nathaniel Clyne,Crystal Palace,DEF,263,28,3.8,0.0,0
Rob Holding,Crystal Palace,DEF,264,15,4.0,0.06,0
Rob Holding,Crystal Palace,DEF,264,16,4.0,0.0,0
Rob Holding,Crystal Palace,DEF,264,17,4.0,0.02,0
Rob Holding,Crystal Palace,DEF,264,18,4.0,0.0,0
Rob Holding,Crystal Palace,DEF,264,19,4.0,0.0,0
Rob Holding,Crystal Palace,DEF,264,20,4.0,0.0,0
Rob Holding,Crystal Palace,DEF,264,21,4.0,0.0,0
Rob Holding,Crystal Palace,DEF,264,22,4.0,0.0,0
Rob Holding,Crystal Palace,DEF,264,23,4.0,0.0,0
Rob Holding,Crystal Palace,DEF,264,24,4.0,0.0,0
Rob Holding,Crystal Palace,DEF,264,25,4.0,0.0,0
Rob Holding,Crystal Palace,DEF,264,26,4.0,0.0,0
Rob Holding,Crystal Palace,DEF,264,27,4.0,0.0,0
Rob Holding,Crystal Palace,DEF,264,28,4.0,0.0,0
Caleb Kporha,Crystal Palace,DEF,265,15,4.0,0.06,0
Caleb Kporha,Crystal Palace,DEF,265,16,4.0,0.0,0
Caleb Kporha,Crystal Palace,DEF,265,17,4.0,0.02,0
Caleb Kporha,Crystal Palace,DEF,265,18,4.0,0.0,0
Caleb Kporha,Crystal Palace,DEF,265,19,4.0,0.0,0
Caleb Kporha,Crystal Palace,DEF,265,20,4.0,0.0,0
Caleb Kporha,Crystal Palace,DEF,265,21,4.0,0.0,0
Caleb Kporha,Crystal Palace,DEF,265,22,4.0,0.0,0
Caleb Kporha,Crystal Palace,DEF,265,23,4.0,0.0,0
Caleb Kporha,Crystal Palace,DEF,265,24,4.0,0.0,0
Caleb Kporha,Crystal Palace,DEF,265,25,4.0,0.0,0
Caleb Kporha,Crystal Palace,DEF,265,26,4.0,0.0,0
Caleb Kporha,Crystal Palace,DEF,265,27,4.0,0.0,0
Caleb Kporha,Crystal Palace,DEF,265,28,4.0,0.0,0
Eberechi Eze,Arsenal,MID,266,15,7.8,3.37,1
Eberechi Eze,Arsenal,MID,266,16,7.8,2.94,1
Eberechi Eze,Arsenal,MID,266,17,7.7,2.81,0
Eberechi Eze,Arsenal,MID,266,18,7.6,2.15,0
Eberechi Eze,Arsenal,MID,266,19,7.5,1.87,0
Eberechi Eze,Arsenal,MID,266,20,7.4,1.66,0
Eberechi Eze,Arsenal,MID,266,21,7.4,1.56,1
Eberechi Eze,Arsenal,MID,266,22,7.3,1.69,1
Eberechi Eze,Arsenal,MID,266,23,7.3,1.77,0
Eberechi Eze,Arsenal,MID,266,24,7.3,2.06,1
Eberechi Eze,Arsenal,MID,266,25,7.2,1.88,1
Eberechi Eze,Arsenal,MID,266,26,7.2,1.95,1
Eberechi Eze,Arsenal,MID,266,26,7.2,1.99,1
Eberechi Eze,Arsenal,MID,266,27,7.2,3.77,14
Eberechi Eze,Arsenal,MID,266,28,7.2,4.3,2
Ismaïla Sarr,Crystal Palace,MID,267,15,6.5,1.91,0
Ismaïla Sarr,Crystal Palace,MID,267,16,6.4,2.97,2
Ismaïla Sarr,Crystal Palace,MID,267,17,6.4,1.59,0
Ismaïla Sarr,Crystal Palace,MID,267,18,6.4,1.44,0
Ismaïla Sarr,Crystal Palace,MID,267,19,6.4,1.45,0
Ismaïla Sarr,Crystal Palace,MID,267,20,6.4,1.17,0
Ismaïla Sarr,Crystal Palace,MID,267,21,6.4,1.07,0
Ismaïla Sarr,Crystal Palace,MID,267,22,6.3,1.07,0
Ismaïla Sarr,Crystal Palace,MID,267,23,6.3,2.64,2
Ismaïla Sarr,Crystal Palace,MID,267,24,6.3,3.14,7
Ismaïla Sarr,Crystal Palace,MID,267,25,6.3,3.75,8
Ismaïla Sarr,Crystal Palace,MID,267,26,6.3,4.44,2
Ismaïla Sarr,Crystal Palace,MID,267,27,6.4,4.42,2
Ismaïla Sarr,Crystal Palace,MID,267,28,6.4,4.41,2
Cheick Doucouré,Crystal Palace,MID,268,15,4.9,0.12,0
Cheick Doucouré,Crystal Palace,MID,268,16,4.9,0.02,0
Cheick Doucouré,Crystal Palace,MID,268,17,4.9,0.09,0
Cheick Doucouré,Crystal Palace,MID,268,18,4.9,0.0,0
Cheick Doucouré,Crystal Palace,MID,268,19,4.9,0.0,0
Cheick Doucouré,Crystal Palace,MID,268,20,4.9,0.03,0
Cheick Doucouré,Crystal Palace,MID,268,21,4.9,0.0,0
Cheick Doucouré,Crystal Palace,MID,268,22,4.9,0.01,0
Cheick Doucouré,Crystal Palace,MID,268,23,4.9,0.0,0
Cheick Doucouré,Crystal Palace,MID,268,24,4.9,0.0,0
Cheick Doucouré,Crystal Palace,MID,268,25,4.9,0.0,0
Cheick Doucouré,Crystal Palace,MID,268,26,4.9,0.0,0
Cheick Doucouré,Crystal Palace,MID,268,27,4.9,0.0,0
Cheick Doucouré,Crystal Palace,MID,268,28,4.9,0.0,0
Romain Esse,Crystal Palace,MID,269,15,4.7,0.03,0
Romain Esse,Crystal Palace,MID,269,16,4.7,0.0,0
Romain Esse,Crystal Palace,MID,269,17,4.7,0.01,0
Romain Esse,Crystal Palace,MID,269,18,4.7,0.0,1
Romain Esse,Crystal Palace,MID,269,19,4.7,0.01,1
Romain Esse,Crystal Palace,MID,269,20,4.7,0.16,1
Romain Esse,Crystal Palace,MID,269,21,4.7,0.17,0
Romain Esse,Crystal Palace,MID,269,22,4.7,0.14,0
Romain Esse,Crystal Palace,MID,269,23,4.7,0.0,0
Romain Esse,Crystal Palace,MID,269,24,4.7,0.0,0
Romain Esse,Crystal Palace,MID,269,25,4.7,0.0,0
Romain Esse,Crystal Palace,MID,269,26,4.7,0.0,0
Romain Esse,Crystal Palace,MID,269,27,4.7,0.0,0
Romain Esse,Crystal Palace,MID,269,28,4.7,0.0,0
Will Hughes,Crystal Palace,MID,270,15,4.7,0.56,0
Will Hughes,Crystal Palace,MID,270,16,4.7,0.38,1
Will Hughes,Crystal Palace,MID,270,17,4.7,0.51,1
Will Hughes,Crystal Palace,MID,270,18,4.7,1.82,1
Will Hughes,Crystal Palace,MID,270,19,4.7,0.9,1
Will Hughes,Crystal Palace,MID,270,20,4.7,2.64,2
Will Hughes,Crystal Palace,MID,270,21,4.7,2.76,3
Will Hughes,Crystal Palace,MID,270,22,4.7,2.98,5
Will Hughes,Crystal Palace,MID,270,23,4.7,1.75,1
Will Hughes,Crystal Palace,MID,270,24,4.7,3.16,2
Will Hughes,Crystal Palace,MID,270,25,4.7,3.11,2
Will Hughes,Crystal Palace,MID,270,26,4.7,1.29,1
Will Hughes,Crystal Palace,MID,270,27,4.7,1.26,0
Will Hughes,Crystal Palace,MID,270,28,4.7,1.07,1
Daichi Kamada,Crystal Palace,MID,271,15,5.0,3.78,2
Daichi Kamada,Crystal Palace,MID,271,16,5.0,3.33,1
Daichi Kamada,Crystal Palace,MID,271,17,5.0,1.86,0
Daichi Kamada,Crystal Palace,MID,271,18,5.0,1.28,0
Daichi Kamada,Crystal Palace,MID,271,19,5.0,0.91,0
Daichi Kamada,Crystal Palace,MID,271,20,5.0,0.6,0
Daichi Kamada,Crystal Palace,MID,271,21,5.0,0.47,0
Daichi Kamada,Crystal Palace,MID,271,22,5.0,0.53,0
Daichi Kamada,Crystal Palace,MID,271,23,5.0,0.46,0
Daichi Kamada,Crystal Palace,MID,271,24,5.0,0.52,0
Daichi Kamada,Crystal Palace,MID,271,25,5.0,0.51,1
Daichi Kamada,Crystal Palace,MID,271,26,5.0,2.17,2
Daichi Kamada,Crystal Palace,MID,271,27,5.0,0.89,1
Daichi Kamada,Crystal Palace,MID,271,28,5.0,2.5,1
Jefferson Lerma Solís,Crystal Palace,MID,272,15,4.9,1.35,1
Jefferson Lerma Solís,Crystal Palace,MID,272,16,4.9,1.16,0
Jefferson Lerma Solís,Crystal Palace,MID,272,17,4.9,1.11,1
Jefferson Lerma Solís,Crystal Palace,MID,272,18,4.9,2.05,1
Jefferson Lerma Solís,Crystal Palace,MID,272,19,4.9,2.63,2
Jefferson Lerma Solís,Crystal Palace,MID,272,20,4.9,1.37,1
Jefferson Lerma Solís,Crystal Palace,MID,272,21,4.9,1.24,0
Jefferson Lerma Solís,Crystal Palace,MID,272,22,4.9,2.55,2
Jefferson Lerma Solís,Crystal Palace,MID,272,23,4.9,2.24,1
Jefferson Lerma Solís,Crystal Palace,MID,272,24,4.9,2.91,9
Jefferson Lerma Solís,Crystal Palace,MID,272,25,4.9,3.83,5
Jefferson Lerma Solís,Crystal Palace,MID,272,26,4.9,2.49,1
Jefferson Lerma Solís,Crystal Palace,MID,272,27,4.9,2.36,0
Jefferson Lerma Solís,Crystal Palace,MID,272,28,4.9,1.53,0
Adam Wharton,Crystal Palace,MID,273,15,5.0,4.03,9
Adam Wharton,Crystal Palace,MID,273,16,5.0,4.25,4
Adam Wharton,Crystal Palace,MID,273,17,5.0,4.47,3
Adam Wharton,Crystal Palace,MID,273,18,5.0,4.4,2
Adam Wharton,Crystal Palace,MID,273,19,5.0,3.95,2
Adam Wharton,Crystal Palace,MID,273,20,5.0,3.87,4
Adam Wharton,Crystal Palace,MID,273,21,5.0,3.67,3
Adam Wharton,Crystal Palace,MID,273,22,5.0,3.54,1
Adam Wharton,Crystal Palace,MID,273,23,5.0,1.48,-1
Adam Wharton,Crystal Palace,MID,273,24,5.0,1.73,0
Adam Wharton,Crystal Palace,MID,273,25,5.0,2.95,3
Adam Wharton,Crystal Palace,MID,273,26,5.0,2.95,7
Adam Wharton,Crystal Palace,MID,273,27,5.0,3.59,2
Adam Wharton,Crystal Palace,MID,273,28,5.0,4.14,2
Asher Agbinone,Crystal Palace,MID,274,15,4.4,0.0,0
Asher Agbinone,Crystal Palace,MID,274,16,4.3,0.0,0
Asher Agbinone,Crystal Palace,MID,274,17,4.3,0.0,0
Asher Agbinone,Crystal Palace,MID,274,18,4.3,0.0,0
Asher Agbinone,Crystal Palace,MID,274,19,4.3,0.0,0
Asher Agbinone,Crystal Palace,MID,274,20,4.3,0.0,0
Asher Agbinone,Crystal Palace,MID,274,21,4.3,0.0,0
Asher Agbinone,Crystal Palace,MID,274,22,4.3,0.0,0
Asher Agbinone,Crystal Palace,MID,274,23,4.3,0.0,0
Asher Agbinone,Crystal Palace,MID,274,24,4.3,0.0,0
Asher Agbinone,Crystal Palace,MID,274,25,4.3,0.0,0
Asher Agbinone,Crystal Palace,MID,274,26,4.3,0.0,0
Asher Agbinone,Crystal Palace,MID,274,27,4.3,0.0,0
Asher Agbinone,Crystal Palace,MID,274,28,4.3,0.0,0
Naouirou Ahamada,Crystal Palace,MID,275,15,4.4,0.0,0
Naouirou Ahamada,Crystal Palace,MID,275,16,4.3,0.0,0
Naouirou Ahamada,Crystal Palace,MID,275,17,4.3,0.0,0
Naouirou Ahamada,Crystal Palace,MID,275,18,4.3,0.0,0
Naouirou Ahamada,Crystal Palace,MID,275,19,4.3,0.0,0
Naouirou Ahamada,Crystal Palace,MID,275,20,4.3,0.0,0
Naouirou Ahamada,Crystal Palace,MID,275,21,4.3,0.0,0
Naouirou Ahamada,Crystal Palace,MID,275,22,4.3,0.0,0
Naouirou Ahamada,Crystal Palace,MID,275,23,4.3,0.0,0
Naouirou Ahamada,Crystal Palace,MID,275,24,4.3,0.0,0
Naouirou Ahamada,Crystal Palace,MID,275,25,4.3,0.0,0
Naouirou Ahamada,Crystal Palace,MID,275,26,4.3,0.0,0
Naouirou Ahamada,Crystal Palace,MID,275,27,4.3,0.0,0
Naouirou Ahamada,Crystal Palace,MID,275,28,4.3,0.0,0
Justin Devenny,Crystal Palace,MID,276,15,4.3,0.37,1
Justin Devenny,Crystal Palace,MID,276,16,4.3,0.28,0
Justin Devenny,Crystal Palace,MID,276,17,4.3,0.6,6
Justin Devenny,Crystal Palace,MID,276,18,4.3,1.95,2
Justin Devenny,Crystal Palace,MID,276,19,4.3,2.27,2
Justin Devenny,Crystal Palace,MID,276,20,4.3,1.09,1
Justin Devenny,Crystal Palace,MID,276,21,4.3,2.61,3
Justin Devenny,Crystal Palace,MID,276,22,4.3,2.81,2
Justin Devenny,Crystal Palace,MID,276,23,4.3,1.08,0
Justin Devenny,Crystal Palace,MID,276,24,4.3,0.93,0
Justin Devenny,Crystal Palace,MID,276,25,4.3,0.47,0
Justin Devenny,Crystal Palace,MID,276,26,4.3,0.07,0
Justin Devenny,Crystal Palace,MID,276,27,4.3,0.03,0
Justin Devenny,Crystal Palace,MID,276,28,4.3,0.04,0
Malcolm Ebiowei,Crystal Palace,MID,277,15,4.5,0.0,0
Malcolm Ebiowei,Crystal Palace,MID,277,16,4.5,0.0,0
Malcolm Ebiowei,Crystal Palace,MID,277,17,4.5,0.0,0
Malcolm Ebiowei,Crystal Palace,MID,277,18,4.5,0.0,0
Malcolm Ebiowei,Crystal Palace,MID,277,19,4.5,0.0,0
Malcolm Ebiowei,Crystal Palace,MID,277,20,4.5,0.0,0
Malcolm Ebiowei,Crystal Palace,MID,277,21,4.5,0.0,0
Malcolm Ebiowei,Crystal Palace,MID,277,22,4.5,0.0,0
Malcolm Ebiowei,Crystal Palace,MID,277,23,4.5,0.0,0
Malcolm Ebiowei,Crystal Palace,MID,277,24,4.5,0.0,0
Malcolm Ebiowei,Crystal Palace,MID,277,25,4.5,0.0,0
Malcolm Ebiowei,Crystal Palace,MID,277,26,4.5,0.0,0
Malcolm Ebiowei,Crystal Palace,MID,277,27,4.5,0.0,0
Malcolm Ebiowei,Crystal Palace,MID,277,28,4.5,0.0,0
Jesurun Rak-Sakyi,Crystal Palace,MID,278,15,4.4,0.0,0
Jesurun Rak-Sakyi,Crystal Palace,MID,278,16,4.4,0.0,0
Jesurun Rak-Sakyi,Crystal Palace,MID,278,17,4.4,0.0,0
Jesurun Rak-Sakyi,Crystal Palace,MID,278,18,4.4,0.0,0
Jesurun Rak-Sakyi,Crystal Palace,MID,278,19,4.4,0.0,0
Jesurun Rak-Sakyi,Crystal Palace,MID,278,20,4.4,0.0,0
Jesurun Rak-Sakyi,Crystal Palace,MID,278,21,4.4,0.0,0
Jesurun Rak-Sakyi,Crystal Palace,MID,278,22,4.4,0.0,0
Jesurun Rak-Sakyi,Crystal Palace,MID,278,23,4.4,0.0,0
Jesurun Rak-Sakyi,Crystal Palace,MID,278,24,4.4,0.0,0
Jesurun Rak-Sakyi,Crystal Palace,MID,278,25,4.4,0.0,0
Jesurun Rak-Sakyi,Crystal Palace,MID,278,26,4.4,0.0,0
Jesurun Rak-Sakyi,Crystal Palace,MID,278,27,4.4,0.0,0
Jesurun Rak-Sakyi,Crystal Palace,MID,278,28,4.4,0.0,0
Matheus França de Oliveira,Crystal Palace,MID,279,15,4.5,0.0,0
Matheus França de Oliveira,Crystal Palace,MID,279,16,4.5,0.0,0
Matheus França de Oliveira,Crystal Palace,MID,279,17,4.5,0.0,0
Matheus França de Oliveira,Crystal Palace,MID,279,18,4.5,0.0,0
Matheus França de Oliveira,Crystal Palace,MID,279,19,4.5,0.0,0
Matheus França de Oliveira,Crystal Palace,MID,279,20,4.5,0.0,0
Matheus França de Oliveira,Crystal Palace,MID,279,21,4.5,0.0,0
Matheus França de Oliveira,Crystal Palace,MID,279,22,4.5,0.0,0
Matheus França de Oliveira,Crystal Palace,MID,279,23,4.5,0.0,0
Matheus França de Oliveira,Crystal Palace,MID,279,24,4.5,0.0,0
Matheus França de Oliveira,Crystal Palace,MID,279,25,4.5,0.0,0
Matheus França de Oliveira,Crystal Palace,MID,279,26,4.5,0.0,0
Matheus França de Oliveira,Crystal Palace,MID,279,27,4.5,0.0,0
Matheus França de Oliveira,Crystal Palace,MID,279,28,4.5,0.0,0
David Ozoh,Crystal Palace,MID,280,15,4.5,0.0,0
David Ozoh,Crystal Palace,MID,280,16,4.5,0.0,0
David Ozoh,Crystal Palace,MID,280,17,4.5,0.0,0
David Ozoh,Crystal Palace,MID,280,18,4.5,0.0,0
David Ozoh,Crystal Palace,MID,280,19,4.5,0.0,0
David Ozoh,Crystal Palace,MID,280,20,4.5,0.0,0
David Ozoh,Crystal Palace,MID,280,21,4.5,0.0,0
David Ozoh,Crystal Palace,MID,280,22,4.5,0.0,0
David Ozoh,Crystal Palace,MID,280,23,4.5,0.0,0
David Ozoh,Crystal Palace,MID,280,24,4.5,0.0,0
David Ozoh,Crystal Palace,MID,280,25,4.5,0.0,0
David Ozoh,Crystal Palace,MID,280,26,4.5,0.0,0
David Ozoh,Crystal Palace,MID,280,27,4.5,0.0,0
David Ozoh,Crystal Palace,MID,280,28,4.5,0.0,0
Kaden Rodney,Crystal Palace,MID,281,15,4.4,0.0,0
Kaden Rodney,Crystal Palace,MID,281,16,4.4,0.0,0
Kaden Rodney,Crystal Palace,MID,281,17,4.4,0.0,0
Kaden Rodney,Crystal Palace,MID,281,18,4.4,0.0,0
Kaden Rodney,Crystal Palace,MID,281,19,4.4,0.0,0
Kaden Rodney,Crystal Palace,MID,281,20,4.4,0.0,1
Kaden Rodney,Crystal Palace,MID,281,21,4.4,0.0,0
Kaden Rodney,Crystal Palace,MID,281,22,4.4,0.0,0
Kaden Rodney,Crystal Palace,MID,281,23,4.4,0.0,0
Kaden Rodney,Crystal Palace,MID,281,24,4.4,0.0,0
Kaden Rodney,Crystal Palace,MID,281,25,4.4,0.0,0
Kaden Rodney,Crystal Palace,MID,281,26,4.4,0.0,0
Kaden Rodney,Crystal Palace,MID,281,27,4.4,0.0,0
Kaden Rodney,Crystal Palace,MID,281,28,4.4,0.0,0
Franco Umeh-Chibueze,Crystal Palace,MID,282,15,4.5,0.0,0
Franco Umeh-Chibueze,Crystal Palace,MID,282,16,4.5,0.0,0
Franco Umeh-Chibueze,Crystal Palace,MID,282,17,4.5,0.0,0
Franco Umeh-Chibueze,Crystal Palace,MID,282,18,4.5,0.0,0
Franco Umeh-Chibueze,Crystal Palace,MID,282,19,4.5,0.0,0
Franco Umeh-Chibueze,Crystal Palace,MID,282,20,4.5,0.0,0
Franco Umeh-Chibueze,Crystal Palace,MID,282,21,4.5,0.0,0
Franco Umeh-Chibueze,Crystal Palace,MID,282,22,4.5,0.0,0
Franco Umeh-Chibueze,Crystal Palace,MID,282,23,4.5,0.0,0
Franco Umeh-Chibueze,Crystal Palace,MID,282,24,4.5,0.0,0
Franco Umeh-Chibueze,Crystal Palace,MID,282,25,4.5,0.0,0
Franco Umeh-Chibueze,Crystal Palace,MID,282,26,4.5,0.0,0
Franco Umeh-Chibueze,Crystal Palace,MID,282,27,4.5,0.0,0
Franco Umeh-Chibueze,Crystal Palace,MID,282,28,4.5,0.0,0
Jean-Philippe Mateta,Crystal Palace,FWD,283,15,8.1,4.95,2
Jean-Philippe Mateta,Crystal Palace,FWD,283,16,7.9,4.76,2
Jean-Philippe Mateta,Crystal Palace,FWD,283,17,7.8,4.76,2
Jean-Philippe Mateta,Crystal Palace,FWD,283,18,7.7,4.65,2
Jean-Philippe Mateta,Crystal Palace,FWD,283,19,7.7,4.77,9
Jean-Philippe Mateta,Crystal Palace,FWD,283,20,7.6,5.06,2
Jean-Philippe Mateta,Crystal Palace,FWD,283,21,7.6,5.01,2
Jean-Philippe Mateta,Crystal Palace,FWD,283,22,7.6,5.1,2
Jean-Philippe Mateta,Crystal Palace,FWD,283,23,7.5,4.88,2
Jean-Philippe Mateta,Crystal Palace,FWD,283,24,7.5,3.33,0
Jean-Philippe Mateta,Crystal Palace,FWD,283,25,7.5,2.77,0
Jean-Philippe Mateta,Crystal Palace,FWD,283,26,7.5,2.29,0
Jean-Philippe Mateta,Crystal Palace,FWD,283,27,7.5,1.97,0
Jean-Philippe Mateta,Crystal Palace,FWD,283,28,7.5,1.99,0
Eddie Nketiah,Crystal Palace,FWD,284,15,5.4,2.93,9
Eddie Nketiah,Crystal Palace,FWD,284,16,5.4,1.72,1
Eddie Nketiah,Crystal Palace,FWD,284,17,5.4,3.32,2
Eddie Nketiah,Crystal Palace,FWD,284,18,5.4,1.75,1
Eddie Nketiah,Crystal Palace,FWD,284,19,5.4,1.5,0
Eddie Nketiah,Crystal Palace,FWD,284,20,5.4,1.36,0
Eddie Nketiah,Crystal Palace,FWD,284,21,5.4,0.8,0
Eddie Nketiah,Crystal Palace,FWD,284,22,5.4,0.74,0
Eddie Nketiah,Crystal Palace,FWD,284,23,5.4,0.64,0
Eddie Nketiah,Crystal Palace,FWD,284,24,5.4,0.68,0
Eddie Nketiah,Crystal Palace,FWD,284,25,5.4,0.67,0
Eddie Nketiah,Crystal Palace,FWD,284,26,5.4,0.58,0
Eddie Nketiah,Crystal Palace,FWD,284,27,5.4,0.58,0
Eddie Nketiah,Crystal Palace,FWD,284,28,5.4,0.63,0
Odsonne Édouard,Crystal Palace,FWD,285,15,5.0,0.4,0
Odsonne Édouard,Crystal Palace,FWD,285,16,5.0,0.31,0
Odsonne Édouard,Crystal Palace,FWD,285,17,5.0,0.37,0
Odsonne Édouard,Crystal Palace,FWD,285,18,5.0,0.25,0
Odsonne Édouard,Crystal Palace,FWD,285,19,5.0,0.28,0
Odsonne Édouard,Crystal Palace,FWD,285,20,5.0,0.32,0
Odsonne Édouard,Crystal Palace,FWD,285,21,5.0,0.22,0
Odsonne Édouard,Crystal Palace,FWD,285,22,5.0,0.29,0
Odsonne Édouard,Crystal Palace,FWD,285,23,5.0,0.23,0
Odsonne Édouard,Crystal Palace,FWD,285,24,5.0,0.28,0
Odsonne Édouard,Crystal Palace,FWD,285,25,5.0,0.27,0
Odsonne Édouard,Crystal Palace,FWD,285,26,5.0,0.18,0
Odsonne Édouard,Crystal Palace,FWD,285,27,5.0,0.18,0
Odsonne Édouard,Crystal Palace,FWD,285,28,5.0,0.23,0
Zach Marsh,Crystal Palace,FWD,286,15,4.5,0.17,0
Zach Marsh,Crystal Palace,FWD,286,16,4.5,0.09,0
Zach Marsh,Crystal Palace,FWD,286,17,4.5,0.15,0
Zach Marsh,Crystal Palace,FWD,286,18,4.5,0.03,0
Zach Marsh,Crystal Palace,FWD,286,19,4.5,0.05,0
Zach Marsh,Crystal Palace,FWD,286,20,4.5,0.08,0
Zach Marsh,Crystal Palace,FWD,286,21,4.5,0.0,0
Zach Marsh,Crystal Palace,FWD,286,22,4.4,0.01,0
Zach Marsh,Crystal Palace,FWD,286,23,4.4,0.0,0
Zach Marsh,Crystal Palace,FWD,286,24,4.4,0.01,0
Zach Marsh,Crystal Palace,FWD,286,25,4.4,0.0,0
Zach Marsh,Crystal Palace,FWD,286,26,4.4,0.0,0
Zach Marsh,Crystal Palace,FWD,286,27,4.4,0.0,0
Zach Marsh,Crystal Palace,FWD,286,28,4.4,0.0,0
Jordan Pickford,Everton,GK,287,15,5.5,4.82,6
Jordan Pickford,Everton,GK,287,16,5.5,4.72,2
Jordan Pickford,Everton,GK,287,17,5.5,4.63,2
Jordan Pickford,Everton,GK,287,18,5.5,4.34,6
Jordan Pickford,Everton,GK,287,19,5.5,4.55,10
Jordan Pickford,Everton,GK,287,20,5.5,4.7,1
Jordan Pickford,Everton,GK,287,21,5.6,4.83,3
Jordan Pickford,Everton,GK,287,22,5.6,4.77,10
Jordan Pickford,Everton,GK,287,23,5.6,4.86,3
Jordan Pickford,Everton,GK,287,24,5.6,5.09,2
Jordan Pickford,Everton,GK,287,25,5.6,4.88,2
Jordan Pickford,Everton,GK,287,26,5.6,4.24,1
Jordan Pickford,Everton,GK,287,27,5.6,4.07,1
Jordan Pickford,Everton,GK,287,28,5.6,4.31,2
Mark Travers,Everton,GK,288,15,4.4,0.0,0
Mark Travers,Everton,GK,288,16,4.3,0.0,0
Mark Travers,Everton,GK,288,17,4.3,0.0,0
Mark Travers,Everton,GK,288,18,4.3,0.0,0
Mark Travers,Everton,GK,288,19,4.3,0.0,0
Mark Travers,Everton,GK,288,20,4.3,0.0,0
Mark Travers,Everton,GK,288,21,4.3,0.0,0
Mark Travers,Everton,GK,288,22,4.3,0.0,0
Mark Travers,Everton,GK,288,23,4.3,0.0,0
Mark Travers,Everton,GK,288,24,4.3,0.0,0
Mark Travers,Everton,GK,288,25,4.3,0.0,0
Mark Travers,Everton,GK,288,26,4.3,0.0,0
Mark Travers,Everton,GK,288,27,4.3,0.0,0
Mark Travers,Everton,GK,288,28,4.3,0.0,0
Harry Tyrer,Everton,GK,289,15,3.9,0.0,0
Harry Tyrer,Everton,GK,289,16,3.9,0.0,0
Harry Tyrer,Everton,GK,289,17,3.9,0.0,0
Harry Tyrer,Everton,GK,289,18,3.9,0.0,0
Harry Tyrer,Everton,GK,289,19,3.9,0.0,0
Harry Tyrer,Everton,GK,289,20,3.9,0.0,0
Harry Tyrer,Everton,GK,289,21,3.9,0.0,0
Harry Tyrer,Everton,GK,289,22,3.9,0.0,0
Harry Tyrer,Everton,GK,289,23,3.9,0.0,0
Harry Tyrer,Everton,GK,289,24,3.9,0.0,0
Harry Tyrer,Everton,GK,289,25,3.9,0.0,0
Harry Tyrer,Everton,GK,289,26,3.9,0.0,0
Harry Tyrer,Everton,GK,289,27,3.9,0.0,0
Harry Tyrer,Everton,GK,289,28,3.9,0.0,0
Jarrad Branthwaite,Everton,DEF,290,15,5.3,0.58,0
Jarrad Branthwaite,Everton,DEF,290,16,5.3,0.64,0
Jarrad Branthwaite,Everton,DEF,290,17,5.3,0.52,0
Jarrad Branthwaite,Everton,DEF,290,18,5.3,0.6,0
Jarrad Branthwaite,Everton,DEF,290,19,5.3,0.65,0
Jarrad Branthwaite,Everton,DEF,290,20,5.3,0.52,0
Jarrad Branthwaite,Everton,DEF,290,21,5.3,0.46,0
Jarrad Branthwaite,Everton,DEF,290,22,5.3,0.54,0
Jarrad Branthwaite,Everton,DEF,290,23,5.3,0.49,1
Jarrad Branthwaite,Everton,DEF,290,24,5.3,2.16,1
Jarrad Branthwaite,Everton,DEF,290,25,5.3,1.2,1
Jarrad Branthwaite,Everton,DEF,290,26,5.3,2.87,4
Jarrad Branthwaite,Everton,DEF,290,27,5.3,3.22,2
Jarrad Branthwaite,Everton,DEF,290,28,5.3,3.42,9
James Tarkowski,Everton,DEF,291,15,5.4,5.42,9
James Tarkowski,Everton,DEF,291,16,5.5,5.53,1
James Tarkowski,Everton,DEF,291,17,5.5,5.35,3
James Tarkowski,Everton,DEF,291,18,5.5,5.11,8
James Tarkowski,Everton,DEF,291,19,5.5,5.18,9
James Tarkowski,Everton,DEF,291,20,5.6,5.7,2
James Tarkowski,Everton,DEF,291,21,5.7,5.4,4
James Tarkowski,Everton,DEF,291,22,5.7,5.28,8
James Tarkowski,Everton,DEF,291,23,5.8,5.34,4
James Tarkowski,Everton,DEF,291,24,5.8,5.52,2
James Tarkowski,Everton,DEF,291,25,5.8,5.24,2
James Tarkowski,Everton,DEF,291,26,5.8,4.56,1
James Tarkowski,Everton,DEF,291,27,5.7,4.3,1
James Tarkowski,Everton,DEF,291,28,5.7,4.6,3
Vitalii Mykolenko,Everton,DEF,292,15,4.9,4.55,5
Vitalii Mykolenko,Everton,DEF,292,16,4.9,4.25,1
Vitalii Mykolenko,Everton,DEF,292,17,4.9,3.97,1
Vitalii Mykolenko,Everton,DEF,292,18,4.9,4.04,6
Vitalii Mykolenko,Everton,DEF,292,19,4.9,4.16,8
Vitalii Mykolenko,Everton,DEF,292,20,4.9,4.32,0
Vitalii Mykolenko,Everton,DEF,292,21,4.9,4.26,2
Vitalii Mykolenko,Everton,DEF,292,22,4.9,4.1,6
Vitalii Mykolenko,Everton,DEF,292,23,4.9,4.06,2
Vitalii Mykolenko,Everton,DEF,292,24,4.9,2.63,0
Vitalii Mykolenko,Everton,DEF,292,25,4.9,3.73,2
Vitalii Mykolenko,Everton,DEF,292,26,4.9,3.34,1
Vitalii Mykolenko,Everton,DEF,292,27,4.9,1.9,0
Vitalii Mykolenko,Everton,DEF,292,28,4.9,3.53,3
Jake O'Brien,Everton,DEF,293,15,4.9,4.15,8
Jake O'Brien,Everton,DEF,293,16,4.9,4.27,1
Jake O'Brien,Everton,DEF,293,17,4.9,4.52,2
Jake O'Brien,Everton,DEF,293,18,4.9,4.37,6
Jake O'Brien,Everton,DEF,293,19,4.9,4.33,8
Jake O'Brien,Everton,DEF,293,20,4.9,4.53,0
Jake O'Brien,Everton,DEF,293,21,4.9,4.39,2
Jake O'Brien,Everton,DEF,293,22,4.9,4.26,9
Jake O'Brien,Everton,DEF,293,23,4.9,4.45,4
Jake O'Brien,Everton,DEF,293,24,4.9,4.86,5
Jake O'Brien,Everton,DEF,293,25,4.9,5.11,3
Jake O'Brien,Everton,DEF,293,26,4.9,2.55,-2
Jake O'Brien,Everton,DEF,293,27,4.9,2.51,0
Jake O'Brien,Everton,DEF,293,28,4.9,3.24,1
Séamus Coleman,Everton,DEF,294,15,4.3,0.25,0
Séamus Coleman,Everton,DEF,294,16,4.3,0.24,0
Séamus Coleman,Everton,DEF,294,17,4.3,0.12,0
Séamus Coleman,Everton,DEF,294,18,4.3,0.18,0
Séamus Coleman,Everton,DEF,294,19,4.2,0.18,0
Séamus Coleman,Everton,DEF,294,20,4.2,0.06,0
Séamus Coleman,Everton,DEF,294,21,4.2,0.0,0
Séamus Coleman,Everton,DEF,294,22,4.2,0.08,0
Séamus Coleman,Everton,DEF,294,23,4.2,0.02,0
Séamus Coleman,Everton,DEF,294,24,4.2,0.11,0
Séamus Coleman,Everton,DEF,294,25,4.2,0.09,0
Séamus Coleman,Everton,DEF,294,26,4.2,0.0,0
Séamus Coleman,Everton,DEF,294,27,4.2,0.0,0
Séamus Coleman,Everton,DEF,294,28,4.2,0.06,0
Michael Keane,Everton,DEF,295,15,4.6,4.24,9
Michael Keane,Everton,DEF,295,16,4.6,4.2,1
Michael Keane,Everton,DEF,295,17,4.6,4.07,4
Michael Keane,Everton,DEF,295,18,4.7,4.82,10
Michael Keane,Everton,DEF,295,19,4.8,3.44,0
Michael Keane,Everton,DEF,295,20,4.8,4.22,0
Michael Keane,Everton,DEF,295,21,4.8,2.14,5
Michael Keane,Everton,DEF,295,22,4.8,2.14,0
Michael Keane,Everton,DEF,295,23,4.7,1.99,0
Michael Keane,Everton,DEF,295,24,4.7,3.36,2
Michael Keane,Everton,DEF,295,25,4.7,3.48,4
Michael Keane,Everton,DEF,295,26,4.7,2.3,1
Michael Keane,Everton,DEF,295,27,4.7,3.94,2
Michael Keane,Everton,DEF,295,28,4.6,2.43,1
Nathan Patterson,Everton,DEF,296,15,4.4,0.2,0
Nathan Patterson,Everton,DEF,296,16,4.4,0.25,0
Nathan Patterson,Everton,DEF,296,17,4.4,0.13,0
Nathan Patterson,Everton,DEF,296,18,4.4,0.23,1
Nathan Patterson,Everton,DEF,296,19,4.4,2.05,8
Nathan Patterson,Everton,DEF,296,20,4.4,1.11,0
Nathan Patterson,Everton,DEF,296,21,4.4,0.98,1
Nathan Patterson,Everton,DEF,296,22,4.4,2.76,8
Nathan Patterson,Everton,DEF,296,23,4.4,2.99,2
Nathan Patterson,Everton,DEF,296,24,4.4,1.75,1
Nathan Patterson,Everton,DEF,296,25,4.4,1.59,0
Nathan Patterson,Everton,DEF,296,26,4.4,0.83,0
Nathan Patterson,Everton,DEF,296,27,4.4,0.51,0
Nathan Patterson,Everton,DEF,296,28,4.4,0.41,0
Roman Dixon,Everton,DEF,297,15,3.9,0.0,0
Roman Dixon,Everton,DEF,297,16,3.8,0.0,0
Roman Dixon,Everton,DEF,297,17,3.8,0.0,0
Roman Dixon,Everton,DEF,297,18,3.8,0.0,0
Roman Dixon,Everton,DEF,297,19,3.8,0.0,0
Roman Dixon,Everton,DEF,297,20,3.8,0.0,0
Roman Dixon,Everton,DEF,297,21,3.8,0.0,0
Roman Dixon,Everton,DEF,297,22,3.8,0.0,0
Roman Dixon,Everton,DEF,297,23,3.8,0.0,0
Roman Dixon,Everton,DEF,297,24,3.8,0.0,0
Roman Dixon,Everton,DEF,297,25,3.8,0.0,0
Roman Dixon,Everton,DEF,297,26,3.8,0.0,0
Roman Dixon,Everton,DEF,297,27,3.8,0.0,0
Roman Dixon,Everton,DEF,297,28,3.8,0.0,0
Reece Welch,Everton,DEF,298,15,3.9,0.0,0
Reece Welch,Everton,DEF,298,16,3.8,0.0,0
Reece Welch,Everton,DEF,298,17,3.8,0.0,0
Reece Welch,Everton,DEF,298,18,3.8,0.0,0
Reece Welch,Everton,DEF,298,19,3.8,0.0,0
Reece Welch,Everton,DEF,298,20,3.8,0.0,0
Reece Welch,Everton,DEF,298,21,3.8,0.0,0
Reece Welch,Everton,DEF,298,22,3.8,0.0,0
Reece Welch,Everton,DEF,298,23,3.8,0.0,0
Reece Welch,Everton,DEF,298,24,3.8,0.0,0
Reece Welch,Everton,DEF,298,25,3.8,0.0,0
Reece Welch,Everton,DEF,298,26,3.8,0.0,0
Reece Welch,Everton,DEF,298,27,3.8,0.0,0
Reece Welch,Everton,DEF,298,28,3.8,0.0,0
Iliman Ndiaye,Everton,MID,299,15,6.5,4.42,8
Iliman Ndiaye,Everton,MID,299,16,6.4,4.73,2
Iliman Ndiaye,Everton,MID,299,17,6.3,2.97,0
Iliman Ndiaye,Everton,MID,299,18,6.3,2.56,0
Iliman Ndiaye,Everton,MID,299,19,6.2,1.84,0
Iliman Ndiaye,Everton,MID,299,20,6.2,1.37,0
Iliman Ndiaye,Everton,MID,299,21,6.2,1.17,0
Iliman Ndiaye,Everton,MID,299,22,6.2,1.22,0
Iliman Ndiaye,Everton,MID,299,23,6.2,2.87,2
Iliman Ndiaye,Everton,MID,299,24,6.2,3.28,2
Iliman Ndiaye,Everton,MID,299,25,6.2,3.64,2
Iliman Ndiaye,Everton,MID,299,26,6.2,4.06,9
Iliman Ndiaye,Everton,MID,299,27,6.2,4.32,2
Iliman Ndiaye,Everton,MID,299,28,6.2,4.45,4
Dwight McNeil,Everton,MID,300,15,5.5,0.71,1
Dwight McNeil,Everton,MID,300,16,5.5,0.8,0
Dwight McNeil,Everton,MID,300,17,5.5,2.2,2
Dwight McNeil,Everton,MID,300,18,5.5,2.63,5
Dwight McNeil,Everton,MID,300,19,5.5,3.17,6
Dwight McNeil,Everton,MID,300,20,5.5,2.25,1
Dwight McNeil,Everton,MID,300,21,5.5,3.63,2
Dwight McNeil,Everton,MID,300,22,5.5,3.54,5
Dwight McNeil,Everton,MID,300,23,5.5,1.98,1
Dwight McNeil,Everton,MID,300,24,5.5,1.99,0
Dwight McNeil,Everton,MID,300,25,5.5,1.49,0
Dwight McNeil,Everton,MID,300,26,5.5,0.75,0
Dwight McNeil,Everton,MID,300,27,5.5,0.55,0
Dwight McNeil,Everton,MID,300,28,5.5,2.23,6
Carlos Alcaraz Durán,Everton,MID,301,15,5.2,2.95,3
Carlos Alcaraz Durán,Everton,MID,301,16,5.2,3.38,2
Carlos Alcaraz Durán,Everton,MID,301,17,5.2,3.49,2
Carlos Alcaraz Durán,Everton,MID,301,18,5.2,3.39,3
Carlos Alcaraz Durán,Everton,MID,301,19,5.2,1.74,0
Carlos Alcaraz Durán,Everton,MID,301,20,5.2,1.16,0
Carlos Alcaraz Durán,Everton,MID,301,21,5.2,0.72,0
Carlos Alcaraz Durán,Everton,MID,301,22,5.2,0.47,0
Carlos Alcaraz Durán,Everton,MID,301,23,5.2,0.39,0
Carlos Alcaraz Durán,Everton,MID,301,24,5.2,0.43,1
Carlos Alcaraz Durán,Everton,MID,301,25,5.2,0.5,0
Carlos Alcaraz Durán,Everton,MID,301,26,5.2,0.41,0
Carlos Alcaraz Durán,Everton,MID,301,27,5.2,0.39,0
Carlos Alcaraz Durán,Everton,MID,301,28,5.2,0.4,0
Idrissa Gana Gueye,Everton,MID,302,15,5.4,0.72,0
Idrissa Gana Gueye,Everton,MID,302,16,5.4,2.54,4
Idrissa Gana Gueye,Everton,MID,302,17,5.4,1.1,0
Idrissa Gana Gueye,Everton,MID,302,18,5.4,1.2,0
Idrissa Gana Gueye,Everton,MID,302,19,5.4,1.25,0
Idrissa Gana Gueye,Everton,MID,302,20,5.4,0.72,0
Idrissa Gana Gueye,Everton,MID,302,21,5.4,0.65,0
Idrissa Gana Gueye,Everton,MID,302,22,5.4,0.66,0
Idrissa Gana Gueye,Everton,MID,302,23,5.4,2.31,6
Idrissa Gana Gueye,Everton,MID,302,24,5.4,3.08,2
Idrissa Gana Gueye,Everton,MID,302,25,5.4,3.15,1
Idrissa Gana Gueye,Everton,MID,302,26,5.4,3.76,2
Idrissa Gana Gueye,Everton,MID,302,27,5.4,3.53,2
Idrissa Gana Gueye,Everton,MID,302,28,5.4,3.68,2
James Garner,Everton,MID,303,15,5.0,3.93,3
James Garner,Everton,MID,303,16,5.0,3.83,4
James Garner,Everton,MID,303,17,5.0,3.92,4
James Garner,Everton,MID,303,18,5.0,4.14,5
James Garner,Everton,MID,303,19,5.0,4.54,16
James Garner,Everton,MID,303,20,5.1,5.35,4
James Garner,Everton,MID,303,21,5.1,5.19,6
James Garner,Everton,MID,303,22,5.2,5.38,4
James Garner,Everton,MID,303,23,5.2,4.99,2
James Garner,Everton,MID,303,24,5.2,4.88,4
James Garner,Everton,MID,303,25,5.2,4.57,4
James Garner,Everton,MID,303,26,5.2,4.49,2
James Garner,Everton,MID,303,27,5.2,4.43,2
James Garner,Everton,MID,303,28,5.2,4.42,6
Tim Iroegbunam,Everton,MID,304,15,4.8,1.23,0
Tim Iroegbunam,Everton,MID,304,16,4.8,1.2,1
Tim Iroegbunam,Everton,MID,304,17,4.8,2.58,4
Tim Iroegbunam,Everton,MID,304,18,4.8,2.7,4
Tim Iroegbunam,Everton,MID,304,19,4.8,3.42,5
Tim Iroegbunam,Everton,MID,304,20,4.8,3.89,4
Tim Iroegbunam,Everton,MID,304,21,4.8,3.94,7
Tim Iroegbunam,Everton,MID,304,22,4.8,2.68,0
Tim Iroegbunam,Everton,MID,304,23,4.8,1.9,0
Tim Iroegbunam,Everton,MID,304,24,4.8,1.45,0
Tim Iroegbunam,Everton,MID,304,25,4.8,0.82,1
Tim Iroegbunam,Everton,MID,304,26,4.8,0.74,0
Tim Iroegbunam,Everton,MID,304,27,4.8,2.23,2
Tim Iroegbunam,Everton,MID,304,28,4.8,0.92,0
Harrison Armstrong,Everton,MID,305,15,4.5,0.0,0
Harrison Armstrong,Everton,MID,305,16,4.5,0.0,0
Harrison Armstrong,Everton,MID,305,17,4.5,0.0,0
Harrison Armstrong,Everton,MID,305,18,4.5,0.0,0
Harrison Armstrong,Everton,MID,305,19,4.5,0.0,0
Harrison Armstrong,Everton,MID,305,20,4.5,0.0,1
Harrison Armstrong,Everton,MID,305,21,4.5,1.54,4
Harrison Armstrong,Everton,MID,305,22,4.5,2.16,3
Harrison Armstrong,Everton,MID,305,23,4.5,1.0,1
Harrison Armstrong,Everton,MID,305,24,4.5,2.8,2
Harrison Armstrong,Everton,MID,305,25,4.5,2.72,2
Harrison Armstrong,Everton,MID,305,26,4.5,0.94,1
Harrison Armstrong,Everton,MID,305,27,4.5,2.43,2
Harrison Armstrong,Everton,MID,305,28,4.5,0.88,1
Callum Bates,Everton,MID,306,15,4.4,0.0,0
Callum Bates,Everton,MID,306,16,4.4,0.0,0
Callum Bates,Everton,MID,306,17,4.3,0.0,0
Callum Bates,Everton,MID,306,18,4.3,0.0,0
Callum Bates,Everton,MID,306,19,4.3,0.0,0
Callum Bates,Everton,MID,306,20,4.3,0.0,0
Callum Bates,Everton,MID,306,21,4.3,0.0,0
Callum Bates,Everton,MID,306,22,4.3,0.0,0
Callum Bates,Everton,MID,306,23,4.3,0.0,0
Callum Bates,Everton,MID,306,24,4.3,0.0,0
Callum Bates,Everton,MID,306,25,4.3,0.0,0
Callum Bates,Everton,MID,306,26,4.3,0.0,0
Callum Bates,Everton,MID,306,27,4.3,0.0,0
Callum Bates,Everton,MID,306,28,4.3,0.0,0
Coby Ebere,Everton,MID,307,15,4.4,0.0,0
Coby Ebere,Everton,MID,307,16,4.4,0.0,0
Coby Ebere,Everton,MID,307,17,4.4,0.0,0
Coby Ebere,Everton,MID,307,18,4.4,0.0,0
Coby Ebere,Everton,MID,307,19,4.4,0.0,0
Coby Ebere,Everton,MID,307,20,4.4,0.0,0
Coby Ebere,Everton,MID,307,21,4.4,0.0,0
Coby Ebere,Everton,MID,307,22,4.4,0.0,0
Coby Ebere,Everton,MID,307,23,4.4,0.0,0
Coby Ebere,Everton,MID,307,24,4.4,0.0,0
Coby Ebere,Everton,MID,307,25,4.4,0.0,0
Coby Ebere,Everton,MID,307,26,4.4,0.0,0
Coby Ebere,Everton,MID,307,27,4.4,0.0,0
Coby Ebere,Everton,MID,307,28,4.4,0.0,0
Isaac Heath,Everton,MID,308,15,4.5,0.0,0
Isaac Heath,Everton,MID,308,16,4.5,0.0,0
Isaac Heath,Everton,MID,308,17,4.5,0.0,0
Isaac Heath,Everton,MID,308,18,4.5,0.0,0
Isaac Heath,Everton,MID,308,19,4.5,0.0,0
Isaac Heath,Everton,MID,308,20,4.5,0.0,0
Isaac Heath,Everton,MID,308,21,4.5,0.0,0
Isaac Heath,Everton,MID,308,22,4.5,0.0,0
Isaac Heath,Everton,MID,308,23,4.5,0.0,0
Isaac Heath,Everton,MID,308,24,4.5,0.0,0
Isaac Heath,Everton,MID,308,25,4.5,0.0,0
Isaac Heath,Everton,MID,308,26,4.5,0.0,0
Isaac Heath,Everton,MID,308,27,4.5,0.0,0
Isaac Heath,Everton,MID,308,28,4.5,0.0,0
Jenson Metcalfe,Everton,MID,309,15,4.5,0.0,0
Jenson Metcalfe,Everton,MID,309,16,4.5,0.0,0
Jenson Metcalfe,Everton,MID,309,17,4.5,0.0,0
Jenson Metcalfe,Everton,MID,309,18,4.5,0.0,0
Jenson Metcalfe,Everton,MID,309,19,4.5,0.0,0
Jenson Metcalfe,Everton,MID,309,20,4.5,0.0,0
Jenson Metcalfe,Everton,MID,309,21,4.5,0.0,0
Jenson Metcalfe,Everton,MID,309,22,4.5,0.0,0
Jenson Metcalfe,Everton,MID,309,23,4.5,0.0,0
Jenson Metcalfe,Everton,MID,309,24,4.5,0.0,0
Jenson Metcalfe,Everton,MID,309,25,4.5,0.0,0
Jenson Metcalfe,Everton,MID,309,26,4.5,0.0,0
Jenson Metcalfe,Everton,MID,309,27,4.5,0.0,0
Jenson Metcalfe,Everton,MID,309,28,4.5,0.0,0
Thierno Barry,Everton,FWD,310,15,5.7,3.66,5
Thierno Barry,Everton,FWD,310,16,5.7,3.8,2
Thierno Barry,Everton,FWD,310,17,5.7,3.61,2
Thierno Barry,Everton,FWD,310,18,5.7,2.09,1
Thierno Barry,Everton,FWD,310,19,5.7,3.55,6
Thierno Barry,Everton,FWD,310,20,5.7,3.62,6
Thierno Barry,Everton,FWD,310,21,5.7,3.79,2
Thierno Barry,Everton,FWD,310,22,5.7,4.08,8
Thierno Barry,Everton,FWD,310,23,5.7,4.38,9
Thierno Barry,Everton,FWD,310,24,5.7,4.81,2
Thierno Barry,Everton,FWD,310,25,5.7,4.63,2
Thierno Barry,Everton,FWD,310,26,5.7,4.25,2
Thierno Barry,Everton,FWD,310,27,5.7,4.04,2
Thierno Barry,Everton,FWD,310,28,5.7,2.77,6
Norberto Bercique Gomes Betuncal,Everton,FWD,311,15,5.1,0.96,1
Norberto Bercique Gomes Betuncal,Everton,FWD,311,16,5.0,1.03,1
Norberto Bercique Gomes Betuncal,Everton,FWD,311,17,5.0,0.99,1
Norberto Bercique Gomes Betuncal,Everton,FWD,311,18,5.0,2.73,2
Norberto Bercique Gomes Betuncal,Everton,FWD,311,19,5.0,1.34,1
Norberto Bercique Gomes Betuncal,Everton,FWD,311,20,5.0,1.51,5
Norberto Bercique Gomes Betuncal,Everton,FWD,311,21,5.0,1.31,1
Norberto Bercique Gomes Betuncal,Everton,FWD,311,22,5.0,1.15,1
Norberto Bercique Gomes Betuncal,Everton,FWD,311,23,5.0,1.11,1
Norberto Bercique Gomes Betuncal,Everton,FWD,311,24,5.0,1.44,7
Norberto Bercique Gomes Betuncal,Everton,FWD,311,25,5.0,1.31,1
Norberto Bercique Gomes Betuncal,Everton,FWD,311,26,5.0,1.2,0
Norberto Bercique Gomes Betuncal,Everton,FWD,311,27,5.0,1.26,1
Norberto Bercique Gomes Betuncal,Everton,FWD,311,28,5.0,3.0,9
Youssef Ramalho Chermiti,Everton,FWD,312,15,4.9,0.28,0
Youssef Ramalho Chermiti,Everton,FWD,312,16,4.9,0.33,0
Youssef Ramalho Chermiti,Everton,FWD,312,17,4.9,0.22,0
Youssef Ramalho Chermiti,Everton,FWD,312,18,4.9,0.3,0
Youssef Ramalho Chermiti,Everton,FWD,312,19,4.9,0.35,0
Youssef Ramalho Chermiti,Everton,FWD,312,20,4.9,0.22,0
Youssef Ramalho Chermiti,Everton,FWD,312,21,4.9,0.16,0
Youssef Ramalho Chermiti,Everton,FWD,312,22,4.9,0.24,0
Youssef Ramalho Chermiti,Everton,FWD,312,23,4.9,0.18,0
Youssef Ramalho Chermiti,Everton,FWD,312,24,4.9,0.26,0
Youssef Ramalho Chermiti,Everton,FWD,312,25,4.9,0.24,0
Youssef Ramalho Chermiti,Everton,FWD,312,26,4.9,0.15,0
Youssef Ramalho Chermiti,Everton,FWD,312,27,4.9,0.13,0
Youssef Ramalho Chermiti,Everton,FWD,312,28,4.9,0.21,0
Martin Sherif,Everton,FWD,313,15,4.4,0.05,0
Martin Sherif,Everton,FWD,313,16,4.4,0.11,0
Martin Sherif,Everton,FWD,313,17,4.4,0.0,0
Martin Sherif,Everton,FWD,313,18,4.4,0.07,0
Martin Sherif,Everton,FWD,313,19,4.4,0.13,0
Martin Sherif,Everton,FWD,313,20,4.4,0.0,0
Martin Sherif,Everton,FWD,313,21,4.4,0.0,0
Martin Sherif,Everton,FWD,313,22,4.4,0.01,0
Martin Sherif,Everton,FWD,313,23,4.4,0.0,0
Martin Sherif,Everton,FWD,313,24,4.4,0.05,0
Martin Sherif,Everton,FWD,313,25,4.4,0.03,0
Martin Sherif,Everton,FWD,313,26,4.4,0.0,0
Martin Sherif,Everton,FWD,313,27,4.4,0.0,0
Martin Sherif,Everton,FWD,313,28,4.4,0.0,0
Bernd Leno,Fulham,GK,314,15,4.9,3.56,2
Bernd Leno,Fulham,GK,314,16,4.9,3.42,3
Bernd Leno,Fulham,GK,314,17,4.9,3.42,7
Bernd Leno,Fulham,GK,314,18,4.9,4.05,6
Bernd Leno,Fulham,GK,314,19,4.9,4.38,2
Bernd Leno,Fulham,GK,314,20,4.9,3.99,1
Bernd Leno,Fulham,GK,314,21,4.9,3.89,3
Bernd Leno,Fulham,GK,314,22,4.9,3.81,3
Bernd Leno,Fulham,GK,314,23,4.9,3.77,3
Bernd Leno,Fulham,GK,314,24,4.9,3.96,2
Bernd Leno,Fulham,GK,314,25,4.9,3.53,-1
Bernd Leno,Fulham,GK,314,26,4.9,3.22,1
Bernd Leno,Fulham,GK,314,27,4.9,3.37,2
Bernd Leno,Fulham,GK,314,28,4.9,3.32,2
Steven Benda,Fulham,GK,315,15,4.0,0.0,0
Steven Benda,Fulham,GK,315,16,4.0,0.0,0
Steven Benda,Fulham,GK,315,17,4.0,0.0,0
Steven Benda,Fulham,GK,315,18,4.0,0.0,0
Steven Benda,Fulham,GK,315,19,4.0,0.0,0
Steven Benda,Fulham,GK,315,20,4.0,0.0,0
Steven Benda,Fulham,GK,315,21,4.0,0.0,0
Steven Benda,Fulham,GK,315,22,4.0,0.0,0
Steven Benda,Fulham,GK,315,23,4.0,0.0,0
Steven Benda,Fulham,GK,315,24,4.0,0.0,0
Steven Benda,Fulham,GK,315,25,4.0,0.0,0
Steven Benda,Fulham,GK,315,26,4.0,0.0,0
Steven Benda,Fulham,GK,315,27,4.0,0.0,0
Steven Benda,Fulham,GK,315,28,4.0,0.0,0
Antonee Robinson,Fulham,DEF,316,15,4.9,0.37,0
Antonee Robinson,Fulham,DEF,316,16,4.9,2.07,3
Antonee Robinson,Fulham,DEF,316,17,4.9,2.62,10
Antonee Robinson,Fulham,DEF,316,18,4.9,3.73,8
Antonee Robinson,Fulham,DEF,316,19,4.9,4.62,2
Antonee Robinson,Fulham,DEF,316,20,4.9,4.22,1
Antonee Robinson,Fulham,DEF,316,21,4.9,3.94,2
Antonee Robinson,Fulham,DEF,316,22,4.9,3.68,2
Antonee Robinson,Fulham,DEF,316,23,4.9,1.86,1
Antonee Robinson,Fulham,DEF,316,24,4.9,3.04,1
Antonee Robinson,Fulham,DEF,316,25,4.9,1.55,0
Antonee Robinson,Fulham,DEF,316,26,4.9,1.2,0
Antonee Robinson,Fulham,DEF,316,27,4.9,0.97,0
Antonee Robinson,Fulham,DEF,316,28,4.9,0.65,0
Joachim Andersen,Fulham,DEF,317,15,4.5,3.93,1
Joachim Andersen,Fulham,DEF,317,16,4.6,3.92,2
Joachim Andersen,Fulham,DEF,317,17,4.6,3.76,7
Joachim Andersen,Fulham,DEF,317,18,4.6,4.35,5
Joachim Andersen,Fulham,DEF,317,19,4.6,4.74,3
Joachim Andersen,Fulham,DEF,317,20,4.6,4.83,3
Joachim Andersen,Fulham,DEF,317,21,4.6,4.56,2
Joachim Andersen,Fulham,DEF,317,22,4.6,4.34,2
Joachim Andersen,Fulham,DEF,317,23,4.6,4.14,8
Joachim Andersen,Fulham,DEF,317,24,4.6,4.24,0
Joachim Andersen,Fulham,DEF,317,25,4.6,4.08,1
Joachim Andersen,Fulham,DEF,317,26,4.6,4.28,2
Joachim Andersen,Fulham,DEF,317,27,4.5,4.07,4
Joachim Andersen,Fulham,DEF,317,28,4.5,2.6,0
Calvin Bassey,Fulham,DEF,318,15,4.5,4.2,3
Calvin Bassey,Fulham,DEF,318,16,4.5,4.13,9
Calvin Bassey,Fulham,DEF,318,17,4.5,2.48,0
Calvin Bassey,Fulham,DEF,318,18,4.5,2.08,0
Calvin Bassey,Fulham,DEF,318,19,4.5,1.54,0
Calvin Bassey,Fulham,DEF,318,20,4.4,0.98,0
Calvin Bassey,Fulham,DEF,318,21,4.4,0.96,0
Calvin Bassey,Fulham,DEF,318,22,4.4,0.82,0
Calvin Bassey,Fulham,DEF,318,23,4.4,0.78,0
Calvin Bassey,Fulham,DEF,318,24,4.4,0.83,1
Calvin Bassey,Fulham,DEF,318,25,4.4,0.83,0
Calvin Bassey,Fulham,DEF,318,26,4.4,2.2,1
Calvin Bassey,Fulham,DEF,318,27,4.4,2.88,7
Calvin Bassey,Fulham,DEF,318,28,4.4,3.23,1
Timothy Castagne,Fulham,DEF,319,15,4.3,2.16,1
Timothy Castagne,Fulham,DEF,319,16,4.3,1.2,1
Timothy Castagne,Fulham,DEF,319,17,4.3,1.1,0
Timothy Castagne,Fulham,DEF,319,18,4.3,0.85,1
Timothy Castagne,Fulham,DEF,319,19,4.3,0.59,0
Timothy Castagne,Fulham,DEF,319,20,4.3,1.96,1
Timothy Castagne,Fulham,DEF,319,21,4.3,2.28,1
Timothy Castagne,Fulham,DEF,319,22,4.3,2.63,1
Timothy Castagne,Fulham,DEF,319,23,4.3,3.09,4
Timothy Castagne,Fulham,DEF,319,24,4.3,3.06,1
Timothy Castagne,Fulham,DEF,319,25,4.3,3.21,2
Timothy Castagne,Fulham,DEF,319,26,4.3,1.6,0
Timothy Castagne,Fulham,DEF,319,27,4.3,1.13,1
Timothy Castagne,Fulham,DEF,319,28,4.3,0.84,0
Issa Diop,Fulham,DEF,320,15,4.3,0.11,0
Issa Diop,Fulham,DEF,320,16,4.3,0.18,0
Issa Diop,Fulham,DEF,320,17,4.3,0.15,1
Issa Diop,Fulham,DEF,320,18,4.3,0.34,1
Issa Diop,Fulham,DEF,320,19,4.3,0.38,0
Issa Diop,Fulham,DEF,320,20,4.3,1.68,1
Issa Diop,Fulham,DEF,320,21,4.3,2.21,2
Issa Diop,Fulham,DEF,320,22,4.3,0.94,1
Issa Diop,Fulham,DEF,320,23,4.3,0.94,0
Issa Diop,Fulham,DEF,320,24,4.3,0.67,0
Issa Diop,Fulham,DEF,320,25,4.3,0.25,0
Issa Diop,Fulham,DEF,320,26,4.3,0.22,0
Issa Diop,Fulham,DEF,320,27,4.3,0.19,0
Issa Diop,Fulham,DEF,320,28,4.3,1.46,1
Jorge Cuenca Barreno,Fulham,DEF,321,15,4.3,0.15,0
Jorge Cuenca Barreno,Fulham,DEF,321,16,4.3,0.21,0
Jorge Cuenca Barreno,Fulham,DEF,321,17,4.3,1.84,5
Jorge Cuenca Barreno,Fulham,DEF,321,18,4.3,2.71,9
Jorge Cuenca Barreno,Fulham,DEF,321,19,4.3,3.63,3
Jorge Cuenca Barreno,Fulham,DEF,321,20,4.3,4.19,3
Jorge Cuenca Barreno,Fulham,DEF,321,21,4.3,2.38,0
Jorge Cuenca Barreno,Fulham,DEF,321,22,4.3,3.51,3
Jorge Cuenca Barreno,Fulham,DEF,321,23,4.3,3.45,4
Jorge Cuenca Barreno,Fulham,DEF,321,24,4.3,3.2,1
Jorge Cuenca Barreno,Fulham,DEF,321,25,4.3,3.51,2
Jorge Cuenca Barreno,Fulham,DEF,321,26,4.3,1.83,0
Jorge Cuenca Barreno,Fulham,DEF,321,27,4.3,1.36,1
Jorge Cuenca Barreno,Fulham,DEF,321,28,4.3,1.07,1
Kenny Tete,Fulham,DEF,322,15,4.5,4.15,3
Kenny Tete,Fulham,DEF,322,16,4.5,4.13,2
Kenny Tete,Fulham,DEF,322,17,4.5,3.79,9
Kenny Tete,Fulham,DEF,322,18,4.5,4.65,6
Kenny Tete,Fulham,DEF,322,19,4.5,3.07,1
Kenny Tete,Fulham,DEF,322,20,4.5,2.73,0
Kenny Tete,Fulham,DEF,322,21,4.5,1.9,0
Kenny Tete,Fulham,DEF,322,22,4.5,1.39,0
Kenny Tete,Fulham,DEF,322,23,4.5,1.02,0
Kenny Tete,Fulham,DEF,322,24,4.5,0.96,0
Kenny Tete,Fulham,DEF,322,25,4.5,0.89,1
Kenny Tete,Fulham,DEF,322,26,4.5,2.35,1
Kenny Tete,Fulham,DEF,322,27,4.5,2.98,4
Kenny Tete,Fulham,DEF,322,28,4.5,3.45,2
Samuel Amissah,Fulham,DEF,323,15,3.8,0.0,0
Samuel Amissah,Fulham,DEF,323,16,3.8,0.0,0
Samuel Amissah,Fulham,DEF,323,17,3.8,0.0,0
Samuel Amissah,Fulham,DEF,323,18,3.8,0.0,0
Samuel Amissah,Fulham,DEF,323,19,3.8,0.0,0
Samuel Amissah,Fulham,DEF,323,20,3.8,0.0,0
Samuel Amissah,Fulham,DEF,323,21,3.8,0.0,0
Samuel Amissah,Fulham,DEF,323,22,3.8,0.0,0
Samuel Amissah,Fulham,DEF,323,23,3.8,0.0,0
Samuel Amissah,Fulham,DEF,323,24,3.8,0.0,0
Samuel Amissah,Fulham,DEF,323,25,3.8,0.0,0
Samuel Amissah,Fulham,DEF,323,26,3.8,0.0,0
Samuel Amissah,Fulham,DEF,323,27,3.8,0.0,0
Samuel Amissah,Fulham,DEF,323,28,3.8,0.0,0
Alex Iwobi,Fulham,MID,324,15,6.4,4.16,2
Alex Iwobi,Fulham,MID,324,16,6.4,4.2,2
Alex Iwobi,Fulham,MID,324,17,6.4,2.44,0
Alex Iwobi,Fulham,MID,324,18,6.3,2.03,0
Alex Iwobi,Fulham,MID,324,19,6.3,1.62,0
Alex Iwobi,Fulham,MID,324,20,6.3,1.17,0
Alex Iwobi,Fulham,MID,324,21,6.3,1.15,0
Alex Iwobi,Fulham,MID,324,22,6.3,1.13,0
Alex Iwobi,Fulham,MID,324,23,6.3,2.71,2
Alex Iwobi,Fulham,MID,324,24,6.3,3.11,2
Alex Iwobi,Fulham,MID,324,25,6.3,3.46,4
Alex Iwobi,Fulham,MID,324,26,6.3,4.05,2
Alex Iwobi,Fulham,MID,324,27,6.3,4.23,13
Alex Iwobi,Fulham,MID,324,28,6.3,4.91,10
Emile Smith Rowe,Fulham,MID,325,15,5.6,2.96,2
Emile Smith Rowe,Fulham,MID,325,16,5.6,3.38,8
Emile Smith Rowe,Fulham,MID,325,17,5.6,3.89,3
Emile Smith Rowe,Fulham,MID,325,18,5.6,3.94,3
Emile Smith Rowe,Fulham,MID,325,19,5.6,3.73,1
Emile Smith Rowe,Fulham,MID,325,20,5.6,3.76,2
Emile Smith Rowe,Fulham,MID,325,21,5.6,3.75,5
Emile Smith Rowe,Fulham,MID,325,22,5.6,3.89,3
Emile Smith Rowe,Fulham,MID,325,23,5.6,3.85,2
Emile Smith Rowe,Fulham,MID,325,24,5.6,3.89,2
Emile Smith Rowe,Fulham,MID,325,25,5.6,3.6,2
Emile Smith Rowe,Fulham,MID,325,26,5.6,1.99,1
Emile Smith Rowe,Fulham,MID,325,27,5.6,3.46,2
Emile Smith Rowe,Fulham,MID,325,28,5.6,3.44,2
Adama Traoré Diarra,Fulham,MID,326,15,5.1,0.22,1
Adama Traoré Diarra,Fulham,MID,326,16,5.1,0.35,1
Adama Traoré Diarra,Fulham,MID,326,17,5.1,0.38,1
Adama Traoré Diarra,Fulham,MID,326,18,5.1,0.61,0
Adama Traoré Diarra,Fulham,MID,326,19,5.1,0.48,1
Adama Traoré Diarra,Fulham,MID,326,20,5.1,0.46,1
Adama Traoré Diarra,Fulham,MID,326,21,5.1,0.47,1
Adama Traoré Diarra,Fulham,MID,326,22,5.1,0.58,0
Adama Traoré Diarra,Fulham,MID,326,23,5.1,0.4,0
Adama Traoré Diarra,West Ham,MID,326,24,5.1,0.35,0
Adama Traoré Diarra,West Ham,MID,326,25,5.1,0.39,1
Adama Traoré Diarra,West Ham,MID,326,26,5.1,0.39,1
Adama Traoré Diarra,West Ham,MID,326,27,5.1,0.5,0
Adama Traoré Diarra,West Ham,MID,326,28,5.1,0.45,1
Andreas Hoelgebaum Pereira,Fulham,MID,327,15,5.3,0.16,0
Andreas Hoelgebaum Pereira,Fulham,MID,327,16,5.3,0.22,0
Andreas Hoelgebaum Pereira,Fulham,MID,327,17,5.3,0.17,0
Andreas Hoelgebaum Pereira,Fulham,MID,327,18,5.3,0.28,0
Andreas Hoelgebaum Pereira,Fulham,MID,327,19,5.3,0.24,0
Andreas Hoelgebaum Pereira,Fulham,MID,327,20,5.3,0.18,0
Andreas Hoelgebaum Pereira,Fulham,MID,327,21,5.3,0.19,0
Andreas Hoelgebaum Pereira,Fulham,MID,327,22,5.3,0.2,0
Andreas Hoelgebaum Pereira,Fulham,MID,327,23,5.3,0.13,0
Andreas Hoelgebaum Pereira,Fulham,MID,327,24,5.3,0.18,0
Andreas Hoelgebaum Pereira,Fulham,MID,327,25,5.3,0.11,0
Andreas Hoelgebaum Pereira,Fulham,MID,327,26,5.3,0.14,0
Andreas Hoelgebaum Pereira,Fulham,MID,327,27,5.3,0.14,0
Andreas Hoelgebaum Pereira,Fulham,MID,327,28,5.3,0.08,0
Ryan Sessegnon,Fulham,MID,328,15,5.4,2.43,0
Ryan Sessegnon,Fulham,MID,328,16,5.4,1.82,0
Ryan Sessegnon,Fulham,MID,328,17,5.4,1.22,0
Ryan Sessegnon,Fulham,MID,328,18,5.4,0.97,0
Ryan Sessegnon,Fulham,MID,328,19,5.4,0.87,0
Ryan Sessegnon,Fulham,MID,328,20,5.4,0.78,0
Ryan Sessegnon,Fulham,MID,328,21,5.4,0.8,1
Ryan Sessegnon,Fulham,MID,328,22,5.4,2.57,3
Ryan Sessegnon,Fulham,MID,328,23,5.4,1.3,1
Ryan Sessegnon,Fulham,MID,328,24,5.4,1.81,4
Ryan Sessegnon,Fulham,MID,328,25,5.4,3.4,2
Ryan Sessegnon,Fulham,MID,328,26,5.4,3.48,4
Ryan Sessegnon,Fulham,MID,328,27,5.4,3.91,2
Ryan Sessegnon,Fulham,MID,328,28,5.4,3.86,4
Harry Wilson,Fulham,MID,329,15,5.2,4.79,8
Harry Wilson,Fulham,MID,329,16,5.4,5.52,16
Harry Wilson,Fulham,MID,329,17,5.7,6.07,2
Harry Wilson,Fulham,MID,329,18,5.8,5.55,5
Harry Wilson,Fulham,MID,329,19,5.8,5.54,2
Harry Wilson,Fulham,MID,329,20,5.8,4.82,6
Harry Wilson,Fulham,MID,329,21,5.8,4.96,9
Harry Wilson,Fulham,MID,329,22,5.9,4.81,2
Harry Wilson,Fulham,MID,329,23,6.0,4.93,10
Harry Wilson,Fulham,MID,329,24,6.1,5.25,2
Harry Wilson,Fulham,MID,329,25,6.1,4.88,2
Harry Wilson,Fulham,MID,329,26,6.0,4.74,2
Harry Wilson,Fulham,MID,329,27,5.9,4.51,8
Harry Wilson,Fulham,MID,329,28,5.9,5.01,12
Sander Berge,Fulham,MID,330,15,4.9,3.1,2
Sander Berge,Fulham,MID,330,16,4.9,3.06,2
Sander Berge,Fulham,MID,330,17,4.9,3.03,2
Sander Berge,Fulham,MID,330,18,4.9,3.36,3
Sander Berge,Fulham,MID,330,19,4.9,3.43,2
Sander Berge,Fulham,MID,330,20,4.9,1.73,1
Sander Berge,Fulham,MID,330,21,4.9,3.16,10
Sander Berge,Fulham,MID,330,22,4.9,3.74,2
Sander Berge,Fulham,MID,330,23,4.9,3.45,1
Sander Berge,Fulham,MID,330,24,4.9,4.02,2
Sander Berge,Fulham,MID,330,25,4.9,3.55,2
Sander Berge,Fulham,MID,330,26,4.9,3.61,2
Sander Berge,Fulham,MID,330,27,4.9,3.49,4
Sander Berge,Fulham,MID,330,28,4.9,3.57,2
Tom Cairney,Fulham,MID,331,15,4.8,0.06,1
Tom Cairney,Fulham,MID,331,16,4.8,0.17,0
Tom Cairney,Fulham,MID,331,17,4.8,0.13,1
Tom Cairney,Fulham,MID,331,18,4.8,0.4,1
Tom Cairney,Fulham,MID,331,19,4.8,0.73,6
Tom Cairney,Fulham,MID,331,20,4.8,2.39,2
Tom Cairney,Fulham,MID,331,21,4.8,2.63,2
Tom Cairney,Fulham,MID,331,22,4.8,1.32,1
Tom Cairney,Fulham,MID,331,23,4.8,1.09,1
Tom Cairney,Fulham,MID,331,24,4.8,0.95,1
Tom Cairney,Fulham,MID,331,25,4.8,0.6,0
Tom Cairney,Fulham,MID,331,26,4.8,0.45,0
Tom Cairney,Fulham,MID,331,27,4.8,0.31,1
Tom Cairney,Fulham,MID,331,28,4.8,0.23,0
Saša Lukić,Fulham,MID,332,15,5.0,0.66,1
Saša Lukić,Fulham,MID,332,16,5.0,0.88,1
Saša Lukić,Fulham,MID,332,17,5.0,2.47,5
Saša Lukić,Fulham,MID,332,18,4.9,2.95,3
Saša Lukić,Fulham,MID,332,19,4.9,3.35,6
Saša Lukić,Fulham,MID,332,20,4.9,3.99,2
Saša Lukić,Fulham,MID,332,21,4.9,2.17,1
Saša Lukić,Fulham,MID,332,22,4.9,3.49,2
Saša Lukić,Fulham,MID,332,23,4.9,1.54,0
Saša Lukić,Fulham,MID,332,24,4.9,1.17,0
Saša Lukić,Fulham,MID,332,25,4.9,0.89,0
Saša Lukić,Fulham,MID,332,26,4.9,0.55,0
Saša Lukić,Fulham,MID,332,27,4.9,0.54,0
Saša Lukić,Fulham,MID,332,28,4.9,0.44,0
Martial Godo,Fulham,MID,333,15,4.5,0.0,0
Martial Godo,Fulham,MID,333,16,4.5,0.0,0
Martial Godo,Fulham,MID,333,17,4.5,0.0,0
Martial Godo,Fulham,MID,333,18,4.5,0.0,0
Martial Godo,Fulham,MID,333,19,4.5,0.0,0
Martial Godo,Fulham,MID,333,20,4.5,0.0,0
Martial Godo,Fulham,MID,333,21,4.5,0.0,0
Martial Godo,Fulham,MID,333,22,4.5,0.0,0
Martial Godo,Fulham,MID,333,23,4.5,0.0,0
Martial Godo,Fulham,MID,333,24,4.5,0.0,0
Martial Godo,Fulham,MID,333,25,4.5,0.0,0
Martial Godo,Fulham,MID,333,26,4.5,0.0,0
Martial Godo,Fulham,MID,333,27,4.5,0.0,0
Martial Godo,Fulham,MID,333,28,4.5,0.0,0
Luke Harris,Fulham,MID,334,15,4.5,0.0,0
Luke Harris,Fulham,MID,334,16,4.5,0.0,0
Luke Harris,Fulham,MID,334,17,4.5,0.0,0
Luke Harris,Fulham,MID,334,18,4.5,0.0,0
Luke Harris,Fulham,MID,334,19,4.5,0.0,0
Luke Harris,Fulham,MID,334,20,4.5,0.0,0
Luke Harris,Fulham,MID,334,21,4.5,0.0,0
Luke Harris,Fulham,MID,334,22,4.5,0.0,0
Luke Harris,Fulham,MID,334,23,4.5,0.0,0
Luke Harris,Fulham,MID,334,24,4.5,0.0,0
Luke Harris,Fulham,MID,334,25,4.5,0.0,0
Luke Harris,Fulham,MID,334,26,4.5,0.0,0
Luke Harris,Fulham,MID,334,27,4.5,0.0,0
Luke Harris,Fulham,MID,334,28,4.5,0.0,0
Josh King,Fulham,MID,335,15,4.5,1.29,1
Josh King,Fulham,MID,335,16,4.5,1.08,1
Josh King,Fulham,MID,335,17,4.5,0.66,1
Josh King,Fulham,MID,335,18,4.5,0.73,0
Josh King,Fulham,MID,335,19,4.5,0.62,0
Josh King,Fulham,MID,335,20,4.5,0.45,0
Josh King,Fulham,MID,335,21,4.4,0.32,0
Josh King,Fulham,MID,335,22,4.4,0.2,1
Josh King,Fulham,MID,335,23,4.4,0.55,4
Josh King,Fulham,MID,335,24,4.4,0.65,0
Josh King,Fulham,MID,335,25,4.4,0.58,0
Josh King,Fulham,MID,335,26,4.4,0.52,1
Josh King,Fulham,MID,335,27,4.4,0.41,0
Josh King,Fulham,MID,335,28,4.4,0.34,1
Harrison Reed,Fulham,MID,336,15,4.3,0.0,0
Harrison Reed,Fulham,MID,336,16,4.3,0.0,0
Harrison Reed,Fulham,MID,336,17,4.3,0.0,0
Harrison Reed,Fulham,MID,336,18,4.3,0.0,0
Harrison Reed,Fulham,MID,336,19,4.3,0.0,1
Harrison Reed,Fulham,MID,336,20,4.3,0.22,8
Harrison Reed,Fulham,MID,336,21,4.3,0.32,1
Harrison Reed,Fulham,MID,336,22,4.3,0.45,0
Harrison Reed,Fulham,MID,336,23,4.3,0.27,0
Harrison Reed,Fulham,MID,336,24,4.3,0.14,0
Harrison Reed,Fulham,MID,336,25,4.3,0.0,0
Harrison Reed,Fulham,MID,336,26,4.3,0.0,1
Harrison Reed,Fulham,MID,336,27,4.3,0.0,0
Harrison Reed,Fulham,MID,336,28,4.3,0.0,0
Raúl Jiménez Rodríguez,Fulham,FWD,337,15,6.2,4.15,5
Raúl Jiménez Rodríguez,Fulham,FWD,337,16,6.3,4.59,2
Raúl Jiménez Rodríguez,Fulham,FWD,337,17,6.3,4.36,5
Raúl Jiménez Rodríguez,Fulham,FWD,337,18,6.3,4.64,9
Raúl Jiménez Rodríguez,Fulham,FWD,337,19,6.3,4.64,2
Raúl Jiménez Rodríguez,Fulham,FWD,337,20,6.2,4.62,5
Raúl Jiménez Rodríguez,Fulham,FWD,337,21,6.2,4.86,5
Raúl Jiménez Rodríguez,Fulham,FWD,337,22,6.2,4.83,2
Raúl Jiménez Rodríguez,Fulham,FWD,337,23,6.2,4.72,2
Raúl Jiménez Rodríguez,Fulham,FWD,337,24,6.2,4.46,6
Raúl Jiménez Rodríguez,Fulham,FWD,337,25,6.2,4.46,5
Raúl Jiménez Rodríguez,Fulham,FWD,337,26,6.2,3.09,1
Raúl Jiménez Rodríguez,Fulham,FWD,337,27,6.1,4.58,11
Raúl Jiménez Rodríguez,Fulham,FWD,337,28,6.1,4.82,2
Rodrigo Muniz Carvalho,Fulham,FWD,338,15,5.4,0.64,0
Rodrigo Muniz Carvalho,Fulham,FWD,338,16,5.4,0.68,0
Rodrigo Muniz Carvalho,Fulham,FWD,338,17,5.3,0.57,0
Rodrigo Muniz Carvalho,Fulham,FWD,338,18,5.3,0.69,0
Rodrigo Muniz Carvalho,Fulham,FWD,338,19,5.3,0.64,0
Rodrigo Muniz Carvalho,Fulham,FWD,338,20,5.3,0.59,0
Rodrigo Muniz Carvalho,Fulham,FWD,338,21,5.3,0.6,0
Rodrigo Muniz Carvalho,Fulham,FWD,338,22,5.3,0.61,0
Rodrigo Muniz Carvalho,Fulham,FWD,338,23,5.3,0.54,0
Rodrigo Muniz Carvalho,Fulham,FWD,338,24,5.3,0.59,0
Rodrigo Muniz Carvalho,Fulham,FWD,338,25,5.3,0.53,1
Rodrigo Muniz Carvalho,Fulham,FWD,338,26,5.3,0.67,1
Rodrigo Muniz Carvalho,Fulham,FWD,338,27,5.3,0.85,1
Rodrigo Muniz Carvalho,Fulham,FWD,338,28,5.3,0.96,1
Illan Meslier,Leeds,GK,339,15,4.2,0.0,0
Illan Meslier,Leeds,GK,339,16,4.2,0.0,0
Illan Meslier,Leeds,GK,339,17,4.2,0.0,0
Illan Meslier,Leeds,GK,339,18,4.2,0.0,0
Illan Meslier,Leeds,GK,339,19,4.2,0.0,0
Illan Meslier,Leeds,GK,339,20,4.2,0.0,0
Illan Meslier,Leeds,GK,339,21,4.2,0.0,0
Illan Meslier,Leeds,GK,339,22,4.2,0.0,0
Illan Meslier,Leeds,GK,339,23,4.2,0.0,0
Illan Meslier,Leeds,GK,339,24,4.2,0.0,0
Illan Meslier,Leeds,GK,339,25,4.2,0.0,0
Illan Meslier,Leeds,GK,339,26,4.2,0.0,0
Illan Meslier,Leeds,GK,339,27,4.1,0.0,0
Illan Meslier,Leeds,GK,339,28,4.1,0.0,0
Alex Cairns,Leeds,GK,340,15,3.9,0.0,0
Alex Cairns,Leeds,GK,340,16,3.9,0.0,0
Alex Cairns,Leeds,GK,340,17,3.9,0.0,0
Alex Cairns,Leeds,GK,340,18,3.9,0.0,0
Alex Cairns,Leeds,GK,340,19,3.9,0.0,0
Alex Cairns,Leeds,GK,340,20,3.9,0.0,0
Alex Cairns,Leeds,GK,340,21,3.9,0.0,0
Alex Cairns,Leeds,GK,340,22,3.9,0.0,0
Alex Cairns,Leeds,GK,340,23,3.9,0.0,0
Alex Cairns,Leeds,GK,340,24,3.9,0.0,0
Alex Cairns,Leeds,GK,340,25,3.9,0.0,0
Alex Cairns,Leeds,GK,340,26,3.9,0.0,0
Alex Cairns,Leeds,GK,340,27,3.9,0.0,0
Alex Cairns,Leeds,GK,340,28,3.9,0.0,0
Karl Darlow,Leeds,GK,341,15,4.0,0.0,0
Karl Darlow,Leeds,GK,341,16,3.9,0.0,0
Karl Darlow,Leeds,GK,341,17,3.9,0.0,0
Karl Darlow,Leeds,GK,341,18,3.9,0.0,0
Karl Darlow,Leeds,GK,341,19,3.9,0.0,0
Karl Darlow,Leeds,GK,341,20,3.9,0.0,0
Karl Darlow,Leeds,GK,341,21,3.9,0.0,0
Karl Darlow,Leeds,GK,341,22,3.9,1.51,6
Karl Darlow,Leeds,GK,341,23,3.9,2.12,2
Karl Darlow,Leeds,GK,341,24,3.9,2.19,1
Karl Darlow,Leeds,GK,341,25,3.9,2.85,3
Karl Darlow,Leeds,GK,341,26,3.9,2.55,1
Karl Darlow,Leeds,GK,341,27,3.9,2.75,2
Karl Darlow,Leeds,GK,341,28,3.9,2.76,3
Jayden Bogle,Leeds,DEF,342,15,4.4,3.08,0
Jayden Bogle,Leeds,DEF,342,16,4.4,3.46,2
Jayden Bogle,Leeds,DEF,342,17,4.4,3.56,6
Jayden Bogle,Leeds,DEF,342,18,4.4,3.74,2
Jayden Bogle,Leeds,DEF,342,19,4.4,2.24,1
Jayden Bogle,Leeds,DEF,342,20,4.4,1.79,0
Jayden Bogle,Leeds,DEF,342,21,4.4,1.34,0
Jayden Bogle,Leeds,DEF,342,22,4.4,2.57,6
Jayden Bogle,Leeds,DEF,342,23,4.4,3.0,2
Jayden Bogle,Leeds,DEF,342,24,4.4,3.02,0
Jayden Bogle,Leeds,DEF,342,25,4.4,3.64,8
Jayden Bogle,Leeds,DEF,342,26,4.4,3.82,4
Jayden Bogle,Leeds,DEF,342,27,4.4,3.76,1
Jayden Bogle,Leeds,DEF,342,28,4.4,4.01,2
Pascal Struijk,Leeds,DEF,343,15,4.3,2.9,0
Pascal Struijk,Leeds,DEF,343,16,4.3,3.3,4
Pascal Struijk,Leeds,DEF,343,17,4.3,3.4,4
Pascal Struijk,Leeds,DEF,343,18,4.3,3.69,2
Pascal Struijk,Leeds,DEF,343,19,4.3,3.88,8
Pascal Struijk,Leeds,DEF,343,20,4.3,4.2,8
Pascal Struijk,Leeds,DEF,343,21,4.3,4.75,2
Pascal Struijk,Leeds,DEF,343,22,4.3,4.75,6
Pascal Struijk,Leeds,DEF,343,23,4.3,4.64,4
Pascal Struijk,Leeds,DEF,343,24,4.3,4.35,2
Pascal Struijk,Leeds,DEF,343,25,4.3,4.32,4
Pascal Struijk,Leeds,DEF,343,26,4.3,2.55,0
Pascal Struijk,Leeds,DEF,343,27,4.3,3.61,2
Pascal Struijk,Leeds,DEF,343,28,4.3,3.45,2
Jaka Bijol,Leeds,DEF,344,15,3.9,2.56,1
Jaka Bijol,Leeds,DEF,344,16,3.9,3.21,2
Jaka Bijol,Leeds,DEF,344,17,3.9,3.37,5
Jaka Bijol,Leeds,DEF,344,18,3.9,3.48,2
Jaka Bijol,Leeds,DEF,344,19,3.9,3.71,7
Jaka Bijol,Leeds,DEF,344,20,3.9,4.02,4
Jaka Bijol,Leeds,DEF,344,21,3.9,4.08,3
Jaka Bijol,Leeds,DEF,344,22,3.9,2.53,0
Jaka Bijol,Leeds,DEF,344,23,3.9,1.62,0
Jaka Bijol,Leeds,DEF,344,24,3.9,1.03,0
Jaka Bijol,Leeds,DEF,344,25,3.9,0.53,0
Jaka Bijol,Leeds,DEF,344,26,3.9,2.18,3
Jaka Bijol,Leeds,DEF,344,27,3.9,0.9,0
Jaka Bijol,Leeds,DEF,344,28,3.9,1.0,1
Sebastiaan Bornauw,Leeds,DEF,345,15,3.8,0.0,1
Sebastiaan Bornauw,Leeds,DEF,345,16,3.8,0.16,0
Sebastiaan Bornauw,Leeds,DEF,345,17,3.8,0.05,0
Sebastiaan Bornauw,Leeds,DEF,345,18,3.8,0.05,0
Sebastiaan Bornauw,Leeds,DEF,345,19,3.8,1.71,6
Sebastiaan Bornauw,Leeds,DEF,345,20,3.8,2.2,2
Sebastiaan Bornauw,Leeds,DEF,345,21,3.8,1.07,1
Sebastiaan Bornauw,Leeds,DEF,345,22,3.8,1.1,1
Sebastiaan Bornauw,Leeds,DEF,345,23,3.8,2.31,4
Sebastiaan Bornauw,Leeds,DEF,345,24,3.8,0.82,0
Sebastiaan Bornauw,Leeds,DEF,345,25,3.8,0.64,1
Sebastiaan Bornauw,Leeds,DEF,345,26,3.8,0.67,0
Sebastiaan Bornauw,Leeds,DEF,345,27,3.8,0.44,0
Sebastiaan Bornauw,Leeds,DEF,345,28,3.8,0.29,0
Sam Byram,Leeds,DEF,346,15,3.9,0.0,0
Sam Byram,Leeds,DEF,346,16,3.8,0.0,0
Sam Byram,Leeds,DEF,346,17,3.8,0.0,0
Sam Byram,Leeds,DEF,346,18,3.8,0.0,0
Sam Byram,Leeds,DEF,346,19,3.8,0.0,0
Sam Byram,Leeds,DEF,346,20,3.8,0.0,0
Sam Byram,Leeds,DEF,346,21,3.8,0.0,0
Sam Byram,Leeds,DEF,346,22,3.8,0.0,0
Sam Byram,Leeds,DEF,346,23,3.8,0.0,0
Sam Byram,Leeds,DEF,346,24,3.8,0.0,0
Sam Byram,Leeds,DEF,346,25,3.8,0.0,0
Sam Byram,Leeds,DEF,346,26,3.8,0.0,0
Sam Byram,Leeds,DEF,346,27,3.8,0.0,0
Sam Byram,Leeds,DEF,346,28,3.8,0.0,0
Gabriel Gudmundsson,Leeds,DEF,347,15,3.9,2.61,0
Gabriel Gudmundsson,Leeds,DEF,347,16,3.9,2.99,2
Gabriel Gudmundsson,Leeds,DEF,347,17,3.8,3.19,2
Gabriel Gudmundsson,Leeds,DEF,347,18,3.8,3.24,2
Gabriel Gudmundsson,Leeds,DEF,347,19,3.8,3.46,8
Gabriel Gudmundsson,Leeds,DEF,347,20,3.8,3.74,2
Gabriel Gudmundsson,Leeds,DEF,347,21,3.8,3.59,0
Gabriel Gudmundsson,Leeds,DEF,347,22,3.8,3.67,6
Gabriel Gudmundsson,Leeds,DEF,347,23,3.8,2.0,0
Gabriel Gudmundsson,Leeds,DEF,347,24,3.8,2.83,-1
Gabriel Gudmundsson,Leeds,DEF,347,25,3.8,3.05,2
Gabriel Gudmundsson,Leeds,DEF,347,26,3.8,2.65,0
Gabriel Gudmundsson,Leeds,DEF,347,27,3.8,1.61,1
Gabriel Gudmundsson,Leeds,DEF,347,28,3.8,2.99,2
Joe Rodon,Leeds,DEF,348,15,4.1,3.12,1
Joe Rodon,Leeds,DEF,348,16,4.1,3.39,2
Joe Rodon,Leeds,DEF,348,17,4.1,3.44,2
Joe Rodon,Leeds,DEF,348,18,4.0,1.88,1
Joe Rodon,Leeds,DEF,348,19,4.0,1.76,0
Joe Rodon,Leeds,DEF,348,20,3.9,1.21,0
Joe Rodon,Leeds,DEF,348,21,3.9,2.32,1
Joe Rodon,Leeds,DEF,348,22,3.9,2.74,6
Joe Rodon,Leeds,DEF,348,23,3.9,3.38,4
Joe Rodon,Leeds,DEF,348,24,3.9,3.89,2
Joe Rodon,Leeds,DEF,348,25,3.9,4.08,4
Joe Rodon,Leeds,DEF,348,26,3.9,4.11,3
Joe Rodon,Leeds,DEF,348,27,3.9,4.1,4
Joe Rodon,Leeds,DEF,348,28,3.9,4.13,2
Isaac Schmidt,Leeds,DEF,349,15,4.0,0.0,0
Isaac Schmidt,Leeds,DEF,349,16,4.0,0.0,0
Isaac Schmidt,Leeds,DEF,349,17,4.0,0.0,0
Isaac Schmidt,Leeds,DEF,349,18,4.0,0.02,0
Isaac Schmidt,Leeds,DEF,349,19,4.0,0.05,0
Isaac Schmidt,Leeds,DEF,349,20,4.0,0.0,0
Isaac Schmidt,Leeds,DEF,349,21,4.0,0.04,0
Isaac Schmidt,Leeds,DEF,349,22,4.0,0.0,0
Isaac Schmidt,Leeds,DEF,349,23,4.0,0.0,0
Isaac Schmidt,Leeds,DEF,349,24,4.0,0.0,0
Isaac Schmidt,Leeds,DEF,349,25,4.0,0.0,0
Isaac Schmidt,Leeds,DEF,349,26,4.0,0.0,0
Isaac Schmidt,Leeds,DEF,349,27,4.0,0.0,0
Isaac Schmidt,Leeds,DEF,349,28,4.0,0.0,0
Brenden Aaronson,Leeds,MID,350,15,5.4,1.51,4
Brenden Aaronson,Leeds,MID,350,16,5.4,1.36,1
Brenden Aaronson,Leeds,MID,350,17,5.4,2.95,6
Brenden Aaronson,Leeds,MID,350,18,5.4,3.82,5
Brenden Aaronson,Leeds,MID,350,19,5.4,4.11,3
Brenden Aaronson,Leeds,MID,350,20,5.4,4.45,7
Brenden Aaronson,Leeds,MID,350,21,5.4,4.6,14
Brenden Aaronson,Leeds,MID,350,22,5.4,4.93,3
Brenden Aaronson,Leeds,MID,350,23,5.4,4.77,4
Brenden Aaronson,Leeds,MID,350,24,5.4,4.63,2
Brenden Aaronson,Leeds,MID,350,25,5.4,4.4,3
Brenden Aaronson,Leeds,MID,350,26,5.4,4.34,2
Brenden Aaronson,Leeds,MID,350,27,5.4,4.05,3
Brenden Aaronson,Leeds,MID,350,28,5.4,4.01,2
Wilfried Gnonto,Leeds,MID,351,15,5.2,0.8,4
Wilfried Gnonto,Leeds,MID,351,16,5.2,1.2,4
Wilfried Gnonto,Leeds,MID,351,17,5.2,1.11,1
Wilfried Gnonto,Leeds,MID,351,18,5.2,1.34,1
Wilfried Gnonto,Leeds,MID,351,19,5.2,1.05,0
Wilfried Gnonto,Leeds,MID,351,20,5.2,0.63,1
Wilfried Gnonto,Leeds,MID,351,21,5.2,0.68,1
Wilfried Gnonto,Leeds,MID,351,22,5.2,0.55,1
Wilfried Gnonto,Leeds,MID,351,23,5.2,0.67,0
Wilfried Gnonto,Leeds,MID,351,24,5.2,0.47,1
Wilfried Gnonto,Leeds,MID,351,25,5.2,0.53,0
Wilfried Gnonto,Leeds,MID,351,26,5.2,0.45,0
Wilfried Gnonto,Leeds,MID,351,27,5.2,0.41,0
Wilfried Gnonto,Leeds,MID,351,28,5.2,0.22,1
Jack Harrison,Leeds,MID,352,15,5.1,0.2,0
Jack Harrison,Leeds,MID,352,16,5.1,0.28,1
Jack Harrison,Leeds,MID,352,17,5.1,0.29,0
Jack Harrison,Leeds,MID,352,18,5.1,0.38,0
Jack Harrison,Leeds,MID,352,19,5.1,0.39,0
Jack Harrison,Leeds,MID,352,20,5.1,0.23,0
Jack Harrison,Leeds,MID,352,21,5.1,0.33,0
Jack Harrison,Leeds,MID,352,22,5.1,0.24,0
Jack Harrison,Leeds,MID,352,23,5.1,0.21,0
Jack Harrison,Leeds,MID,352,24,5.1,0.12,0
Jack Harrison,Leeds,MID,352,25,5.1,0.15,0
Jack Harrison,Leeds,MID,352,26,5.1,0.2,0
Jack Harrison,Leeds,MID,352,27,5.1,0.17,0
Jack Harrison,Leeds,MID,352,28,5.1,0.05,0
Daniel James,Leeds,MID,353,15,5.3,0.6,0
Daniel James,Leeds,MID,353,16,5.3,0.54,0
Daniel James,Leeds,MID,353,17,5.3,0.33,0
Daniel James,Leeds,MID,353,18,5.3,0.41,0
Daniel James,Leeds,MID,353,19,5.3,0.41,0
Daniel James,Leeds,MID,353,20,5.2,0.25,0
Daniel James,Leeds,MID,353,21,5.2,0.36,0
Daniel James,Leeds,MID,353,22,5.2,0.27,0
Daniel James,Leeds,MID,353,23,5.2,0.26,0
Daniel James,Leeds,MID,353,24,5.2,0.17,0
Daniel James,Leeds,MID,353,25,5.2,0.21,1
Daniel James,Leeds,MID,353,26,5.2,0.37,1
Daniel James,Leeds,MID,353,27,5.2,0.44,0
Daniel James,Leeds,MID,353,28,5.2,0.33,1
Ethan Ampadu,Leeds,MID,354,15,4.9,3.57,2
Ethan Ampadu,Leeds,MID,354,16,4.9,3.45,2
Ethan Ampadu,Leeds,MID,354,17,4.9,3.56,12
Ethan Ampadu,Leeds,MID,354,18,4.9,4.09,4
Ethan Ampadu,Leeds,MID,354,19,4.9,4.22,4
Ethan Ampadu,Leeds,MID,354,20,4.9,2.73,0
Ethan Ampadu,Leeds,MID,354,21,4.9,3.72,3
Ethan Ampadu,Leeds,MID,354,22,4.9,3.79,7
Ethan Ampadu,Leeds,MID,354,23,4.9,3.93,4
Ethan Ampadu,Leeds,MID,354,24,4.9,4.39,2
Ethan Ampadu,Leeds,MID,354,25,4.9,4.26,2
Ethan Ampadu,Leeds,MID,354,26,4.9,3.89,2
Ethan Ampadu,Leeds,MID,354,27,4.9,3.86,8
Ethan Ampadu,Leeds,MID,354,28,4.9,4.12,4
Sam Greenwood,Leeds,MID,355,15,4.9,0.0,0
Sam Greenwood,Leeds,MID,355,16,4.9,0.03,0
Sam Greenwood,Leeds,MID,355,17,4.9,0.0,0
Sam Greenwood,Leeds,MID,355,18,4.9,0.07,0
Sam Greenwood,Leeds,MID,355,19,4.9,0.1,0
Sam Greenwood,Leeds,MID,355,20,4.9,0.0,0
Sam Greenwood,Leeds,MID,355,21,4.9,0.09,0
Sam Greenwood,Leeds,MID,355,22,4.9,0.0,0
Sam Greenwood,Leeds,MID,355,23,4.9,0.0,0
Sam Greenwood,Leeds,MID,355,24,4.9,0.0,0
Sam Greenwood,Leeds,MID,355,25,4.9,0.0,0
Sam Greenwood,Leeds,MID,355,26,4.9,0.0,0
Sam Greenwood,Leeds,MID,355,27,4.9,0.0,0
Sam Greenwood,Leeds,MID,355,28,4.9,0.0,0
Ilia Gruev,Leeds,MID,356,15,4.8,2.15,2
Ilia Gruev,Leeds,MID,356,16,4.7,0.92,0
Ilia Gruev,Leeds,MID,356,17,4.7,0.87,4
Ilia Gruev,Leeds,MID,356,18,4.7,0.91,0
Ilia Gruev,Leeds,MID,356,19,4.7,2.2,3
Ilia Gruev,Leeds,MID,356,20,4.7,2.59,2
Ilia Gruev,Leeds,MID,356,21,4.7,2.8,7
Ilia Gruev,Leeds,MID,356,22,4.7,3.59,3
Ilia Gruev,Leeds,MID,356,23,4.7,3.52,2
Ilia Gruev,Leeds,MID,356,24,4.7,1.91,1
Ilia Gruev,Leeds,MID,356,25,4.7,3.18,11
Ilia Gruev,Leeds,MID,356,26,4.7,4.03,2
Ilia Gruev,Leeds,MID,356,27,4.7,3.51,1
Ilia Gruev,Leeds,MID,356,28,4.7,3.82,2
Largie Ramazani,Leeds,MID,357,15,4.9,0.0,0
Largie Ramazani,Leeds,MID,357,16,4.9,0.03,0
Largie Ramazani,Leeds,MID,357,17,4.9,0.0,0
Largie Ramazani,Leeds,MID,357,18,4.9,0.07,0
Largie Ramazani,Leeds,MID,357,19,4.9,0.1,0
Largie Ramazani,Leeds,MID,357,20,4.9,0.0,0
Largie Ramazani,Leeds,MID,357,21,4.9,0.09,0
Largie Ramazani,Leeds,MID,357,22,4.9,0.0,0
Largie Ramazani,Leeds,MID,357,23,4.9,0.0,0
Largie Ramazani,Leeds,MID,357,24,4.9,0.0,0
Largie Ramazani,Leeds,MID,357,25,4.9,0.0,0
Largie Ramazani,Leeds,MID,357,26,4.9,0.0,0
Largie Ramazani,Leeds,MID,357,27,4.9,0.0,0
Largie Ramazani,Leeds,MID,357,28,4.9,0.0,0
Tanaka Ao,Leeds,MID,358,15,4.8,2.18,6
Tanaka Ao,Leeds,MID,358,16,4.8,3.75,2
Tanaka Ao,Leeds,MID,358,17,4.8,1.8,1
Tanaka Ao,Leeds,MID,358,18,4.8,1.4,1
Tanaka Ao,Leeds,MID,358,19,4.8,1.4,1
Tanaka Ao,Leeds,MID,358,20,4.8,0.96,1
Tanaka Ao,Leeds,MID,358,21,4.8,0.97,1
Tanaka Ao,Leeds,MID,358,22,4.8,0.74,1
Tanaka Ao,Leeds,MID,358,23,4.8,0.75,1
Tanaka Ao,Leeds,MID,358,24,4.8,0.69,0
Tanaka Ao,Leeds,MID,358,25,4.8,0.62,0
Tanaka Ao,Leeds,MID,358,26,4.8,0.57,0
Tanaka Ao,Leeds,MID,358,27,4.8,0.42,0
Tanaka Ao,Leeds,MID,358,28,4.8,0.29,0
Charlie Crew,Leeds,MID,359,15,4.5,0.0,0
Charlie Crew,Leeds,MID,359,16,4.5,0.0,0
Charlie Crew,Leeds,MID,359,17,4.5,0.0,0
Charlie Crew,Leeds,MID,359,18,4.5,0.0,0
Charlie Crew,Leeds,MID,359,19,4.5,0.0,0
Charlie Crew,Leeds,MID,359,20,4.5,0.0,0
Charlie Crew,Leeds,MID,359,21,4.5,0.0,0
Charlie Crew,Leeds,MID,359,22,4.5,0.0,0
Charlie Crew,Leeds,MID,359,23,4.5,0.0,0
Charlie Crew,Leeds,MID,359,24,4.5,0.0,0
Charlie Crew,Leeds,MID,359,25,4.5,0.0,0
Charlie Crew,Leeds,MID,359,26,4.5,0.0,0
Charlie Crew,Leeds,MID,359,27,4.5,0.0,0
Charlie Crew,Leeds,MID,359,28,4.5,0.0,0
Joe Gelhardt,Leeds,MID,360,15,4.5,0.0,0
Joe Gelhardt,Leeds,MID,360,16,4.5,0.0,0
Joe Gelhardt,Leeds,MID,360,17,4.5,0.0,0
Joe Gelhardt,Leeds,MID,360,18,4.5,0.0,0
Joe Gelhardt,Leeds,MID,360,19,4.5,0.0,0
Joe Gelhardt,Leeds,MID,360,20,4.5,0.0,0
Joe Gelhardt,Leeds,MID,360,21,4.5,0.0,0
Joe Gelhardt,Leeds,MID,360,22,4.5,0.0,0
Joe Gelhardt,Leeds,MID,360,23,4.5,0.0,0
Joe Gelhardt,Leeds,MID,360,24,4.5,0.0,0
Joe Gelhardt,Leeds,MID,360,25,4.5,0.0,0
Joe Gelhardt,Leeds,MID,360,26,4.5,0.0,0
Joe Gelhardt,Leeds,MID,360,27,4.5,0.0,0
Joe Gelhardt,Leeds,MID,360,28,4.5,0.0,0
Darko Gyabi,Leeds,MID,361,15,4.5,0.0,0
Darko Gyabi,Leeds,MID,361,16,4.5,0.0,0
Darko Gyabi,Leeds,MID,361,17,4.5,0.0,0
Darko Gyabi,Leeds,MID,361,18,4.5,0.0,0
Darko Gyabi,Leeds,MID,361,19,4.5,0.0,0
Darko Gyabi,Leeds,MID,361,20,4.5,0.0,0
Darko Gyabi,Leeds,MID,361,21,4.5,0.0,0
Darko Gyabi,Leeds,MID,361,22,4.5,0.0,0
Darko Gyabi,Leeds,MID,361,23,4.5,0.0,0
Darko Gyabi,Leeds,MID,361,24,4.5,0.0,0
Darko Gyabi,Leeds,MID,361,25,4.5,0.0,0
Darko Gyabi,Leeds,MID,361,26,4.5,0.0,0
Darko Gyabi,Leeds,MID,361,27,4.5,0.0,0
Darko Gyabi,Leeds,MID,361,28,4.5,0.0,0
Joël Piroe,Leeds,FWD,362,15,5.0,0.53,1
Joël Piroe,Leeds,FWD,362,16,5.0,0.61,0
Joël Piroe,Leeds,FWD,362,17,5.0,0.56,1
Joël Piroe,Leeds,FWD,362,18,5.0,0.64,0
Joël Piroe,Leeds,FWD,362,19,4.9,0.54,0
Joël Piroe,Leeds,FWD,362,20,4.9,0.44,1
Joël Piroe,Leeds,FWD,362,21,4.9,0.54,0
Joël Piroe,Leeds,FWD,362,22,4.9,0.45,0
Joël Piroe,Leeds,FWD,362,23,4.9,0.42,0
Joël Piroe,Leeds,FWD,362,24,4.9,0.29,1
Joël Piroe,Leeds,FWD,362,25,4.9,0.39,0
Joël Piroe,Leeds,FWD,362,26,4.9,0.43,0
Joël Piroe,Leeds,FWD,362,27,4.9,0.4,0
Joël Piroe,Leeds,FWD,362,28,4.9,0.23,1
Patrick Bamford,Leeds,FWD,363,15,4.9,0.19,0
Patrick Bamford,Leeds,FWD,363,16,4.9,0.27,0
Patrick Bamford,Leeds,FWD,363,17,4.9,0.22,0
Patrick Bamford,Leeds,FWD,363,18,4.9,0.31,0
Patrick Bamford,Leeds,FWD,363,19,4.9,0.34,0
Patrick Bamford,Leeds,FWD,363,20,4.9,0.23,0
Patrick Bamford,Leeds,FWD,363,21,4.9,0.33,0
Patrick Bamford,Leeds,FWD,363,22,4.9,0.24,0
Patrick Bamford,Leeds,FWD,363,23,4.9,0.23,0
Patrick Bamford,Leeds,FWD,363,24,4.9,0.14,0
Patrick Bamford,Leeds,FWD,363,25,4.9,0.17,0
Patrick Bamford,Leeds,FWD,363,26,4.9,0.22,0
Patrick Bamford,Leeds,FWD,363,27,4.9,0.19,0
Patrick Bamford,Leeds,FWD,363,28,4.9,0.07,0
Mateo Joseph Fernández-Regatillo,Leeds,FWD,364,15,5.0,0.24,0
Mateo Joseph Fernández-Regatillo,Leeds,FWD,364,16,5.0,0.31,0
Mateo Joseph Fernández-Regatillo,Leeds,FWD,364,17,5.0,0.27,0
Mateo Joseph Fernández-Regatillo,Leeds,FWD,364,18,5.0,0.36,0
Mateo Joseph Fernández-Regatillo,Leeds,FWD,364,19,5.0,0.38,0
Mateo Joseph Fernández-Regatillo,Leeds,FWD,364,20,5.0,0.27,0
Mateo Joseph Fernández-Regatillo,Leeds,FWD,364,21,5.0,0.37,0
Mateo Joseph Fernández-Regatillo,Leeds,FWD,364,22,5.0,0.29,0
Mateo Joseph Fernández-Regatillo,Leeds,FWD,364,23,5.0,0.28,0
Mateo Joseph Fernández-Regatillo,Leeds,FWD,364,24,5.0,0.18,0
Mateo Joseph Fernández-Regatillo,Leeds,FWD,364,25,5.0,0.21,0
Mateo Joseph Fernández-Regatillo,Leeds,FWD,364,26,5.0,0.26,0
Mateo Joseph Fernández-Regatillo,Leeds,FWD,364,27,5.0,0.23,0
Mateo Joseph Fernández-Regatillo,Leeds,FWD,364,28,5.0,0.12,0
Lukas Nmecha,Leeds,FWD,365,15,5.0,1.99,0
Lukas Nmecha,Leeds,FWD,365,16,5.0,1.56,0
Lukas Nmecha,Leeds,FWD,365,17,5.0,1.14,0
Lukas Nmecha,Leeds,FWD,365,18,5.0,0.86,1
Lukas Nmecha,Leeds,FWD,365,19,5.0,2.56,2
Lukas Nmecha,Leeds,FWD,365,20,5.0,1.16,1
Lukas Nmecha,Leeds,FWD,365,21,5.0,1.39,1
Lukas Nmecha,Leeds,FWD,365,22,5.0,1.65,7
Lukas Nmecha,Leeds,FWD,365,23,5.0,1.35,0
Lukas Nmecha,Leeds,FWD,365,24,5.0,1.12,0
Lukas Nmecha,Leeds,FWD,365,25,5.0,1.02,0
Lukas Nmecha,Leeds,FWD,365,26,5.0,2.69,11
Lukas Nmecha,Leeds,FWD,365,27,5.0,1.8,1
Lukas Nmecha,Leeds,FWD,365,28,5.0,1.68,1
Alisson Becker,Liverpool,GK,366,15,5.4,3.6,1
Alisson Becker,Liverpool,GK,366,16,5.4,3.74,7
Alisson Becker,Liverpool,GK,366,17,5.4,4.03,3
Alisson Becker,Liverpool,GK,366,18,5.4,4.0,3
Alisson Becker,Liverpool,GK,366,19,5.4,4.15,6
Alisson Becker,Liverpool,GK,366,20,5.4,3.99,1
Alisson Becker,Liverpool,GK,366,21,5.4,4.18,10
Alisson Becker,Liverpool,GK,366,22,5.4,4.59,2
Alisson Becker,Liverpool,GK,366,23,5.4,4.04,1
Alisson Becker,Liverpool,GK,366,24,5.4,4.23,2
Alisson Becker,Liverpool,GK,366,25,5.4,3.5,1
Alisson Becker,Liverpool,GK,366,26,5.4,3.93,7
Alisson Becker,Liverpool,GK,366,27,5.4,4.26,7
Alisson Becker,Liverpool,GK,366,28,5.4,4.67,2
Giorgi Mamardashvili,Liverpool,GK,367,15,4.3,0.4,0
Giorgi Mamardashvili,Liverpool,GK,367,16,4.3,0.17,0
Giorgi Mamardashvili,Liverpool,GK,367,17,4.3,0.16,0
Giorgi Mamardashvili,Liverpool,GK,367,18,4.3,0.08,0
Giorgi Mamardashvili,Liverpool,GK,367,19,4.2,0.0,0
Giorgi Mamardashvili,Liverpool,GK,367,20,4.2,0.12,0
Giorgi Mamardashvili,Liverpool,GK,367,21,4.2,0.11,0
Giorgi Mamardashvili,Liverpool,GK,367,22,4.2,0.04,0
Giorgi Mamardashvili,Liverpool,GK,367,23,4.2,0.07,0
Giorgi Mamardashvili,Liverpool,GK,367,24,4.2,0.0,0
Giorgi Mamardashvili,Liverpool,GK,367,25,4.1,0.0,0
Giorgi Mamardashvili,Liverpool,GK,367,26,4.1,0.0,0
Giorgi Mamardashvili,Liverpool,GK,367,27,4.1,0.0,0
Giorgi Mamardashvili,Liverpool,GK,367,28,4.1,0.0,0
Ármin Pécsi,Liverpool,GK,368,15,3.9,0.0,0
Ármin Pécsi,Liverpool,GK,368,16,3.9,0.0,0
Ármin Pécsi,Liverpool,GK,368,17,3.9,0.0,0
Ármin Pécsi,Liverpool,GK,368,18,3.9,0.0,0
Ármin Pécsi,Liverpool,GK,368,19,3.9,0.0,0
Ármin Pécsi,Liverpool,GK,368,20,3.9,0.0,0
Ármin Pécsi,Liverpool,GK,368,21,3.9,0.0,0
Ármin Pécsi,Liverpool,GK,368,22,3.8,0.0,0
Ármin Pécsi,Liverpool,GK,368,23,3.8,0.0,0
Ármin Pécsi,Liverpool,GK,368,24,3.8,0.0,0
Ármin Pécsi,Liverpool,GK,368,25,3.8,0.0,0
Ármin Pécsi,Liverpool,GK,368,26,3.8,0.0,0
Ármin Pécsi,Liverpool,GK,368,27,3.8,0.0,0
Ármin Pécsi,Liverpool,GK,368,28,3.8,0.0,0
Freddie Woodman,Liverpool,GK,369,15,3.9,0.0,0
Freddie Woodman,Liverpool,GK,369,16,3.9,0.0,0
Freddie Woodman,Liverpool,GK,369,17,3.9,0.0,0
Freddie Woodman,Liverpool,GK,369,18,3.9,0.0,0
Freddie Woodman,Liverpool,GK,369,19,3.9,0.0,0
Freddie Woodman,Liverpool,GK,369,20,3.9,0.0,0
Freddie Woodman,Liverpool,GK,369,21,3.9,0.0,0
Freddie Woodman,Liverpool,GK,369,22,3.9,0.0,0
Freddie Woodman,Liverpool,GK,369,23,3.9,0.0,0
Freddie Woodman,Liverpool,GK,369,24,3.9,0.0,0
Freddie Woodman,Liverpool,GK,369,25,3.9,0.0,0
Freddie Woodman,Liverpool,GK,369,26,3.9,0.0,0
Freddie Woodman,Liverpool,GK,369,27,3.9,0.0,0
Freddie Woodman,Liverpool,GK,369,28,3.9,0.0,0
Jeremie Frimpong,Liverpool,DEF,370,15,5.7,0.87,0
Jeremie Frimpong,Liverpool,DEF,370,16,5.7,0.74,0
Jeremie Frimpong,Liverpool,DEF,370,17,5.7,1.19,4
Jeremie Frimpong,Liverpool,DEF,370,18,5.7,2.91,5
Jeremie Frimpong,Liverpool,DEF,370,19,5.7,3.6,6
Jeremie Frimpong,Liverpool,DEF,370,20,5.7,3.17,4
Jeremie Frimpong,Liverpool,DEF,370,21,5.7,4.54,6
Jeremie Frimpong,Liverpool,DEF,370,22,5.8,4.67,2
Jeremie Frimpong,Liverpool,DEF,370,23,5.8,2.71,0
Jeremie Frimpong,Liverpool,DEF,370,24,5.8,2.3,0
Jeremie Frimpong,Liverpool,DEF,370,25,5.8,1.62,0
Jeremie Frimpong,Liverpool,DEF,370,26,5.7,1.27,0
Jeremie Frimpong,Liverpool,DEF,370,27,5.7,1.05,0
Jeremie Frimpong,Liverpool,DEF,370,28,5.7,1.3,4
Milos Kerkez,Liverpool,DEF,371,15,5.7,3.39,1
Milos Kerkez,Liverpool,DEF,371,16,5.6,3.61,7
Milos Kerkez,Liverpool,DEF,371,17,5.6,3.91,2
Milos Kerkez,Liverpool,DEF,371,18,5.6,4.16,2
Milos Kerkez,Liverpool,DEF,371,19,5.6,2.55,1
Milos Kerkez,Liverpool,DEF,371,20,5.6,3.53,1
Milos Kerkez,Liverpool,DEF,371,21,5.6,3.8,9
Milos Kerkez,Liverpool,DEF,371,22,5.6,3.83,1
Milos Kerkez,Liverpool,DEF,371,23,5.6,2.72,0
Milos Kerkez,Liverpool,DEF,371,24,5.6,4.1,5
Milos Kerkez,Liverpool,DEF,371,25,5.6,3.71,1
Milos Kerkez,Liverpool,DEF,371,26,5.6,2.38,0
Milos Kerkez,Liverpool,DEF,371,27,5.6,3.81,6
Milos Kerkez,Liverpool,DEF,371,28,5.6,3.57,1
Andrew Robertson,Liverpool,DEF,372,15,5.8,1.71,0
Andrew Robertson,Liverpool,DEF,372,16,5.8,1.33,1
Andrew Robertson,Liverpool,DEF,372,17,5.8,1.48,1
Andrew Robertson,Liverpool,DEF,372,18,5.8,1.14,0
Andrew Robertson,Liverpool,DEF,372,19,5.8,2.77,6
Andrew Robertson,Liverpool,DEF,372,20,5.8,1.7,0
Andrew Robertson,Liverpool,DEF,372,21,5.8,1.61,0
Andrew Robertson,Liverpool,DEF,372,22,5.8,1.54,1
Andrew Robertson,Liverpool,DEF,372,23,5.7,1.16,1
Andrew Robertson,Liverpool,DEF,372,24,5.7,1.29,0
Andrew Robertson,Liverpool,DEF,372,25,5.7,1.14,0
Andrew Robertson,Liverpool,DEF,372,26,5.7,2.8,8
Andrew Robertson,Liverpool,DEF,372,27,5.7,1.77,1
Andrew Robertson,Liverpool,DEF,372,28,5.7,1.83,0
Virgil van Dijk,Liverpool,DEF,373,15,6.0,4.81,2
Virgil van Dijk,Liverpool,DEF,373,16,5.9,4.66,6
Virgil van Dijk,Liverpool,DEF,373,17,5.9,4.87,2
Virgil van Dijk,Liverpool,DEF,373,18,5.9,4.66,2
Virgil van Dijk,Liverpool,DEF,373,19,5.9,4.54,6
Virgil van Dijk,Liverpool,DEF,373,20,5.9,4.41,1
Virgil van Dijk,Liverpool,DEF,373,21,5.9,4.63,6
Virgil van Dijk,Liverpool,DEF,373,22,5.9,4.85,2
Virgil van Dijk,Liverpool,DEF,373,23,5.9,4.7,9
Virgil van Dijk,Liverpool,DEF,373,24,5.9,5.06,4
Virgil van Dijk,Liverpool,DEF,373,25,5.9,4.58,0
Virgil van Dijk,Liverpool,DEF,373,26,5.9,4.99,17
Virgil van Dijk,Liverpool,DEF,373,27,5.9,5.68,11
Virgil van Dijk,Liverpool,DEF,373,28,6.0,6.44,7
Ibrahima Konaté,Liverpool,DEF,374,15,5.4,4.08,1
Ibrahima Konaté,Liverpool,DEF,374,16,5.4,4.4,9
Ibrahima Konaté,Liverpool,DEF,374,17,5.4,4.52,1
Ibrahima Konaté,Liverpool,DEF,374,18,5.4,4.64,2
Ibrahima Konaté,Liverpool,DEF,374,19,5.4,4.63,7
Ibrahima Konaté,Liverpool,DEF,374,20,5.4,4.34,1
Ibrahima Konaté,Liverpool,DEF,374,21,5.4,4.57,7
Ibrahima Konaté,Liverpool,DEF,374,22,5.4,4.93,2
Ibrahima Konaté,Liverpool,DEF,374,23,5.4,3.0,0
Ibrahima Konaté,Liverpool,DEF,374,24,5.4,4.33,11
Ibrahima Konaté,Liverpool,DEF,374,25,5.4,3.99,1
Ibrahima Konaté,Liverpool,DEF,374,26,5.4,4.3,6
Ibrahima Konaté,Liverpool,DEF,374,27,5.4,5.08,9
Ibrahima Konaté,Liverpool,DEF,374,28,5.4,5.03,1
Conor Bradley,Liverpool,DEF,375,15,5.0,2.43,5
Conor Bradley,Liverpool,DEF,375,16,5.0,1.16,0
Conor Bradley,Liverpool,DEF,375,17,5.0,1.35,1
Conor Bradley,Liverpool,DEF,375,18,5.0,1.44,1
Conor Bradley,Liverpool,DEF,375,19,5.0,2.72,6
Conor Bradley,Liverpool,DEF,375,20,5.0,3.53,8
Conor Bradley,Liverpool,DEF,375,21,5.0,4.23,6
Conor Bradley,Liverpool,DEF,375,22,5.0,3.21,0
Conor Bradley,Liverpool,DEF,375,23,5.0,2.47,0
Conor Bradley,Liverpool,DEF,375,24,5.0,1.59,0
Conor Bradley,Liverpool,DEF,375,25,4.9,0.93,0
Conor Bradley,Liverpool,DEF,375,26,4.9,0.89,0
Conor Bradley,Liverpool,DEF,375,27,4.9,0.79,0
Conor Bradley,Liverpool,DEF,375,28,4.9,0.76,0
Joe Gomez,Liverpool,DEF,376,15,4.9,2.35,-1
Joe Gomez,Liverpool,DEF,376,16,4.9,2.62,4
Joe Gomez,Liverpool,DEF,376,17,4.9,1.91,0
Joe Gomez,Liverpool,DEF,376,18,4.9,1.26,0
Joe Gomez,Liverpool,DEF,376,19,4.9,1.01,0
Joe Gomez,Liverpool,DEF,376,20,4.9,0.76,1
Joe Gomez,Liverpool,DEF,376,21,4.9,0.83,1
Joe Gomez,Liverpool,DEF,376,22,4.9,0.79,0
Joe Gomez,Liverpool,DEF,376,23,4.9,0.82,0
Joe Gomez,Liverpool,DEF,376,24,4.9,0.74,0
Joe Gomez,Liverpool,DEF,376,25,4.9,0.64,0
Joe Gomez,Liverpool,DEF,376,26,4.9,0.71,1
Joe Gomez,Liverpool,DEF,376,27,4.9,0.75,1
Joe Gomez,Liverpool,DEF,376,28,4.9,2.17,1
Konstantinos Tsimikas,Liverpool,DEF,377,15,4.8,0.4,0
Konstantinos Tsimikas,Liverpool,DEF,377,16,4.8,0.27,0
Konstantinos Tsimikas,Liverpool,DEF,377,17,4.8,0.38,0
Konstantinos Tsimikas,Liverpool,DEF,377,18,4.8,0.3,0
Konstantinos Tsimikas,Liverpool,DEF,377,19,4.8,0.28,0
Konstantinos Tsimikas,Liverpool,DEF,377,20,4.8,0.39,0
Konstantinos Tsimikas,Liverpool,DEF,377,21,4.8,0.38,0
Konstantinos Tsimikas,Liverpool,DEF,377,22,4.8,0.3,0
Konstantinos Tsimikas,Liverpool,DEF,377,23,4.8,0.33,0
Konstantinos Tsimikas,Liverpool,DEF,377,24,4.8,0.26,0
Konstantinos Tsimikas,Liverpool,DEF,377,25,4.8,0.21,0
Konstantinos Tsimikas,Liverpool,DEF,377,26,4.8,0.28,0
Konstantinos Tsimikas,Liverpool,DEF,377,27,4.8,0.29,0
Konstantinos Tsimikas,Liverpool,DEF,377,28,4.8,0.26,0
Amara Nallo,Liverpool,DEF,378,15,3.8,0.0,0
Amara Nallo,Liverpool,DEF,378,16,3.8,0.0,0
Amara Nallo,Liverpool,DEF,378,17,3.8,0.0,0
Amara Nallo,Liverpool,DEF,378,18,3.8,0.0,0
Amara Nallo,Liverpool,DEF,378,19,3.7,0.0,0
Amara Nallo,Liverpool,DEF,378,20,3.7,0.01,0
Amara Nallo,Liverpool,DEF,378,21,3.7,0.0,0
Amara Nallo,Liverpool,DEF,378,22,3.7,0.0,0
Amara Nallo,Liverpool,DEF,378,23,3.7,0.0,0
Amara Nallo,Liverpool,DEF,378,24,3.7,0.0,0
Amara Nallo,Liverpool,DEF,378,25,3.7,0.0,0
Amara Nallo,Liverpool,DEF,378,26,3.7,0.0,0
Amara Nallo,Liverpool,DEF,378,27,3.7,0.0,0
Amara Nallo,Liverpool,DEF,378,28,3.7,0.0,0
Rhys Williams,Liverpool,DEF,379,15,3.8,0.0,0
Rhys Williams,Liverpool,DEF,379,16,3.8,0.0,0
Rhys Williams,Liverpool,DEF,379,17,3.8,0.0,0
Rhys Williams,Liverpool,DEF,379,18,3.8,0.0,0
Rhys Williams,Liverpool,DEF,379,19,3.8,0.0,0
Rhys Williams,Liverpool,DEF,379,20,3.8,0.0,0
Rhys Williams,Liverpool,DEF,379,21,3.8,0.0,0
Rhys Williams,Liverpool,DEF,379,22,3.8,0.0,0
Rhys Williams,Liverpool,DEF,379,23,3.8,0.0,0
Rhys Williams,Liverpool,DEF,379,24,3.7,0.0,0
Rhys Williams,Liverpool,DEF,379,25,3.7,0.0,0
Rhys Williams,Liverpool,DEF,379,26,3.7,0.0,0
Rhys Williams,Liverpool,DEF,379,27,3.7,0.0,0
Rhys Williams,Liverpool,DEF,379,28,3.7,0.0,0
Calvin Ramsay,Liverpool,DEF,380,15,3.8,0.0,0
Calvin Ramsay,Liverpool,DEF,380,16,3.8,0.0,0
Calvin Ramsay,Liverpool,DEF,380,17,3.8,0.0,0
Calvin Ramsay,Liverpool,DEF,380,18,3.8,0.0,0
Calvin Ramsay,Liverpool,DEF,380,19,3.8,0.0,0
Calvin Ramsay,Liverpool,DEF,380,20,3.8,0.0,0
Calvin Ramsay,Liverpool,DEF,380,21,3.8,0.0,0
Calvin Ramsay,Liverpool,DEF,380,22,3.8,0.0,0
Calvin Ramsay,Liverpool,DEF,380,23,3.8,0.0,0
Calvin Ramsay,Liverpool,DEF,380,24,3.8,0.0,0
Calvin Ramsay,Liverpool,DEF,380,25,3.8,0.0,0
Calvin Ramsay,Liverpool,DEF,380,26,3.8,0.0,0
Calvin Ramsay,Liverpool,DEF,380,27,3.8,0.0,0
Calvin Ramsay,Liverpool,DEF,380,28,3.8,0.0,0
Mohamed Salah,Liverpool,MID,381,15,14.1,5.22,0
Mohamed Salah,Liverpool,MID,381,16,14.0,6.19,7
Mohamed Salah,Liverpool,MID,381,17,14.0,5.33,0
Mohamed Salah,Liverpool,MID,381,18,14.0,5.03,0
Mohamed Salah,Liverpool,MID,381,19,14.0,5.01,0
Mohamed Salah,Liverpool,MID,381,20,14.0,4.58,0
Mohamed Salah,Liverpool,MID,381,21,14.0,4.57,0
Mohamed Salah,Liverpool,MID,381,22,14.0,4.37,0
Mohamed Salah,Liverpool,MID,381,23,14.0,6.05,5
Mohamed Salah,Liverpool,MID,381,24,14.0,6.59,5
Mohamed Salah,Liverpool,MID,381,25,14.0,7.2,2
Mohamed Salah,Liverpool,MID,381,26,14.0,7.74,6
Mohamed Salah,Liverpool,MID,381,27,14.0,7.88,3
Mohamed Salah,Liverpool,MID,381,28,14.0,7.67,2
Florian Wirtz,Liverpool,MID,382,15,8.0,4.53,3
Florian Wirtz,Liverpool,MID,382,16,8.0,4.88,5
Florian Wirtz,Liverpool,MID,382,17,8.0,5.27,8
Florian Wirtz,Liverpool,MID,382,18,8.1,5.54,10
Florian Wirtz,Liverpool,MID,382,19,8.2,5.94,3
Florian Wirtz,Liverpool,MID,382,20,8.2,5.83,10
Florian Wirtz,Liverpool,MID,382,21,8.2,5.73,3
Florian Wirtz,Liverpool,MID,382,22,8.2,5.48,10
Florian Wirtz,Liverpool,MID,382,23,8.3,5.93,2
Florian Wirtz,Liverpool,MID,382,24,8.3,5.49,12
Florian Wirtz,Liverpool,MID,382,25,8.3,6.01,2
Florian Wirtz,Liverpool,MID,382,26,8.4,5.64,3
Florian Wirtz,Liverpool,MID,382,27,8.4,4.11,0
Florian Wirtz,Liverpool,MID,382,28,8.4,3.2,0
Luis Díaz Marulanda,Liverpool,MID,383,15,8.0,1.49,0
Luis Díaz Marulanda,Liverpool,MID,383,16,8.0,1.36,0
Luis Díaz Marulanda,Liverpool,MID,383,17,8.0,1.48,0
Luis Díaz Marulanda,Liverpool,MID,383,18,8.0,1.4,0
Luis Díaz Marulanda,Liverpool,MID,383,19,8.0,1.38,0
Luis Díaz Marulanda,Liverpool,MID,383,20,8.0,1.49,0
Luis Díaz Marulanda,Liverpool,MID,383,21,8.0,1.48,0
Luis Díaz Marulanda,Liverpool,MID,383,22,8.0,1.4,0
Luis Díaz Marulanda,Liverpool,MID,383,23,8.0,1.43,0
Luis Díaz Marulanda,Liverpool,MID,383,24,8.0,1.35,0
Luis Díaz Marulanda,Liverpool,MID,383,25,8.0,1.31,0
Luis Díaz Marulanda,Liverpool,MID,383,26,8.0,1.38,0
Luis Díaz Marulanda,Liverpool,MID,383,27,8.0,1.38,0
Luis Díaz Marulanda,Liverpool,MID,383,28,8.0,1.35,0
Cody Gakpo,Liverpool,MID,384,15,7.5,4.97,2
Cody Gakpo,Liverpool,MID,384,16,7.4,3.15,0
Cody Gakpo,Liverpool,MID,384,17,7.3,2.42,0
Cody Gakpo,Liverpool,MID,384,18,7.3,2.14,1
Cody Gakpo,Liverpool,MID,384,19,7.3,1.68,1
Cody Gakpo,Liverpool,MID,384,20,7.3,3.58,6
Cody Gakpo,Liverpool,MID,384,21,7.3,4.08,3
Cody Gakpo,Liverpool,MID,384,22,7.3,4.46,2
Cody Gakpo,Liverpool,MID,384,23,7.3,4.71,2
Cody Gakpo,Liverpool,MID,384,24,7.3,4.52,4
Cody Gakpo,Liverpool,MID,384,25,7.3,4.56,2
Cody Gakpo,Liverpool,MID,384,26,7.3,4.62,3
Cody Gakpo,Liverpool,MID,384,27,7.3,4.72,3
Cody Gakpo,Liverpool,MID,384,28,7.3,4.69,6
Federico Chiesa,Liverpool,MID,385,15,6.3,1.14,0
Federico Chiesa,Liverpool,MID,385,16,6.3,0.88,1
Federico Chiesa,Liverpool,MID,385,17,6.3,1.1,1
Federico Chiesa,Liverpool,MID,385,18,6.3,2.71,2
Federico Chiesa,Liverpool,MID,385,19,6.3,1.33,1
Federico Chiesa,Liverpool,MID,385,20,6.3,1.45,1
Federico Chiesa,Liverpool,MID,385,21,6.3,1.46,0
Federico Chiesa,Liverpool,MID,385,22,6.3,1.1,1
Federico Chiesa,Liverpool,MID,385,23,6.3,1.1,0
Federico Chiesa,Liverpool,MID,385,24,6.3,0.92,1
Federico Chiesa,Liverpool,MID,385,25,6.3,0.97,1
Federico Chiesa,Liverpool,MID,385,26,6.3,1.04,1
Federico Chiesa,Liverpool,MID,385,27,6.3,1.17,1
Federico Chiesa,Liverpool,MID,385,28,6.3,1.15,0
Alexis Mac Allister,Liverpool,MID,386,15,6.3,2.29,1
Alexis Mac Allister,Liverpool,MID,386,16,6.2,3.42,3
Alexis Mac Allister,Liverpool,MID,386,17,6.2,3.33,1
Alexis Mac Allister,Liverpool,MID,386,18,6.2,3.63,2
Alexis Mac Allister,Liverpool,MID,386,19,6.2,2.18,1
Alexis Mac Allister,Liverpool,MID,386,20,6.2,3.61,2
Alexis Mac Allister,Liverpool,MID,386,21,6.2,3.6,2
Alexis Mac Allister,Liverpool,MID,386,22,6.2,2.01,1
Alexis Mac Allister,Liverpool,MID,386,23,6.2,2.01,1
Alexis Mac Allister,Liverpool,MID,386,24,6.2,3.12,1
Alexis Mac Allister,Liverpool,MID,386,25,6.2,3.32,2
Alexis Mac Allister,Liverpool,MID,386,26,6.2,3.66,3
Alexis Mac Allister,Liverpool,MID,386,27,6.2,4.01,13
Alexis Mac Allister,Liverpool,MID,386,28,6.2,4.63,9
Dominik Szoboszlai,Liverpool,MID,387,15,6.6,4.25,8
Dominik Szoboszlai,Liverpool,MID,387,16,6.7,4.45,3
Dominik Szoboszlai,Liverpool,MID,387,17,6.7,4.22,1
Dominik Szoboszlai,Liverpool,MID,387,18,6.6,2.74,0
Dominik Szoboszlai,Liverpool,MID,387,19,6.6,3.88,3
Dominik Szoboszlai,Liverpool,MID,387,20,6.6,4.02,2
Dominik Szoboszlai,Liverpool,MID,387,21,6.6,3.89,3
Dominik Szoboszlai,Liverpool,MID,387,22,6.6,4.05,0
Dominik Szoboszlai,Liverpool,MID,387,23,6.6,4.22,13
Dominik Szoboszlai,Liverpool,MID,387,24,6.7,4.86,5
Dominik Szoboszlai,Liverpool,MID,387,25,6.7,3.03,8
Dominik Szoboszlai,Liverpool,MID,387,26,6.7,3.94,0
Dominik Szoboszlai,Liverpool,MID,387,27,6.7,4.67,3
Dominik Szoboszlai,Liverpool,MID,387,28,6.8,4.63,4
Curtis Jones,Liverpool,MID,388,15,5.4,2.73,2
Curtis Jones,Liverpool,MID,388,16,5.4,2.72,3
Curtis Jones,Liverpool,MID,388,17,5.4,3.26,2
Curtis Jones,Liverpool,MID,388,18,5.4,3.52,5
Curtis Jones,Liverpool,MID,388,19,5.4,3.63,3
Curtis Jones,Liverpool,MID,388,20,5.4,3.71,2
Curtis Jones,Liverpool,MID,388,21,5.4,2.06,0
Curtis Jones,Liverpool,MID,388,22,5.4,3.08,5
Curtis Jones,Liverpool,MID,388,23,5.4,1.74,1
Curtis Jones,Liverpool,MID,388,24,5.4,1.4,1
Curtis Jones,Liverpool,MID,388,25,5.4,1.43,1
Curtis Jones,Liverpool,MID,388,26,5.4,1.07,1
Curtis Jones,Liverpool,MID,388,27,5.4,2.68,3
Curtis Jones,Liverpool,MID,388,28,5.4,1.29,0
Harvey Elliott,Aston Villa,MID,389,15,5.3,0.26,0
Harvey Elliott,Aston Villa,MID,389,16,5.2,0.3,0
Harvey Elliott,Aston Villa,MID,389,17,5.2,0.18,0
Harvey Elliott,Aston Villa,MID,389,18,5.2,0.26,0
Harvey Elliott,Aston Villa,MID,389,19,5.2,0.24,0
Harvey Elliott,Aston Villa,MID,389,20,5.1,0.1,0
Harvey Elliott,Aston Villa,MID,389,21,5.1,0.17,0
Harvey Elliott,Aston Villa,MID,389,22,5.1,0.1,0
Harvey Elliott,Aston Villa,MID,389,23,5.1,0.17,0
Harvey Elliott,Aston Villa,MID,389,24,5.1,0.1,1
Harvey Elliott,Aston Villa,MID,389,25,5.1,0.27,0
Harvey Elliott,Aston Villa,MID,389,26,5.1,0.16,0
Harvey Elliott,Aston Villa,MID,389,27,5.1,0.16,0
Harvey Elliott,Aston Villa,MID,389,28,5.1,0.13,0
Ryan Gravenberch,Liverpool,MID,390,15,5.6,4.31,5
Ryan Gravenberch,Liverpool,MID,390,16,5.6,4.4,5
Ryan Gravenberch,Liverpool,MID,390,17,5.6,4.75,2
Ryan Gravenberch,Liverpool,MID,390,18,5.6,4.58,11
Ryan Gravenberch,Liverpool,MID,390,19,5.7,4.77,5
Ryan Gravenberch,Liverpool,MID,390,20,5.7,4.86,2
Ryan Gravenberch,Liverpool,MID,390,21,5.7,4.81,3
Ryan Gravenberch,Liverpool,MID,390,22,5.7,4.52,2
Ryan Gravenberch,Liverpool,MID,390,23,5.7,4.08,1
Ryan Gravenberch,Liverpool,MID,390,24,5.6,4.12,4
Ryan Gravenberch,Liverpool,MID,390,25,5.6,4.18,5
Ryan Gravenberch,Liverpool,MID,390,26,5.5,4.56,5
Ryan Gravenberch,Liverpool,MID,390,27,5.5,4.89,3
Ryan Gravenberch,Liverpool,MID,390,28,5.5,4.85,5
Ben Gannon-Doak,Bournemouth,MID,391,15,4.9,0.07,0
Ben Gannon-Doak,Bournemouth,MID,391,16,4.8,0.1,0
Ben Gannon-Doak,Bournemouth,MID,391,17,4.8,0.05,0
Ben Gannon-Doak,Bournemouth,MID,391,18,4.8,0.08,0
Ben Gannon-Doak,Bournemouth,MID,391,19,4.8,0.04,0
Ben Gannon-Doak,Bournemouth,MID,391,20,4.8,0.0,0
Ben Gannon-Doak,Bournemouth,MID,391,21,4.8,0.0,0
Ben Gannon-Doak,Bournemouth,MID,391,22,4.8,0.02,0
Ben Gannon-Doak,Bournemouth,MID,391,23,4.8,0.0,0
Ben Gannon-Doak,Bournemouth,MID,391,24,4.8,0.03,0
Ben Gannon-Doak,Bournemouth,MID,391,25,4.8,0.0,0
Ben Gannon-Doak,Bournemouth,MID,391,26,4.8,0.04,0
Ben Gannon-Doak,Bournemouth,MID,391,27,4.8,0.02,0
Ben Gannon-Doak,Bournemouth,MID,391,28,4.8,0.0,0
Endo Wataru,Liverpool,MID,392,15,4.9,0.17,1
Endo Wataru,Liverpool,MID,392,16,4.9,0.12,0
Endo Wataru,Liverpool,MID,392,17,4.9,0.23,0
Endo Wataru,Liverpool,MID,392,18,4.9,0.15,0
Endo Wataru,Liverpool,MID,392,19,4.9,0.06,0
Endo Wataru,Liverpool,MID,392,20,4.9,0.17,0
Endo Wataru,Liverpool,MID,392,21,4.9,0.15,0
Endo Wataru,Liverpool,MID,392,22,4.9,0.07,0
Endo Wataru,Liverpool,MID,392,23,4.9,0.11,1
Endo Wataru,Liverpool,MID,392,24,4.9,0.25,1
Endo Wataru,Liverpool,MID,392,25,4.9,0.29,0
Endo Wataru,Liverpool,MID,392,26,4.9,2.01,3
Endo Wataru,Liverpool,MID,392,27,4.9,0.58,0
Endo Wataru,Liverpool,MID,392,28,4.9,0.46,0
Stefan Bajčetić Maquieira,Liverpool,MID,393,15,4.3,0.0,0
Stefan Bajčetić Maquieira,Liverpool,MID,393,16,4.3,0.0,0
Stefan Bajčetić Maquieira,Liverpool,MID,393,17,4.3,0.0,0
Stefan Bajčetić Maquieira,Liverpool,MID,393,18,4.3,0.0,0
Stefan Bajčetić Maquieira,Liverpool,MID,393,19,4.3,0.0,0
Stefan Bajčetić Maquieira,Liverpool,MID,393,20,4.3,0.0,0
Stefan Bajčetić Maquieira,Liverpool,MID,393,21,4.3,0.0,0
Stefan Bajčetić Maquieira,Liverpool,MID,393,22,4.3,0.0,0
Stefan Bajčetić Maquieira,Liverpool,MID,393,23,4.3,0.0,0
Stefan Bajčetić Maquieira,Liverpool,MID,393,24,4.3,0.0,0
Stefan Bajčetić Maquieira,Liverpool,MID,393,25,4.3,0.0,0
Stefan Bajčetić Maquieira,Liverpool,MID,393,26,4.3,0.0,0
Stefan Bajčetić Maquieira,Liverpool,MID,393,27,4.3,0.0,0
Stefan Bajčetić Maquieira,Liverpool,MID,393,28,4.3,0.0,0
James McConnell,Liverpool,MID,394,15,4.4,0.0,0
James McConnell,Liverpool,MID,394,16,4.4,0.0,0
James McConnell,Liverpool,MID,394,17,4.4,0.0,0
James McConnell,Liverpool,MID,394,18,4.4,0.0,0
James McConnell,Liverpool,MID,394,19,4.4,0.0,0
James McConnell,Liverpool,MID,394,20,4.4,0.0,0
James McConnell,Liverpool,MID,394,21,4.4,0.0,0
James McConnell,Liverpool,MID,394,22,4.4,0.0,0
James McConnell,Liverpool,MID,394,23,4.4,0.0,0
James McConnell,Liverpool,MID,394,24,4.4,0.0,0
James McConnell,Liverpool,MID,394,25,4.4,0.0,0
James McConnell,Liverpool,MID,394,26,4.4,0.0,0
James McConnell,Liverpool,MID,394,27,4.4,0.0,0
James McConnell,Liverpool,MID,394,28,4.4,0.0,0
Tyler Morton,Liverpool,MID,395,15,4.5,0.0,0
Tyler Morton,Liverpool,MID,395,16,4.5,0.0,0
Tyler Morton,Liverpool,MID,395,17,4.5,0.0,0
Tyler Morton,Liverpool,MID,395,18,4.5,0.0,0
Tyler Morton,Liverpool,MID,395,19,4.5,0.0,0
Tyler Morton,Liverpool,MID,395,20,4.5,0.0,0
Tyler Morton,Liverpool,MID,395,21,4.5,0.0,0
Tyler Morton,Liverpool,MID,395,22,4.5,0.0,0
Tyler Morton,Liverpool,MID,395,23,4.5,0.0,0
Tyler Morton,Liverpool,MID,395,24,4.5,0.0,0
Tyler Morton,Liverpool,MID,395,25,4.5,0.0,0
Tyler Morton,Liverpool,MID,395,26,4.5,0.0,0
Tyler Morton,Liverpool,MID,395,27,4.5,0.0,0
Tyler Morton,Liverpool,MID,395,28,4.5,0.0,0
Trey Nyoni,Liverpool,MID,396,15,4.3,0.0,0
Trey Nyoni,Liverpool,MID,396,16,4.3,0.0,0
Trey Nyoni,Liverpool,MID,396,17,4.3,0.0,1
Trey Nyoni,Liverpool,MID,396,18,4.3,0.0,1
Trey Nyoni,Liverpool,MID,396,19,4.3,0.0,0
Trey Nyoni,Liverpool,MID,396,20,4.3,0.0,0
Trey Nyoni,Liverpool,MID,396,21,4.3,0.0,0
Trey Nyoni,Liverpool,MID,396,22,4.3,0.0,0
Trey Nyoni,Liverpool,MID,396,23,4.3,0.0,0
Trey Nyoni,Liverpool,MID,396,24,4.3,0.0,0
Trey Nyoni,Liverpool,MID,396,25,4.3,0.0,0
Trey Nyoni,Liverpool,MID,396,26,4.3,0.0,0
Trey Nyoni,Liverpool,MID,396,27,4.3,0.0,0
Trey Nyoni,Liverpool,MID,396,28,4.3,0.0,1
Darwin Núñez Ribeiro,Liverpool,FWD,397,15,6.5,1.05,0
Darwin Núñez Ribeiro,Liverpool,FWD,397,16,6.5,0.92,0
Darwin Núñez Ribeiro,Liverpool,FWD,397,17,6.5,1.03,0
Darwin Núñez Ribeiro,Liverpool,FWD,397,18,6.5,0.95,0
Darwin Núñez Ribeiro,Liverpool,FWD,397,19,6.5,0.93,0
Darwin Núñez Ribeiro,Liverpool,FWD,397,20,6.5,1.04,0
Darwin Núñez Ribeiro,Liverpool,FWD,397,21,6.5,1.03,0
Darwin Núñez Ribeiro,Liverpool,FWD,397,22,6.5,0.96,0
Darwin Núñez Ribeiro,Liverpool,FWD,397,23,6.5,0.99,0
Darwin Núñez Ribeiro,Liverpool,FWD,397,24,6.5,0.91,0
Darwin Núñez Ribeiro,Liverpool,FWD,397,25,6.5,0.86,0
Darwin Núñez Ribeiro,Liverpool,FWD,397,26,6.5,0.93,0
Darwin Núñez Ribeiro,Liverpool,FWD,397,27,6.5,0.94,0
Darwin Núñez Ribeiro,Liverpool,FWD,397,28,6.5,0.91,0
Jayden Danns,Liverpool,FWD,398,15,4.3,0.05,0
Jayden Danns,Liverpool,FWD,398,16,4.3,0.0,0
Jayden Danns,Liverpool,FWD,398,17,4.3,0.04,0
Jayden Danns,Liverpool,FWD,398,18,4.3,0.0,0
Jayden Danns,Liverpool,FWD,398,19,4.3,0.0,0
Jayden Danns,Liverpool,FWD,398,20,4.3,0.05,0
Jayden Danns,Liverpool,FWD,398,21,4.3,0.04,0
Jayden Danns,Liverpool,FWD,398,22,4.3,0.0,0
Jayden Danns,Liverpool,FWD,398,23,4.3,0.0,0
Jayden Danns,Liverpool,FWD,398,24,4.3,0.0,0
Jayden Danns,Liverpool,FWD,398,25,4.3,0.0,0
Jayden Danns,Liverpool,FWD,398,26,4.3,0.0,0
Jayden Danns,Liverpool,FWD,398,27,4.3,0.0,0
Jayden Danns,Liverpool,FWD,398,28,4.3,0.0,0
Ederson Santana de Moraes,Man City,GK,399,15,5.3,0.35,0
Ederson Santana de Moraes,Man City,GK,399,16,5.3,0.38,0
Ederson Santana de Moraes,Man City,GK,399,17,5.3,0.3,0
Ederson Santana de Moraes,Man City,GK,399,18,5.3,0.42,0
Ederson Santana de Moraes,Man City,GK,399,19,5.3,0.41,0
Ederson Santana de Moraes,Man City,GK,399,20,5.3,0.35,0
Ederson Santana de Moraes,Man City,GK,399,21,5.3,0.34,0
Ederson Santana de Moraes,Man City,GK,399,22,5.3,0.38,0
Ederson Santana de Moraes,Man City,GK,399,23,5.3,0.26,0
Ederson Santana de Moraes,Man City,GK,399,24,5.3,0.3,0
Ederson Santana de Moraes,Man City,GK,399,25,5.3,0.3,0
Ederson Santana de Moraes,Man City,GK,399,26,5.3,0.19,0
Ederson Santana de Moraes,Man City,GK,399,27,5.3,0.2,0
Ederson Santana de Moraes,Man City,GK,399,28,5.3,0.29,0
Stefan Ortega Moreno,Man City,GK,400,15,4.8,0.13,0
Stefan Ortega Moreno,Man City,GK,400,16,4.7,0.1,0
Stefan Ortega Moreno,Man City,GK,400,17,4.7,0.03,0
Stefan Ortega Moreno,Man City,GK,400,18,4.7,0.15,0
Stefan Ortega Moreno,Man City,GK,400,19,4.7,0.14,0
Stefan Ortega Moreno,Man City,GK,400,20,4.7,0.08,0
Stefan Ortega Moreno,Man City,GK,400,21,4.7,0.07,0
Stefan Ortega Moreno,Man City,GK,400,22,4.7,0.11,0
Stefan Ortega Moreno,Man City,GK,400,23,4.7,0.0,0
Stefan Ortega Moreno,Man City,GK,400,24,4.7,0.03,0
Stefan Ortega Moreno,Nott'm Forest,GK,400,25,4.7,1.41,1
Stefan Ortega Moreno,Nott'm Forest,GK,400,26,4.7,2.02,7
Stefan Ortega Moreno,Nott'm Forest,GK,400,27,4.7,2.67,3
Stefan Ortega Moreno,Nott'm Forest,GK,400,28,4.7,1.63,0
Marcus Bettinelli,Man City,GK,401,15,3.9,0.0,0
Marcus Bettinelli,Man City,GK,401,16,3.9,0.0,0
Marcus Bettinelli,Man City,GK,401,17,3.9,0.0,0
Marcus Bettinelli,Man City,GK,401,18,3.9,0.0,0
Marcus Bettinelli,Man City,GK,401,19,3.9,0.0,0
Marcus Bettinelli,Man City,GK,401,20,3.9,0.0,0
Marcus Bettinelli,Man City,GK,401,21,3.9,0.0,0
Marcus Bettinelli,Man City,GK,401,22,3.8,0.0,0
Marcus Bettinelli,Man City,GK,401,23,3.8,0.0,0
Marcus Bettinelli,Man City,GK,401,24,3.8,0.0,0
Marcus Bettinelli,Man City,GK,401,25,3.8,0.0,0
Marcus Bettinelli,Man City,GK,401,26,3.8,0.0,0
Marcus Bettinelli,Man City,GK,401,27,3.8,0.0,0
Marcus Bettinelli,Man City,GK,401,28,3.8,0.0,0
Rayan Aït-Nouri,Man City,DEF,402,15,5.7,0.89,0
Rayan Aït-Nouri,Man City,DEF,402,16,5.7,0.92,1
Rayan Aït-Nouri,Man City,DEF,402,17,5.7,0.89,0
Rayan Aït-Nouri,Man City,DEF,402,18,5.7,1.02,0
Rayan Aït-Nouri,Man City,DEF,402,19,5.7,1.01,0
Rayan Aït-Nouri,Man City,DEF,402,20,5.7,0.9,0
Rayan Aït-Nouri,Man City,DEF,402,21,5.7,0.89,0
Rayan Aït-Nouri,Man City,DEF,402,22,5.7,0.93,1
Rayan Aït-Nouri,Man City,DEF,402,23,5.7,0.9,0
Rayan Aït-Nouri,Man City,DEF,402,24,5.7,2.56,2
Rayan Aït-Nouri,Man City,DEF,402,25,5.7,2.9,2
Rayan Aït-Nouri,Man City,DEF,402,26,5.7,3.17,9
Rayan Aït-Nouri,Man City,DEF,402,27,5.7,4.06,2
Rayan Aït-Nouri,Man City,DEF,402,28,5.7,4.33,11
Joško Gvardiol,Man City,DEF,403,15,5.8,4.11,12
Joško Gvardiol,Man City,DEF,403,16,5.9,4.94,8
Joško Gvardiol,Man City,DEF,403,17,6.0,5.15,6
Joško Gvardiol,Man City,DEF,403,18,6.0,5.92,8
Joško Gvardiol,Man City,DEF,403,19,6.0,4.34,1
Joško Gvardiol,Man City,DEF,403,20,6.1,3.61,1
Joško Gvardiol,Man City,DEF,403,21,6.1,2.98,0
Joško Gvardiol,Man City,DEF,403,22,6.0,2.18,0
Joško Gvardiol,Man City,DEF,403,23,6.0,1.84,0
Joško Gvardiol,Man City,DEF,403,24,5.9,1.53,0
Joško Gvardiol,Man City,DEF,403,25,5.9,1.53,0
Joško Gvardiol,Man City,DEF,403,26,5.9,1.4,0
Joško Gvardiol,Man City,DEF,403,27,5.9,1.4,0
Joško Gvardiol,Man City,DEF,403,28,5.9,1.49,0
Manuel Akanji,Man City,DEF,404,15,5.4,0.64,0
Manuel Akanji,Man City,DEF,404,16,5.4,0.66,0
Manuel Akanji,Man City,DEF,404,17,5.4,0.58,0
Manuel Akanji,Man City,DEF,404,18,5.4,0.71,0
Manuel Akanji,Man City,DEF,404,19,5.4,0.69,0
Manuel Akanji,Man City,DEF,404,20,5.4,0.63,0
Manuel Akanji,Man City,DEF,404,21,5.4,0.62,0
Manuel Akanji,Man City,DEF,404,22,5.4,0.67,0
Manuel Akanji,Man City,DEF,404,23,5.4,0.55,0
Manuel Akanji,Man City,DEF,404,24,5.4,0.58,0
Manuel Akanji,Man City,DEF,404,25,5.4,0.59,0
Manuel Akanji,Man City,DEF,404,26,5.4,0.47,0
Manuel Akanji,Man City,DEF,404,27,5.4,0.48,0
Manuel Akanji,Man City,DEF,404,28,5.4,0.57,0
Nathan Aké,Man City,DEF,405,15,5.3,0.78,1
Nathan Aké,Man City,DEF,405,16,5.3,0.94,0
Nathan Aké,Man City,DEF,405,17,5.3,0.86,0
Nathan Aké,Man City,DEF,405,18,5.3,0.92,1
Nathan Aké,Man City,DEF,405,19,5.3,2.56,8
Nathan Aké,Man City,DEF,405,20,5.3,1.73,1
Nathan Aké,Man City,DEF,405,21,5.3,3.47,2
Nathan Aké,Man City,DEF,405,22,5.3,3.53,1
Nathan Aké,Man City,DEF,405,23,5.3,1.65,0
Nathan Aké,Man City,DEF,405,24,5.3,1.55,0
Nathan Aké,Man City,DEF,405,25,5.3,1.14,1
Nathan Aké,Man City,DEF,405,26,5.3,0.8,0
Nathan Aké,Man City,DEF,405,27,5.3,0.78,0
Nathan Aké,Man City,DEF,405,28,5.3,0.86,1
Abdukodir Khusanov,Man City,DEF,406,15,5.4,0.75,0
Abdukodir Khusanov,Man City,DEF,406,16,5.4,0.78,0
Abdukodir Khusanov,Man City,DEF,406,17,5.4,0.71,1
Abdukodir Khusanov,Man City,DEF,406,18,5.4,0.95,0
Abdukodir Khusanov,Man City,DEF,406,19,5.4,0.93,0
Abdukodir Khusanov,Man City,DEF,406,20,5.4,0.88,1
Abdukodir Khusanov,Man City,DEF,406,21,5.4,2.58,2
Abdukodir Khusanov,Man City,DEF,406,22,5.4,3.05,3
Abdukodir Khusanov,Man City,DEF,406,23,5.4,3.47,6
Abdukodir Khusanov,Man City,DEF,406,24,5.4,3.7,0
Abdukodir Khusanov,Man City,DEF,406,25,5.4,3.95,6
Abdukodir Khusanov,Man City,DEF,406,26,5.4,2.41,1
Abdukodir Khusanov,Man City,DEF,406,27,5.4,1.94,1
Abdukodir Khusanov,Man City,DEF,406,28,5.4,1.87,0
Matheus Nunes,Man City,DEF,407,15,5.3,4.33,6
Matheus Nunes,Man City,DEF,407,16,5.3,4.85,11
Matheus Nunes,Man City,DEF,407,17,5.4,5.25,8
Matheus Nunes,Man City,DEF,407,18,5.4,5.93,4
Matheus Nunes,Man City,DEF,407,19,5.4,5.83,11
Matheus Nunes,Man City,DEF,407,20,5.4,5.62,1
Matheus Nunes,Man City,DEF,407,21,5.5,5.46,2
Matheus Nunes,Man City,DEF,407,22,5.5,3.52,0
Matheus Nunes,Man City,DEF,407,23,5.5,4.19,11
Matheus Nunes,Man City,DEF,407,24,5.4,4.59,1
Matheus Nunes,Man City,DEF,407,25,5.4,4.73,5
Matheus Nunes,Man City,DEF,407,26,5.4,4.04,4
Matheus Nunes,Man City,DEF,407,27,5.4,4.9,2
Matheus Nunes,Man City,DEF,407,28,5.4,5.17,8
Rúben dos Santos Gato Alves Dias,Man City,DEF,408,15,5.6,4.12,14
Rúben dos Santos Gato Alves Dias,Man City,DEF,408,16,5.6,4.76,8
Rúben dos Santos Gato Alves Dias,Man City,DEF,408,17,5.7,5.3,6
Rúben dos Santos Gato Alves Dias,Man City,DEF,408,18,5.7,5.91,3
Rúben dos Santos Gato Alves Dias,Man City,DEF,408,19,5.7,5.57,6
Rúben dos Santos Gato Alves Dias,Man City,DEF,408,20,5.7,5.52,5
Rúben dos Santos Gato Alves Dias,Man City,DEF,408,21,5.7,3.76,0
Rúben dos Santos Gato Alves Dias,Man City,DEF,408,22,5.6,3.07,0
Rúben dos Santos Gato Alves Dias,Man City,DEF,408,23,5.6,2.27,0
Rúben dos Santos Gato Alves Dias,Man City,DEF,408,24,5.5,1.72,0
Rúben dos Santos Gato Alves Dias,Man City,DEF,408,25,5.5,1.65,1
Rúben dos Santos Gato Alves Dias,Man City,DEF,408,26,5.5,3.26,6
Rúben dos Santos Gato Alves Dias,Man City,DEF,408,27,5.5,2.29,0
Rúben dos Santos Gato Alves Dias,Man City,DEF,408,28,5.5,4.27,9
John Stones,Man City,DEF,409,15,5.4,0.89,0
John Stones,Man City,DEF,409,16,5.4,0.92,0
John Stones,Man City,DEF,409,17,5.4,0.78,0
John Stones,Man City,DEF,409,18,5.4,0.84,0
John Stones,Man City,DEF,409,19,5.4,0.81,0
John Stones,Man City,DEF,409,20,5.4,0.75,0
John Stones,Man City,DEF,409,21,5.4,0.74,0
John Stones,Man City,DEF,409,22,5.4,0.79,0
John Stones,Man City,DEF,409,23,5.4,0.67,0
John Stones,Man City,DEF,409,24,5.4,0.7,0
John Stones,Man City,DEF,409,25,5.4,0.7,0
John Stones,Man City,DEF,409,26,5.4,0.59,0
John Stones,Man City,DEF,409,27,5.4,0.6,0
John Stones,Man City,DEF,409,28,5.4,0.69,0
Rico Lewis,Man City,DEF,410,15,4.7,0.49,1
Rico Lewis,Man City,DEF,410,16,4.7,0.63,1
Rico Lewis,Man City,DEF,410,17,4.7,0.64,1
Rico Lewis,Man City,DEF,410,18,4.7,0.92,0
Rico Lewis,Man City,DEF,410,19,4.7,0.8,0
Rico Lewis,Man City,DEF,410,20,4.7,0.67,0
Rico Lewis,Man City,DEF,410,21,4.7,0.55,1
Rico Lewis,Man City,DEF,410,22,4.6,1.98,0
Rico Lewis,Man City,DEF,410,23,4.6,0.83,0
Rico Lewis,Man City,DEF,410,24,4.6,0.86,0
Rico Lewis,Man City,DEF,410,25,4.6,0.78,0
Rico Lewis,Man City,DEF,410,26,4.6,0.35,0
Rico Lewis,Man City,DEF,410,27,4.6,0.34,0
Rico Lewis,Man City,DEF,410,28,4.6,0.43,0
Nico O'Reilly,Man City,DEF,411,15,5.2,4.18,6
Nico O'Reilly,Man City,DEF,411,16,5.2,4.59,6
Nico O'Reilly,Man City,DEF,411,17,5.3,4.58,6
Nico O'Reilly,Man City,DEF,411,18,5.3,4.99,1
Nico O'Reilly,Man City,DEF,411,19,5.3,3.23,1
Nico O'Reilly,Man City,DEF,411,20,5.3,4.39,2
Nico O'Reilly,Man City,DEF,411,21,5.3,2.55,1
Nico O'Reilly,Man City,DEF,411,22,5.2,2.2,-1
Nico O'Reilly,Man City,DEF,411,23,5.1,3.51,6
Nico O'Reilly,Man City,DEF,411,24,5.0,3.52,1
Nico O'Reilly,Man City,DEF,411,25,5.0,4.01,2
Nico O'Reilly,Man City,DEF,411,26,4.9,4.28,13
Nico O'Reilly,Man City,DEF,411,27,4.9,4.85,17
Nico O'Reilly,Man City,DEF,411,28,5.0,6.03,6
Vitor de Oliveira Nunes dos Reis,Man City,DEF,412,15,5.0,0.46,0
Vitor de Oliveira Nunes dos Reis,Man City,DEF,412,16,5.0,0.48,0
Vitor de Oliveira Nunes dos Reis,Man City,DEF,412,17,5.0,0.4,0
Vitor de Oliveira Nunes dos Reis,Man City,DEF,412,18,5.0,0.52,0
Vitor de Oliveira Nunes dos Reis,Man City,DEF,412,19,5.0,0.51,0
Vitor de Oliveira Nunes dos Reis,Man City,DEF,412,20,5.0,0.45,0
Vitor de Oliveira Nunes dos Reis,Man City,DEF,412,21,5.0,0.44,0
Vitor de Oliveira Nunes dos Reis,Man City,DEF,412,22,5.0,0.48,0
Vitor de Oliveira Nunes dos Reis,Man City,DEF,412,23,5.0,0.37,0
Vitor de Oliveira Nunes dos Reis,Man City,DEF,412,24,5.0,0.4,0
Vitor de Oliveira Nunes dos Reis,Man City,DEF,412,25,5.0,0.4,0
Vitor de Oliveira Nunes dos Reis,Man City,DEF,412,26,5.0,0.29,0
Vitor de Oliveira Nunes dos Reis,Man City,DEF,412,27,5.0,0.3,0
Vitor de Oliveira Nunes dos Reis,Man City,DEF,412,28,5.0,0.39,0
Omar Marmoush,Man City,MID,413,15,8.3,1.87,1
Omar Marmoush,Man City,MID,413,16,8.3,1.95,1
Omar Marmoush,Man City,MID,413,17,8.3,1.87,0
Omar Marmoush,Man City,MID,413,18,8.3,1.98,0
Omar Marmoush,Man City,MID,413,19,8.3,1.83,0
Omar Marmoush,Man City,MID,413,20,8.3,1.73,0
Omar Marmoush,Man City,MID,413,21,8.3,1.7,0
Omar Marmoush,Man City,MID,413,22,8.3,1.73,0
Omar Marmoush,Man City,MID,413,23,8.3,3.31,10
Omar Marmoush,Man City,MID,413,24,8.3,2.35,1
Omar Marmoush,Man City,MID,413,25,8.3,4.06,2
Omar Marmoush,Man City,MID,413,26,8.3,2.76,1
Omar Marmoush,Man City,MID,413,27,8.3,2.78,4
Omar Marmoush,Man City,MID,413,28,8.3,4.63,3
Phil Foden,Man City,MID,414,15,8.4,6.52,12
Phil Foden,Man City,MID,414,16,8.7,7.45,11
Phil Foden,Man City,MID,414,17,8.9,7.33,3
Phil Foden,Man City,MID,414,18,9.0,6.84,2
Phil Foden,Man City,MID,414,19,9.0,6.18,3
Phil Foden,Man City,MID,414,20,8.9,5.71,2
Phil Foden,Man City,MID,414,21,8.8,5.46,2
Phil Foden,Man City,MID,414,22,8.7,3.67,1
Phil Foden,Man City,MID,414,23,8.6,3.24,1
Phil Foden,Man City,MID,414,24,8.4,2.96,1
Phil Foden,Man City,MID,414,25,8.3,2.69,0
Phil Foden,Man City,MID,414,26,8.2,3.97,5
Phil Foden,Man City,MID,414,27,8.2,2.86,1
Phil Foden,Man City,MID,414,28,8.1,2.91,0
Sávio Moreira de Oliveira,Man City,MID,415,15,6.9,1.38,1
Sávio Moreira de Oliveira,Man City,MID,415,16,6.9,1.72,4
Sávio Moreira de Oliveira,Man City,MID,415,17,6.9,1.71,1
Sávio Moreira de Oliveira,Man City,MID,415,18,6.9,1.82,1
Sávio Moreira de Oliveira,Man City,MID,415,19,6.9,1.85,1
Sávio Moreira de Oliveira,Man City,MID,415,20,6.9,1.71,0
Sávio Moreira de Oliveira,Man City,MID,415,21,6.9,1.54,0
Sávio Moreira de Oliveira,Man City,MID,415,22,6.9,1.41,0
Sávio Moreira de Oliveira,Man City,MID,415,23,6.9,1.11,0
Sávio Moreira de Oliveira,Man City,MID,415,24,6.9,1.13,0
Sávio Moreira de Oliveira,Man City,MID,415,25,6.9,1.11,0
Sávio Moreira de Oliveira,Man City,MID,415,26,6.9,1.0,0
Sávio Moreira de Oliveira,Man City,MID,415,27,6.9,1.01,0
Sávio Moreira de Oliveira,Man City,MID,415,28,6.9,1.1,0
Bernardo Mota Veiga de Carvalho e Silva,Man City,MID,416,15,6.2,3.77,3
Bernardo Mota Veiga de Carvalho e Silva,Man City,MID,416,16,6.2,3.87,3
Bernardo Mota Veiga de Carvalho e Silva,Man City,MID,416,17,6.2,3.87,3
Bernardo Mota Veiga de Carvalho e Silva,Man City,MID,416,18,6.2,4.08,2
Bernardo Mota Veiga de Carvalho e Silva,Man City,MID,416,19,6.2,4.02,3
Bernardo Mota Veiga de Carvalho e Silva,Man City,MID,416,20,6.2,3.7,1
Bernardo Mota Veiga de Carvalho e Silva,Man City,MID,416,21,6.2,3.93,2
Bernardo Mota Veiga de Carvalho e Silva,Man City,MID,416,22,6.2,3.98,2
Bernardo Mota Veiga de Carvalho e Silva,Man City,MID,416,23,6.2,3.85,6
Bernardo Mota Veiga de Carvalho e Silva,Man City,MID,416,24,6.2,4.23,5
Bernardo Mota Veiga de Carvalho e Silva,Man City,MID,416,25,6.2,4.58,7
Bernardo Mota Veiga de Carvalho e Silva,Man City,MID,416,26,6.2,3.26,0
Bernardo Mota Veiga de Carvalho e Silva,Man City,MID,416,27,6.2,4.03,1
Bernardo Mota Veiga de Carvalho e Silva,Man City,MID,416,28,6.2,4.15,3
Rayan Cherki,Man City,MID,417,15,6.4,4.15,12
Rayan Cherki,Man City,MID,417,16,6.4,4.64,6
Rayan Cherki,Man City,MID,417,17,6.5,5.06,4
Rayan Cherki,Man City,MID,417,18,6.6,5.64,13
Rayan Cherki,Man City,MID,417,19,6.7,5.64,5
Rayan Cherki,Man City,MID,417,20,6.8,5.51,4
Rayan Cherki,Man City,MID,417,21,6.8,3.82,1
Rayan Cherki,Man City,MID,417,22,6.8,3.06,1
Rayan Cherki,Man City,MID,417,23,6.7,4.11,3
Rayan Cherki,Man City,MID,417,24,6.6,3.94,8
Rayan Cherki,Man City,MID,417,25,6.6,2.69,1
Rayan Cherki,Man City,MID,417,26,6.5,2.48,1
Rayan Cherki,Man City,MID,417,27,6.5,2.21,1
Rayan Cherki,Man City,MID,417,28,6.4,3.68,3
Jérémy Doku,Man City,MID,418,15,6.6,4.69,3
Jérémy Doku,Man City,MID,418,16,6.6,3.22,0
Jérémy Doku,Man City,MID,418,17,6.5,2.52,0
Jérémy Doku,Man City,MID,418,18,6.4,1.85,0
Jérémy Doku,Man City,MID,418,19,6.4,1.47,1
Jérémy Doku,Man City,MID,418,20,6.4,1.46,1
Jérémy Doku,Man City,MID,418,21,6.4,3.23,8
Jérémy Doku,Man City,MID,418,22,6.4,4.1,2
Jérémy Doku,Man City,MID,418,23,6.4,2.58,1
Jérémy Doku,Man City,MID,418,24,6.4,2.6,0
Jérémy Doku,Man City,MID,418,25,6.4,1.87,0
Jérémy Doku,Man City,MID,418,26,6.4,1.43,0
Jérémy Doku,Man City,MID,418,27,6.4,1.23,0
Jérémy Doku,Man City,MID,418,28,6.4,1.29,0
Jack Grealish,Everton,MID,419,15,6.6,4.59,3
Jack Grealish,Everton,MID,419,16,6.6,4.66,2
Jack Grealish,Everton,MID,419,17,6.5,4.51,2
Jack Grealish,Everton,MID,419,18,6.5,2.77,0
Jack Grealish,Everton,MID,419,19,6.5,2.33,1
Jack Grealish,Everton,MID,419,20,6.5,3.55,10
Jack Grealish,Everton,MID,419,21,6.5,1.83,-1
Jack Grealish,Everton,MID,419,22,6.4,4.2,3
Jack Grealish,Everton,MID,419,23,6.4,2.88,0
Jack Grealish,Everton,MID,419,24,6.4,2.08,0
Jack Grealish,Everton,MID,419,25,6.3,1.86,0
Jack Grealish,Everton,MID,419,26,6.3,1.26,0
Jack Grealish,Everton,MID,419,27,6.3,1.25,0
Jack Grealish,Everton,MID,419,28,6.3,1.28,0
İlkay Gündoğan,Man City,MID,420,15,6.3,0.69,0
İlkay Gündoğan,Man City,MID,420,16,6.3,0.72,0
İlkay Gündoğan,Man City,MID,420,17,6.3,0.63,0
İlkay Gündoğan,Man City,MID,420,18,6.3,0.76,0
İlkay Gündoğan,Man City,MID,420,19,6.3,0.75,0
İlkay Gündoğan,Man City,MID,420,20,6.3,0.69,0
İlkay Gündoğan,Man City,MID,420,21,6.3,0.68,0
İlkay Gündoğan,Man City,MID,420,22,6.3,0.72,0
İlkay Gündoğan,Man City,MID,420,23,6.3,0.6,0
İlkay Gündoğan,Man City,MID,420,24,6.3,0.64,0
İlkay Gündoğan,Man City,MID,420,25,6.3,0.64,0
İlkay Gündoğan,Man City,MID,420,26,6.3,0.53,0
İlkay Gündoğan,Man City,MID,420,27,6.3,0.53,0
İlkay Gündoğan,Man City,MID,420,28,6.3,0.62,0
Rodrigo 'Rodri' Hernandez Cascante,Man City,MID,421,15,6.3,0.81,0
Rodrigo 'Rodri' Hernandez Cascante,Man City,MID,421,16,6.3,0.82,0
Rodrigo 'Rodri' Hernandez Cascante,Man City,MID,421,17,6.3,0.73,0
Rodrigo 'Rodri' Hernandez Cascante,Man City,MID,421,18,6.3,0.86,0
Rodrigo 'Rodri' Hernandez Cascante,Man City,MID,421,19,6.3,0.86,1
Rodrigo 'Rodri' Hernandez Cascante,Man City,MID,421,20,6.3,2.64,5
Rodrigo 'Rodri' Hernandez Cascante,Man City,MID,421,21,6.3,1.61,1
Rodrigo 'Rodri' Hernandez Cascante,Man City,MID,421,22,6.3,3.43,3
Rodrigo 'Rodri' Hernandez Cascante,Man City,MID,421,23,6.3,3.72,3
Rodrigo 'Rodri' Hernandez Cascante,Man City,MID,421,24,6.3,3.71,3
Rodrigo 'Rodri' Hernandez Cascante,Man City,MID,421,25,6.3,4.2,4
Rodrigo 'Rodri' Hernandez Cascante,Man City,MID,421,26,6.3,4.06,3
Rodrigo 'Rodri' Hernandez Cascante,Man City,MID,421,27,6.3,4.08,6
Rodrigo 'Rodri' Hernandez Cascante,Man City,MID,421,28,6.3,4.33,3
Mateo Kovačić,Man City,MID,422,15,5.9,0.52,0
Mateo Kovačić,Man City,MID,422,16,5.9,0.55,0
Mateo Kovačić,Man City,MID,422,17,5.9,0.46,0
Mateo Kovačić,Man City,MID,422,18,5.9,0.59,0
Mateo Kovačić,Man City,MID,422,19,5.9,0.57,0
Mateo Kovačić,Man City,MID,422,20,5.9,0.52,0
Mateo Kovačić,Man City,MID,422,21,5.9,0.5,0
Mateo Kovačić,Man City,MID,422,22,5.9,0.55,0
Mateo Kovačić,Man City,MID,422,23,5.9,0.43,0
Mateo Kovačić,Man City,MID,422,24,5.9,0.47,0
Mateo Kovačić,Man City,MID,422,25,5.8,0.41,0
Mateo Kovačić,Man City,MID,422,26,5.8,0.31,0
Mateo Kovačić,Man City,MID,422,27,5.8,0.32,0
Mateo Kovačić,Man City,MID,422,28,5.8,0.41,0
Nico González Iglesias,Man City,MID,423,15,5.9,3.9,3
Nico González Iglesias,Man City,MID,423,16,5.9,4.02,5
Nico González Iglesias,Man City,MID,423,17,5.9,3.98,2
Nico González Iglesias,Man City,MID,423,18,5.9,4.21,4
Nico González Iglesias,Man City,MID,423,19,5.9,2.65,1
Nico González Iglesias,Man City,MID,423,20,5.9,2.19,0
Nico González Iglesias,Man City,MID,423,21,5.9,3.38,4
Nico González Iglesias,Man City,MID,423,22,5.9,1.73,0
Nico González Iglesias,Man City,MID,423,23,5.9,1.39,0
Nico González Iglesias,Man City,MID,423,24,5.9,1.37,0
Nico González Iglesias,Man City,MID,423,25,5.9,1.17,0
Nico González Iglesias,Man City,MID,423,26,5.9,1.06,0
Nico González Iglesias,Man City,MID,423,27,5.9,1.13,0
Nico González Iglesias,Man City,MID,423,28,5.9,1.08,0
Oscar Bobb,Man City,MID,424,15,5.2,0.5,0
Oscar Bobb,Man City,MID,424,16,5.2,0.41,0
Oscar Bobb,Man City,MID,424,17,5.1,0.27,0
Oscar Bobb,Man City,MID,424,18,5.1,0.4,0
Oscar Bobb,Man City,MID,424,19,5.1,0.39,0
Oscar Bobb,Man City,MID,424,20,5.1,0.33,0
Oscar Bobb,Man City,MID,424,21,5.1,0.32,0
Oscar Bobb,Man City,MID,424,22,5.1,0.36,0
Oscar Bobb,Man City,MID,424,23,5.1,0.24,0
Oscar Bobb,Fulham,MID,424,24,5.1,0.29,0
Oscar Bobb,Fulham,MID,424,25,5.1,0.24,1
Oscar Bobb,Fulham,MID,424,26,5.1,0.35,1
Oscar Bobb,Fulham,MID,424,27,5.1,0.49,1
Oscar Bobb,Fulham,MID,424,28,5.1,2.32,5
Claudio Echeverri,Man City,MID,425,15,5.4,0.28,0
Claudio Echeverri,Man City,MID,425,16,5.4,0.31,0
Claudio Echeverri,Man City,MID,425,17,5.4,0.22,0
Claudio Echeverri,Man City,MID,425,18,5.4,0.35,0
Claudio Echeverri,Man City,MID,425,19,5.4,0.34,0
Claudio Echeverri,Man City,MID,425,20,5.4,0.28,0
Claudio Echeverri,Man City,MID,425,21,5.4,0.27,0
Claudio Echeverri,Man City,MID,425,22,5.4,0.31,0
Claudio Echeverri,Man City,MID,425,23,5.4,0.19,0
Claudio Echeverri,Man City,MID,425,24,5.4,0.23,0
Claudio Echeverri,Man City,MID,425,25,5.4,0.23,0
Claudio Echeverri,Man City,MID,425,26,5.4,0.12,0
Claudio Echeverri,Man City,MID,425,27,5.4,0.12,0
Claudio Echeverri,Man City,MID,425,28,5.4,0.21,0
James McAtee,Nott'm Forest,MID,426,15,5.1,0.35,0
James McAtee,Nott'm Forest,MID,426,16,5.1,0.31,0
James McAtee,Nott'm Forest,MID,426,17,5.1,0.26,1
James McAtee,Nott'm Forest,MID,426,18,5.1,0.25,0
James McAtee,Nott'm Forest,MID,426,19,5.0,0.17,0
James McAtee,Nott'm Forest,MID,426,20,5.0,0.27,0
James McAtee,Nott'm Forest,MID,426,21,5.0,0.34,0
James McAtee,Nott'm Forest,MID,426,22,5.0,0.19,0
James McAtee,Nott'm Forest,MID,426,23,5.0,0.25,0
James McAtee,Nott'm Forest,MID,426,24,5.0,0.02,0
James McAtee,Nott'm Forest,MID,426,25,5.0,0.12,0
James McAtee,Nott'm Forest,MID,426,26,5.0,0.07,0
James McAtee,Nott'm Forest,MID,426,27,5.0,0.04,1
James McAtee,Nott'm Forest,MID,426,28,5.0,0.18,0
Tijjani Reijnders,Man City,MID,427,15,5.3,1.74,1
Tijjani Reijnders,Man City,MID,427,16,5.2,3.38,3
Tijjani Reijnders,Man City,MID,427,17,5.2,3.47,8
Tijjani Reijnders,Man City,MID,427,18,5.2,3.79,8
Tijjani Reijnders,Man City,MID,427,19,5.2,2.66,1
Tijjani Reijnders,Man City,MID,427,20,5.2,3.87,10
Tijjani Reijnders,Man City,MID,427,21,5.2,4.11,2
Tijjani Reijnders,Man City,MID,427,22,5.2,2.36,1
Tijjani Reijnders,Man City,MID,427,23,5.2,3.8,3
Tijjani Reijnders,Man City,MID,427,24,5.1,1.98,1
Tijjani Reijnders,Man City,MID,427,25,5.1,1.75,0
Tijjani Reijnders,Man City,MID,427,26,5.1,1.38,1
Tijjani Reijnders,Man City,MID,427,27,5.1,1.2,0
Tijjani Reijnders,Man City,MID,427,28,5.0,1.13,1
Sverre Nypan,Man City,MID,428,15,5.0,0.1,0
Sverre Nypan,Man City,MID,428,16,5.0,0.13,0
Sverre Nypan,Man City,MID,428,17,5.0,0.04,0
Sverre Nypan,Man City,MID,428,18,5.0,0.17,0
Sverre Nypan,Man City,MID,428,19,5.0,0.16,0
Sverre Nypan,Man City,MID,428,20,5.0,0.1,0
Sverre Nypan,Man City,MID,428,21,5.0,0.09,0
Sverre Nypan,Man City,MID,428,22,5.0,0.13,0
Sverre Nypan,Man City,MID,428,23,5.0,0.01,0
Sverre Nypan,Man City,MID,428,24,5.0,0.05,0
Sverre Nypan,Man City,MID,428,25,5.0,0.06,0
Sverre Nypan,Man City,MID,428,26,5.0,0.0,0
Sverre Nypan,Man City,MID,428,27,5.0,0.0,0
Sverre Nypan,Man City,MID,428,28,5.0,0.04,0
Kalvin Phillips,Man City,MID,429,15,4.8,0.01,0
Kalvin Phillips,Man City,MID,429,16,4.8,0.04,0
Kalvin Phillips,Man City,MID,429,17,4.8,0.0,0
Kalvin Phillips,Man City,MID,429,18,4.8,0.08,0
Kalvin Phillips,Man City,MID,429,19,4.8,0.07,0
Kalvin Phillips,Man City,MID,429,20,4.8,0.01,0
Kalvin Phillips,Man City,MID,429,21,4.8,0.0,0
Kalvin Phillips,Man City,MID,429,22,4.8,0.04,0
Kalvin Phillips,Man City,MID,429,23,4.8,0.0,0
Kalvin Phillips,Man City,MID,429,24,4.7,0.0,0
Kalvin Phillips,Man City,MID,429,25,4.7,0.0,0
Kalvin Phillips,Man City,MID,429,26,4.7,0.0,0
Kalvin Phillips,Man City,MID,429,27,4.7,0.0,0
Kalvin Phillips,Man City,MID,429,28,4.7,0.0,0
Erling Haaland,Man City,FWD,430,15,15.0,8.99,2
Erling Haaland,Man City,FWD,430,16,15.0,8.9,13
Erling Haaland,Man City,FWD,430,17,15.0,9.39,16
Erling Haaland,Man City,FWD,430,18,15.1,9.54,2
Erling Haaland,Man City,FWD,430,19,15.1,9.58,2
Erling Haaland,Man City,FWD,430,20,15.1,8.99,2
Erling Haaland,Man City,FWD,430,21,15.1,8.73,6
Erling Haaland,Man City,FWD,430,22,15.1,8.64,2
Erling Haaland,Man City,FWD,430,23,15.1,6.66,1
Erling Haaland,Man City,FWD,430,24,15.0,8.01,5
Erling Haaland,Man City,FWD,430,25,14.9,8.28,11
Erling Haaland,Man City,FWD,430,26,14.9,7.44,5
Erling Haaland,Man City,FWD,430,27,14.8,8.96,6
Erling Haaland,Man City,FWD,430,28,14.8,7.56,0
Altay Bayındır,Man Utd,GK,431,15,4.8,0.33,0
Altay Bayındır,Man Utd,GK,431,16,4.8,0.19,0
Altay Bayındır,Man Utd,GK,431,17,4.8,0.24,0
Altay Bayındır,Man Utd,GK,431,18,4.8,0.19,0
Altay Bayındır,Man Utd,GK,431,19,4.8,0.21,0
Altay Bayındır,Man Utd,GK,431,20,4.8,0.31,0
Altay Bayındır,Man Utd,GK,431,21,4.8,0.26,0
Altay Bayındır,Man Utd,GK,431,22,4.7,0.11,0
Altay Bayındır,Man Utd,GK,431,23,4.7,0.19,0
Altay Bayındır,Man Utd,GK,431,24,4.7,0.08,0
Altay Bayındır,Man Utd,GK,431,25,4.7,0.07,0
Altay Bayındır,Man Utd,GK,431,26,4.7,0.14,0
Altay Bayındır,Man Utd,GK,431,27,4.7,0.17,0
Altay Bayındır,Man Utd,GK,431,28,4.7,0.1,0
André Onana,Man Utd,GK,432,15,4.9,0.24,0
André Onana,Man Utd,GK,432,16,4.9,0.11,0
André Onana,Man Utd,GK,432,17,4.9,0.16,0
André Onana,Man Utd,GK,432,18,4.9,0.11,0
André Onana,Man Utd,GK,432,19,4.9,0.12,0
André Onana,Man Utd,GK,432,20,4.9,0.23,0
André Onana,Man Utd,GK,432,21,4.9,0.18,0
André Onana,Man Utd,GK,432,22,4.9,0.08,0
André Onana,Man Utd,GK,432,23,4.9,0.15,0
André Onana,Man Utd,GK,432,24,4.9,0.04,0
André Onana,Man Utd,GK,432,25,4.9,0.03,0
André Onana,Man Utd,GK,432,26,4.9,0.1,0
André Onana,Man Utd,GK,432,27,4.9,0.13,0
André Onana,Man Utd,GK,432,28,4.9,0.06,0
Elyh Harrison,Man Utd,GK,433,15,4.0,0.0,0
Elyh Harrison,Man Utd,GK,433,16,4.0,0.0,0
Elyh Harrison,Man Utd,GK,433,17,4.0,0.0,0
Elyh Harrison,Man Utd,GK,433,18,4.0,0.0,0
Elyh Harrison,Man Utd,GK,433,19,4.0,0.0,0
Elyh Harrison,Man Utd,GK,433,20,4.0,0.0,0
Elyh Harrison,Man Utd,GK,433,21,4.0,0.0,0
Elyh Harrison,Man Utd,GK,433,22,4.0,0.0,0
Elyh Harrison,Man Utd,GK,433,23,4.0,0.0,0
Elyh Harrison,Man Utd,GK,433,24,4.0,0.0,0
Elyh Harrison,Man Utd,GK,433,25,4.0,0.0,0
Elyh Harrison,Man Utd,GK,433,26,4.0,0.0,0
Elyh Harrison,Man Utd,GK,433,27,4.0,0.0,0
Elyh Harrison,Man Utd,GK,433,28,4.0,0.0,0
Tom Heaton,Man Utd,GK,434,15,3.9,0.0,0
Tom Heaton,Man Utd,GK,434,16,3.9,0.0,0
Tom Heaton,Man Utd,GK,434,17,3.9,0.0,0
Tom Heaton,Man Utd,GK,434,18,3.9,0.0,0
Tom Heaton,Man Utd,GK,434,19,3.9,0.0,0
Tom Heaton,Man Utd,GK,434,20,3.9,0.0,0
Tom Heaton,Man Utd,GK,434,21,3.9,0.0,0
Tom Heaton,Man Utd,GK,434,22,3.9,0.0,0
Tom Heaton,Man Utd,GK,434,23,3.9,0.0,0
Tom Heaton,Man Utd,GK,434,24,3.9,0.0,0
Tom Heaton,Man Utd,GK,434,25,3.9,0.0,0
Tom Heaton,Man Utd,GK,434,26,3.9,0.0,0
Tom Heaton,Man Utd,GK,434,27,3.9,0.0,0
Tom Heaton,Man Utd,GK,434,28,3.9,0.0,0
Dermot Mee,Man Utd,GK,435,15,3.9,0.0,0
Dermot Mee,Man Utd,GK,435,16,3.9,0.0,0
Dermot Mee,Man Utd,GK,435,17,3.9,0.0,0
Dermot Mee,Man Utd,GK,435,18,3.9,0.0,0
Dermot Mee,Man Utd,GK,435,19,3.9,0.0,0
Dermot Mee,Man Utd,GK,435,20,3.9,0.0,0
Dermot Mee,Man Utd,GK,435,21,3.9,0.0,0
Dermot Mee,Man Utd,GK,435,22,3.9,0.0,0
Dermot Mee,Man Utd,GK,435,23,3.9,0.0,0
Dermot Mee,Man Utd,GK,435,24,3.9,0.0,0
Dermot Mee,Man Utd,GK,435,25,3.9,0.0,0
Dermot Mee,Man Utd,GK,435,26,3.9,0.0,0
Dermot Mee,Man Utd,GK,435,27,3.9,0.0,0
Dermot Mee,Man Utd,GK,435,28,3.9,0.0,0
Matthijs de Ligt,Man Utd,DEF,436,15,5.0,1.9,0
Matthijs de Ligt,Man Utd,DEF,436,16,5.0,1.38,0
Matthijs de Ligt,Man Utd,DEF,436,17,5.0,0.97,0
Matthijs de Ligt,Man Utd,DEF,436,18,5.0,0.89,0
Matthijs de Ligt,Man Utd,DEF,436,19,4.9,0.82,0
Matthijs de Ligt,Man Utd,DEF,436,20,4.9,0.93,0
Matthijs de Ligt,Man Utd,DEF,436,21,4.9,0.88,0
Matthijs de Ligt,Man Utd,DEF,436,22,4.9,0.79,0
Matthijs de Ligt,Man Utd,DEF,436,23,4.9,0.86,0
Matthijs de Ligt,Man Utd,DEF,436,24,4.9,0.75,0
Matthijs de Ligt,Man Utd,DEF,436,25,4.9,0.74,0
Matthijs de Ligt,Man Utd,DEF,436,26,4.9,0.81,0
Matthijs de Ligt,Man Utd,DEF,436,27,4.9,0.84,0
Matthijs de Ligt,Man Utd,DEF,436,28,4.9,0.76,0
Lisandro Martínez,Man Utd,DEF,437,15,4.8,0.69,1
Lisandro Martínez,Man Utd,DEF,437,16,4.8,0.76,1
Lisandro Martínez,Man Utd,DEF,437,17,4.8,0.84,1
Lisandro Martínez,Man Utd,DEF,437,18,4.8,2.64,10
Lisandro Martínez,Man Utd,DEF,437,19,4.8,3.53,2
Lisandro Martínez,Man Utd,DEF,437,20,4.8,3.78,4
Lisandro Martínez,Man Utd,DEF,437,21,4.8,3.86,1
Lisandro Martínez,Man Utd,DEF,437,22,4.8,3.62,8
Lisandro Martínez,Man Utd,DEF,437,23,4.8,3.87,-1
Lisandro Martínez,Man Utd,DEF,437,24,4.8,3.26,1
Lisandro Martínez,Man Utd,DEF,437,25,4.8,3.54,7
Lisandro Martínez,Man Utd,DEF,437,26,4.8,3.65,2
Lisandro Martínez,Man Utd,DEF,437,27,4.8,2.28,0
Lisandro Martínez,Man Utd,DEF,437,28,4.8,1.76,0
Noussair Mazraoui,Man Utd,DEF,438,15,4.9,3.13,2
Noussair Mazraoui,Man Utd,DEF,438,16,4.9,1.55,0
Noussair Mazraoui,Man Utd,DEF,438,17,4.9,1.36,0
Noussair Mazraoui,Man Utd,DEF,438,18,4.9,0.88,0
Noussair Mazraoui,Man Utd,DEF,438,19,4.9,0.62,0
Noussair Mazraoui,Man Utd,DEF,438,20,4.9,0.69,0
Noussair Mazraoui,Man Utd,DEF,438,21,4.9,0.6,0
Noussair Mazraoui,Man Utd,DEF,438,22,4.9,0.51,0
Noussair Mazraoui,Man Utd,DEF,438,23,4.9,0.6,1
Noussair Mazraoui,Man Utd,DEF,438,24,4.9,0.6,1
Noussair Mazraoui,Man Utd,DEF,438,25,4.9,0.67,1
Noussair Mazraoui,Man Utd,DEF,438,26,4.9,0.85,0
Noussair Mazraoui,Man Utd,DEF,438,27,4.9,0.77,0
Noussair Mazraoui,Man Utd,DEF,438,28,4.9,2.43,7
Diego León Blanco,Man Utd,DEF,439,15,4.2,0.17,0
Diego León Blanco,Man Utd,DEF,439,16,4.2,0.04,0
Diego León Blanco,Man Utd,DEF,439,17,4.2,0.09,0
Diego León Blanco,Man Utd,DEF,439,18,4.2,0.03,0
Diego León Blanco,Man Utd,DEF,439,19,4.2,0.05,0
Diego León Blanco,Man Utd,DEF,439,20,4.2,0.15,0
Diego León Blanco,Man Utd,DEF,439,21,4.2,0.1,0
Diego León Blanco,Man Utd,DEF,439,22,4.2,0.01,0
Diego León Blanco,Man Utd,DEF,439,23,4.2,0.07,0
Diego León Blanco,Man Utd,DEF,439,24,4.2,0.0,0
Diego León Blanco,Man Utd,DEF,439,25,4.2,0.0,0
Diego León Blanco,Man Utd,DEF,439,26,4.2,0.02,0
Diego León Blanco,Man Utd,DEF,439,27,4.2,0.05,0
Diego León Blanco,Man Utd,DEF,439,28,4.2,0.0,0
Diogo Dalot Teixeira,Man Utd,DEF,440,15,4.4,3.98,5
Diogo Dalot Teixeira,Man Utd,DEF,440,16,4.4,4.5,2
Diogo Dalot Teixeira,Man Utd,DEF,440,17,4.4,4.37,0
Diogo Dalot Teixeira,Man Utd,DEF,440,18,4.4,4.24,13
Diogo Dalot Teixeira,Man Utd,DEF,440,19,4.5,4.96,2
Diogo Dalot Teixeira,Man Utd,DEF,440,20,4.5,4.58,2
Diogo Dalot Teixeira,Man Utd,DEF,440,21,4.5,4.29,1
Diogo Dalot Teixeira,Man Utd,DEF,440,22,4.5,3.87,5
Diogo Dalot Teixeira,Man Utd,DEF,440,23,4.5,3.97,1
Diogo Dalot Teixeira,Man Utd,DEF,440,24,4.5,3.93,2
Diogo Dalot Teixeira,Man Utd,DEF,440,25,4.5,4.12,12
Diogo Dalot Teixeira,Man Utd,DEF,440,26,4.5,4.42,1
Diogo Dalot Teixeira,Man Utd,DEF,440,27,4.5,4.81,7
Diogo Dalot Teixeira,Man Utd,DEF,440,28,4.5,4.89,1
Patrick Dorgu,Man Utd,DEF,441,15,4.2,0.96,1
Patrick Dorgu,Man Utd,DEF,441,16,4.1,0.67,1
Patrick Dorgu,Man Utd,DEF,441,17,4.1,2.36,5
Patrick Dorgu,Man Utd,DEF,441,18,4.1,3.01,17
Patrick Dorgu,Man Utd,DEF,441,19,4.2,4.38,2
Patrick Dorgu,Man Utd,DEF,441,20,4.2,4.37,1
Patrick Dorgu,Man Utd,DEF,441,21,4.2,4.37,5
Patrick Dorgu,Man Utd,DEF,441,22,4.2,4.23,15
Patrick Dorgu,Man Utd,DEF,441,23,4.3,5.13,8
Patrick Dorgu,Man Utd,DEF,441,24,4.4,3.53,0
Patrick Dorgu,Man Utd,DEF,441,25,4.4,2.67,0
Patrick Dorgu,Man Utd,DEF,441,26,4.3,1.77,0
Patrick Dorgu,Man Utd,DEF,441,27,4.3,1.39,0
Patrick Dorgu,Man Utd,DEF,441,28,4.2,1.05,0
Harry Maguire,Man Utd,DEF,442,15,4.4,0.76,0
Harry Maguire,Man Utd,DEF,442,16,4.3,0.59,0
Harry Maguire,Man Utd,DEF,442,17,4.3,0.54,0
Harry Maguire,Man Utd,DEF,442,18,4.3,0.48,0
Harry Maguire,Man Utd,DEF,442,19,4.3,0.5,0
Harry Maguire,Man Utd,DEF,442,20,4.3,0.6,0
Harry Maguire,Man Utd,DEF,442,21,4.3,0.55,0
Harry Maguire,Man Utd,DEF,442,22,4.3,2.15,6
Harry Maguire,Man Utd,DEF,442,23,4.3,2.89,3
Harry Maguire,Man Utd,DEF,442,24,4.3,3.48,2
Harry Maguire,Man Utd,DEF,442,25,4.3,3.9,6
Harry Maguire,Man Utd,DEF,442,26,4.3,4.07,2
Harry Maguire,Man Utd,DEF,442,27,4.3,4.03,7
Harry Maguire,Man Utd,DEF,442,28,4.3,4.33,2
Luke Shaw,Man Utd,DEF,443,15,4.5,3.52,2
Luke Shaw,Man Utd,DEF,443,16,4.5,3.14,0
Luke Shaw,Man Utd,DEF,443,17,4.5,3.3,3
Luke Shaw,Man Utd,DEF,443,18,4.5,3.35,5
Luke Shaw,Man Utd,DEF,443,19,4.5,3.72,2
Luke Shaw,Man Utd,DEF,443,20,4.5,4.0,2
Luke Shaw,Man Utd,DEF,443,21,4.5,3.62,1
Luke Shaw,Man Utd,DEF,443,22,4.5,3.55,5
Luke Shaw,Man Utd,DEF,443,23,4.5,3.63,1
Luke Shaw,Man Utd,DEF,443,24,4.5,3.45,1
Luke Shaw,Man Utd,DEF,443,25,4.5,3.74,6
Luke Shaw,Man Utd,DEF,443,26,4.5,3.85,2
Luke Shaw,Man Utd,DEF,443,27,4.5,4.02,6
Luke Shaw,Man Utd,DEF,443,28,4.5,2.71,1
Leny Yoro,Man Utd,DEF,444,15,4.3,1.35,1
Leny Yoro,Man Utd,DEF,444,16,4.3,2.36,1
Leny Yoro,Man Utd,DEF,444,17,4.3,2.47,1
Leny Yoro,Man Utd,DEF,444,18,4.3,1.16,1
Leny Yoro,Man Utd,DEF,444,19,4.3,1.21,1
Leny Yoro,Man Utd,DEF,444,20,4.2,2.77,2
Leny Yoro,Man Utd,DEF,444,21,4.2,1.14,1
Leny Yoro,Man Utd,DEF,444,22,4.2,1.04,0
Leny Yoro,Man Utd,DEF,444,23,4.2,0.98,0
Leny Yoro,Man Utd,DEF,444,24,4.2,0.6,1
Leny Yoro,Man Utd,DEF,444,25,4.2,0.52,0
Leny Yoro,Man Utd,DEF,444,26,4.1,0.53,1
Leny Yoro,Man Utd,DEF,444,27,4.1,2.38,6
Leny Yoro,Man Utd,DEF,444,28,4.1,2.89,2
Harry Amass,Man Utd,DEF,445,15,4.0,0.07,0
Harry Amass,Man Utd,DEF,445,16,4.0,0.0,0
Harry Amass,Man Utd,DEF,445,17,4.0,0.0,0
Harry Amass,Man Utd,DEF,445,18,4.0,0.0,0
Harry Amass,Man Utd,DEF,445,19,4.0,0.0,0
Harry Amass,Man Utd,DEF,445,20,4.0,0.06,0
Harry Amass,Man Utd,DEF,445,21,4.0,0.0,0
Harry Amass,Man Utd,DEF,445,22,4.0,0.0,0
Harry Amass,Man Utd,DEF,445,23,4.0,0.0,0
Harry Amass,Man Utd,DEF,445,24,4.0,0.0,0
Harry Amass,Man Utd,DEF,445,25,4.0,0.0,0
Harry Amass,Man Utd,DEF,445,26,4.0,0.0,0
Harry Amass,Man Utd,DEF,445,27,4.0,0.0,0
Harry Amass,Man Utd,DEF,445,28,4.0,0.0,0
Tyler Fredricson,Man Utd,DEF,446,15,3.8,0.0,0
Tyler Fredricson,Man Utd,DEF,446,16,3.8,0.0,0
Tyler Fredricson,Man Utd,DEF,446,17,3.8,0.0,0
Tyler Fredricson,Man Utd,DEF,446,18,3.8,0.0,1
Tyler Fredricson,Man Utd,DEF,446,19,3.8,0.0,0
Tyler Fredricson,Man Utd,DEF,446,20,3.8,0.05,0
Tyler Fredricson,Man Utd,DEF,446,21,3.8,0.0,0
Tyler Fredricson,Man Utd,DEF,446,22,3.8,0.0,0
Tyler Fredricson,Man Utd,DEF,446,23,3.8,0.0,0
Tyler Fredricson,Man Utd,DEF,446,24,3.8,0.0,0
Tyler Fredricson,Man Utd,DEF,446,25,3.8,0.0,0
Tyler Fredricson,Man Utd,DEF,446,26,3.8,0.0,0
Tyler Fredricson,Man Utd,DEF,446,27,3.8,0.0,0
Tyler Fredricson,Man Utd,DEF,446,28,3.8,0.0,0
Ayden Heaven,Man Utd,DEF,447,15,3.8,1.9,2
Ayden Heaven,Man Utd,DEF,447,16,3.8,2.13,2
Ayden Heaven,Man Utd,DEF,447,17,3.8,2.6,3
Ayden Heaven,Man Utd,DEF,447,18,3.8,2.94,8
Ayden Heaven,Man Utd,DEF,447,19,3.8,3.53,2
Ayden Heaven,Man Utd,DEF,447,20,3.9,3.64,4
Ayden Heaven,Man Utd,DEF,447,21,3.9,3.4,0
Ayden Heaven,Man Utd,DEF,447,22,3.9,1.37,1
Ayden Heaven,Man Utd,DEF,447,23,3.9,1.16,0
Ayden Heaven,Man Utd,DEF,447,24,3.8,0.45,0
Ayden Heaven,Man Utd,DEF,447,25,3.8,0.27,0
Ayden Heaven,Man Utd,DEF,447,26,3.8,0.23,0
Ayden Heaven,Man Utd,DEF,447,27,3.7,0.26,1
Ayden Heaven,Man Utd,DEF,447,28,3.7,0.23,0
Tyrell Malacia,Man Utd,DEF,448,15,3.8,0.01,0
Tyrell Malacia,Man Utd,DEF,448,16,3.8,0.0,0
Tyrell Malacia,Man Utd,DEF,448,17,3.8,0.0,0
Tyrell Malacia,Man Utd,DEF,448,18,3.8,0.0,1
Tyrell Malacia,Man Utd,DEF,448,19,3.8,0.0,0
Tyrell Malacia,Man Utd,DEF,448,20,3.8,0.05,0
Tyrell Malacia,Man Utd,DEF,448,21,3.8,0.0,0
Tyrell Malacia,Man Utd,DEF,448,22,3.8,0.0,0
Tyrell Malacia,Man Utd,DEF,448,23,3.8,0.0,0
Tyrell Malacia,Man Utd,DEF,448,24,3.8,0.0,0
Tyrell Malacia,Man Utd,DEF,448,25,3.8,0.0,0
Tyrell Malacia,Man Utd,DEF,448,26,3.8,0.0,0
Tyrell Malacia,Man Utd,DEF,448,27,3.8,0.0,0
Tyrell Malacia,Man Utd,DEF,448,28,3.8,0.0,0
Bruno Borges Fernandes,Man Utd,MID,449,15,9.0,6.36,18
Bruno Borges Fernandes,Man Utd,MID,449,16,9.2,7.31,13
Bruno Borges Fernandes,Man Utd,MID,449,17,9.3,5.66,1
Bruno Borges Fernandes,Man Utd,MID,449,18,9.2,5.12,0
Bruno Borges Fernandes,Man Utd,MID,449,19,9.1,3.89,0
Bruno Borges Fernandes,Man Utd,MID,449,20,9.1,3.26,0
Bruno Borges Fernandes,Man Utd,MID,449,21,9.1,4.46,7
Bruno Borges Fernandes,Man Utd,MID,449,22,9.1,4.91,10
Bruno Borges Fernandes,Man Utd,MID,449,23,9.3,6.19,5
Bruno Borges Fernandes,Man Utd,MID,449,24,9.5,7.03,10
Bruno Borges Fernandes,Man Utd,MID,449,25,9.7,7.52,10
Bruno Borges Fernandes,Man Utd,MID,449,26,9.8,7.44,2
Bruno Borges Fernandes,Man Utd,MID,449,27,9.8,7.07,2
Bruno Borges Fernandes,Man Utd,MID,449,28,9.9,6.48,13
Matheus Santos Carneiro da Cunha,Man Utd,MID,450,15,7.9,3.85,5
Matheus Santos Carneiro da Cunha,Man Utd,MID,450,16,7.9,4.39,8
Matheus Santos Carneiro da Cunha,Man Utd,MID,450,17,7.9,5.18,9
Matheus Santos Carneiro da Cunha,Man Utd,MID,450,18,8.0,5.65,2
Matheus Santos Carneiro da Cunha,Man Utd,MID,450,19,8.1,5.46,2
Matheus Santos Carneiro da Cunha,Man Utd,MID,450,20,8.2,5.34,9
Matheus Santos Carneiro da Cunha,Man Utd,MID,450,21,8.2,5.34,2
Matheus Santos Carneiro da Cunha,Man Utd,MID,450,22,8.1,3.67,4
Matheus Santos Carneiro da Cunha,Man Utd,MID,450,23,8.0,3.71,9
Matheus Santos Carneiro da Cunha,Man Utd,MID,450,24,8.0,4.98,9
Matheus Santos Carneiro da Cunha,Man Utd,MID,450,25,8.0,5.38,3
Matheus Santos Carneiro da Cunha,Man Utd,MID,450,26,8.1,5.39,2
Matheus Santos Carneiro da Cunha,Man Utd,MID,450,27,8.1,5.24,3
Matheus Santos Carneiro da Cunha,Man Utd,MID,450,28,8.0,5.12,5
Marcus Rashford,Man Utd,MID,451,15,7.0,1.08,0
Marcus Rashford,Man Utd,MID,451,16,7.0,0.95,0
Marcus Rashford,Man Utd,MID,451,17,7.0,1.0,0
Marcus Rashford,Man Utd,MID,451,18,7.0,0.94,0
Marcus Rashford,Man Utd,MID,451,19,7.0,0.96,0
Marcus Rashford,Man Utd,MID,451,20,7.0,1.06,0
Marcus Rashford,Man Utd,MID,451,21,7.0,1.01,0
Marcus Rashford,Man Utd,MID,451,22,7.0,0.92,0
Marcus Rashford,Man Utd,MID,451,23,7.0,0.98,0
Marcus Rashford,Man Utd,MID,451,24,7.0,0.88,0
Marcus Rashford,Man Utd,MID,451,25,7.0,0.87,0
Marcus Rashford,Man Utd,MID,451,26,7.0,0.94,0
Marcus Rashford,Man Utd,MID,451,27,7.0,0.96,0
Marcus Rashford,Man Utd,MID,451,28,7.0,0.89,0
Amad Diallo,Man Utd,MID,452,15,6.3,4.25,6
Amad Diallo,Man Utd,MID,452,16,6.3,4.37,7
Amad Diallo,Man Utd,MID,452,17,6.3,2.88,0
Amad Diallo,Man Utd,MID,452,18,6.3,2.39,0
Amad Diallo,Man Utd,MID,452,19,6.3,1.69,0
Amad Diallo,Man Utd,MID,452,20,6.3,1.43,0
Amad Diallo,Man Utd,MID,452,21,6.3,1.29,0
Amad Diallo,Man Utd,MID,452,22,6.2,2.69,3
Amad Diallo,Man Utd,MID,452,23,6.2,3.27,2
Amad Diallo,Man Utd,MID,452,24,6.2,3.57,2
Amad Diallo,Man Utd,MID,452,25,6.2,3.95,2
Amad Diallo,Man Utd,MID,452,26,6.2,4.1,2
Amad Diallo,Man Utd,MID,452,27,6.2,2.53,1
Amad Diallo,Man Utd,MID,452,28,6.2,2.26,1
Alejandro Garnacho Ferreyra,Chelsea,MID,453,15,6.4,3.24,3
Alejandro Garnacho Ferreyra,Chelsea,MID,453,16,6.4,3.59,3
Alejandro Garnacho Ferreyra,Chelsea,MID,453,17,6.4,3.41,1
Alejandro Garnacho Ferreyra,Chelsea,MID,453,18,6.4,3.82,2
Alejandro Garnacho Ferreyra,Chelsea,MID,453,19,6.4,2.43,4
Alejandro Garnacho Ferreyra,Chelsea,MID,453,20,6.4,2.31,0
Alejandro Garnacho Ferreyra,Chelsea,MID,453,21,6.4,1.88,0
Alejandro Garnacho Ferreyra,Chelsea,MID,453,22,6.4,1.49,1
Alejandro Garnacho Ferreyra,Chelsea,MID,453,23,6.4,1.38,0
Alejandro Garnacho Ferreyra,Chelsea,MID,453,24,6.4,1.26,1
Alejandro Garnacho Ferreyra,Chelsea,MID,453,25,6.4,1.42,1
Alejandro Garnacho Ferreyra,Chelsea,MID,453,26,6.4,1.28,0
Alejandro Garnacho Ferreyra,Chelsea,MID,453,27,6.4,1.3,0
Alejandro Garnacho Ferreyra,Chelsea,MID,453,28,6.4,1.19,1
Antony dos Santos,Man Utd,MID,454,15,5.9,0.58,0
Antony dos Santos,Man Utd,MID,454,16,5.9,0.45,0
Antony dos Santos,Man Utd,MID,454,17,5.9,0.5,0
Antony dos Santos,Man Utd,MID,454,18,5.9,0.44,0
Antony dos Santos,Man Utd,MID,454,19,5.9,0.46,0
Antony dos Santos,Man Utd,MID,454,20,5.9,0.56,0
Antony dos Santos,Man Utd,MID,454,21,5.9,0.51,0
Antony dos Santos,Man Utd,MID,454,22,5.9,0.42,0
Antony dos Santos,Man Utd,MID,454,23,5.9,0.49,0
Antony dos Santos,Man Utd,MID,454,24,5.9,0.38,0
Antony dos Santos,Man Utd,MID,454,25,5.9,0.37,0
Antony dos Santos,Man Utd,MID,454,26,5.9,0.44,0
Antony dos Santos,Man Utd,MID,454,27,5.9,0.47,0
Antony dos Santos,Man Utd,MID,454,28,5.9,0.39,0
Mason Mount,Man Utd,MID,455,15,5.9,3.48,7
Mason Mount,Man Utd,MID,455,16,5.9,3.87,2
Mason Mount,Man Utd,MID,455,17,5.9,3.68,2
Mason Mount,Man Utd,MID,455,18,5.9,2.3,1
Mason Mount,Man Utd,MID,455,19,5.9,1.91,0
Mason Mount,Man Utd,MID,455,20,5.9,1.65,0
Mason Mount,Man Utd,MID,455,21,5.9,1.15,1
Mason Mount,Man Utd,MID,455,22,5.9,1.02,1
Mason Mount,Man Utd,MID,455,23,5.9,1.14,0
Mason Mount,Man Utd,MID,455,24,5.9,1.02,0
Mason Mount,Man Utd,MID,455,25,5.9,0.86,0
Mason Mount,Man Utd,MID,455,26,5.9,0.88,0
Mason Mount,Man Utd,MID,455,27,5.9,0.9,0
Mason Mount,Man Utd,MID,455,28,5.9,0.81,0
Jadon Sancho,Aston Villa,MID,456,15,5.8,0.75,1
Jadon Sancho,Aston Villa,MID,456,16,5.8,0.84,0
Jadon Sancho,Aston Villa,MID,456,17,5.8,0.6,0
Jadon Sancho,Aston Villa,MID,456,18,5.8,0.7,1
Jadon Sancho,Aston Villa,MID,456,19,5.8,2.34,2
Jadon Sancho,Aston Villa,MID,456,20,5.8,0.96,1
Jadon Sancho,Aston Villa,MID,456,21,5.8,2.78,3
Jadon Sancho,Aston Villa,MID,456,22,5.8,1.34,0
Jadon Sancho,Aston Villa,MID,456,23,5.8,1.12,1
Jadon Sancho,Aston Villa,MID,456,24,5.8,2.77,2
Jadon Sancho,Aston Villa,MID,456,25,5.8,2.89,5
Jadon Sancho,Aston Villa,MID,456,26,5.8,1.78,1
Jadon Sancho,Aston Villa,MID,456,27,5.8,1.77,1
Jadon Sancho,Aston Villa,MID,456,28,5.8,1.63,1
Carlos Henrique Casimiro,Man Utd,MID,457,15,5.5,4.46,2
Carlos Henrique Casimiro,Man Utd,MID,457,16,5.5,4.39,6
Carlos Henrique Casimiro,Man Utd,MID,457,17,5.5,2.76,0
Carlos Henrique Casimiro,Man Utd,MID,457,18,5.5,3.57,3
Carlos Henrique Casimiro,Man Utd,MID,457,19,5.5,3.7,6
Carlos Henrique Casimiro,Man Utd,MID,457,20,5.5,3.96,7
Carlos Henrique Casimiro,Man Utd,MID,457,21,5.5,4.73,4
Carlos Henrique Casimiro,Man Utd,MID,457,22,5.5,4.74,3
Carlos Henrique Casimiro,Man Utd,MID,457,23,5.5,4.62,2
Carlos Henrique Casimiro,Man Utd,MID,457,24,5.5,4.39,13
Carlos Henrique Casimiro,Man Utd,MID,457,25,5.6,4.97,3
Carlos Henrique Casimiro,Man Utd,MID,457,26,5.6,4.98,2
Carlos Henrique Casimiro,Man Utd,MID,457,27,5.6,4.99,5
Carlos Henrique Casimiro,Man Utd,MID,457,28,5.6,4.69,4
Kobbie Mainoo,Man Utd,MID,458,15,4.7,0.38,1
Kobbie Mainoo,Man Utd,MID,458,16,4.6,0.18,1
Kobbie Mainoo,Man Utd,MID,458,17,4.6,0.35,0
Kobbie Mainoo,Man Utd,MID,458,18,4.6,0.25,0
Kobbie Mainoo,Man Utd,MID,458,19,4.6,0.15,0
Kobbie Mainoo,Man Utd,MID,458,20,4.6,0.14,0
Kobbie Mainoo,Man Utd,MID,458,21,4.6,0.08,1
Kobbie Mainoo,Man Utd,MID,458,22,4.6,1.74,3
Kobbie Mainoo,Man Utd,MID,458,23,4.6,2.36,5
Kobbie Mainoo,Man Utd,MID,458,24,4.6,3.0,4
Kobbie Mainoo,Man Utd,MID,458,25,4.6,3.52,6
Kobbie Mainoo,Man Utd,MID,458,26,4.6,4.01,2
Kobbie Mainoo,Man Utd,MID,458,27,4.6,3.7,3
Kobbie Mainoo,Man Utd,MID,458,28,4.6,3.54,2
Manuel Ugarte Ribeiro,Man Utd,MID,459,15,4.7,0.31,0
Manuel Ugarte Ribeiro,Man Utd,MID,459,16,4.7,0.18,0
Manuel Ugarte Ribeiro,Man Utd,MID,459,17,4.7,1.58,1
Manuel Ugarte Ribeiro,Man Utd,MID,459,18,4.7,2.12,5
Manuel Ugarte Ribeiro,Man Utd,MID,459,19,4.7,2.76,2
Manuel Ugarte Ribeiro,Man Utd,MID,459,20,4.7,3.22,4
Manuel Ugarte Ribeiro,Man Utd,MID,459,21,4.7,3.42,2
Manuel Ugarte Ribeiro,Man Utd,MID,459,22,4.7,1.54,1
Manuel Ugarte Ribeiro,Man Utd,MID,459,23,4.7,1.35,0
Manuel Ugarte Ribeiro,Man Utd,MID,459,24,4.7,0.71,1
Manuel Ugarte Ribeiro,Man Utd,MID,459,25,4.7,0.48,1
Manuel Ugarte Ribeiro,Man Utd,MID,459,26,4.7,0.48,0
Manuel Ugarte Ribeiro,Man Utd,MID,459,27,4.7,0.48,0
Manuel Ugarte Ribeiro,Man Utd,MID,459,28,4.7,0.29,0
Toby Collyer,Man Utd,MID,460,15,4.5,0.0,0
Toby Collyer,Man Utd,MID,460,16,4.5,0.0,0
Toby Collyer,Man Utd,MID,460,17,4.5,0.0,0
Toby Collyer,Man Utd,MID,460,18,4.5,0.0,0
Toby Collyer,Man Utd,MID,460,19,4.5,0.0,0
Toby Collyer,Man Utd,MID,460,20,4.5,0.0,0
Toby Collyer,Man Utd,MID,460,21,4.5,0.0,0
Toby Collyer,Man Utd,MID,460,22,4.5,0.0,0
Toby Collyer,Man Utd,MID,460,23,4.5,0.0,0
Toby Collyer,Man Utd,MID,460,24,4.5,0.0,0
Toby Collyer,Man Utd,MID,460,25,4.5,0.0,0
Toby Collyer,Man Utd,MID,460,26,4.5,0.0,0
Toby Collyer,Man Utd,MID,460,27,4.5,0.0,0
Toby Collyer,Man Utd,MID,460,28,4.5,0.0,0
Jayce Fitzgerald,Man Utd,MID,461,15,4.4,0.0,0
Jayce Fitzgerald,Man Utd,MID,461,16,4.4,0.0,0
Jayce Fitzgerald,Man Utd,MID,461,17,4.4,0.0,0
Jayce Fitzgerald,Man Utd,MID,461,18,4.4,0.0,0
Jayce Fitzgerald,Man Utd,MID,461,19,4.4,0.0,0
Jayce Fitzgerald,Man Utd,MID,461,20,4.4,0.0,0
Jayce Fitzgerald,Man Utd,MID,461,21,4.4,0.0,0
Jayce Fitzgerald,Man Utd,MID,461,22,4.3,0.0,0
Jayce Fitzgerald,Man Utd,MID,461,23,4.3,0.0,0
Jayce Fitzgerald,Man Utd,MID,461,24,4.3,0.0,0
Jayce Fitzgerald,Man Utd,MID,461,25,4.3,0.0,0
Jayce Fitzgerald,Man Utd,MID,461,26,4.3,0.0,0
Jayce Fitzgerald,Man Utd,MID,461,27,4.3,0.0,0
Jayce Fitzgerald,Man Utd,MID,461,28,4.3,0.0,0
Jack Fletcher,Man Utd,MID,462,15,4.3,0.0,0
Jack Fletcher,Man Utd,MID,462,16,4.3,0.0,0
Jack Fletcher,Man Utd,MID,462,17,4.3,0.0,1
Jack Fletcher,Man Utd,MID,462,18,4.3,0.0,1
Jack Fletcher,Man Utd,MID,462,19,4.3,0.12,1
Jack Fletcher,Man Utd,MID,462,20,4.3,0.44,0
Jack Fletcher,Man Utd,MID,462,21,4.3,0.23,0
Jack Fletcher,Man Utd,MID,462,22,4.3,0.0,0
Jack Fletcher,Man Utd,MID,462,23,4.3,0.0,0
Jack Fletcher,Man Utd,MID,462,24,4.3,0.0,0
Jack Fletcher,Man Utd,MID,462,25,4.3,0.0,0
Jack Fletcher,Man Utd,MID,462,26,4.3,0.0,0
Jack Fletcher,Man Utd,MID,462,27,4.3,0.0,0
Jack Fletcher,Man Utd,MID,462,28,4.3,0.0,0
Sékou Koné,Man Utd,MID,463,15,4.3,0.0,0
Sékou Koné,Man Utd,MID,463,16,4.3,0.0,0
Sékou Koné,Man Utd,MID,463,17,4.3,0.0,0
Sékou Koné,Man Utd,MID,463,18,4.3,0.0,0
Sékou Koné,Man Utd,MID,463,19,4.3,0.0,0
Sékou Koné,Man Utd,MID,463,20,4.3,0.0,0
Sékou Koné,Man Utd,MID,463,21,4.3,0.0,0
Sékou Koné,Man Utd,MID,463,22,4.3,0.0,0
Sékou Koné,Man Utd,MID,463,23,4.3,0.0,0
Sékou Koné,Man Utd,MID,463,24,4.3,0.0,0
Sékou Koné,Man Utd,MID,463,25,4.3,0.0,0
Sékou Koné,Man Utd,MID,463,26,4.3,0.0,0
Sékou Koné,Man Utd,MID,463,27,4.3,0.0,0
Sékou Koné,Man Utd,MID,463,28,4.3,0.0,0
Jack Moorhouse,Man Utd,MID,464,15,4.5,0.0,0
Jack Moorhouse,Man Utd,MID,464,16,4.5,0.0,0
Jack Moorhouse,Man Utd,MID,464,17,4.5,0.0,0
Jack Moorhouse,Man Utd,MID,464,18,4.5,0.0,0
Jack Moorhouse,Man Utd,MID,464,19,4.5,0.0,0
Jack Moorhouse,Man Utd,MID,464,20,4.5,0.0,0
Jack Moorhouse,Man Utd,MID,464,21,4.5,0.0,0
Jack Moorhouse,Man Utd,MID,464,22,4.5,0.0,0
Jack Moorhouse,Man Utd,MID,464,23,4.5,0.0,0
Jack Moorhouse,Man Utd,MID,464,24,4.5,0.0,0
Jack Moorhouse,Man Utd,MID,464,25,4.5,0.0,0
Jack Moorhouse,Man Utd,MID,464,26,4.5,0.0,0
Jack Moorhouse,Man Utd,MID,464,27,4.5,0.0,0
Jack Moorhouse,Man Utd,MID,464,28,4.5,0.0,0
Rasmus Højlund,Man Utd,FWD,465,15,6.3,1.0,0
Rasmus Højlund,Man Utd,FWD,465,16,6.3,0.87,0
Rasmus Højlund,Man Utd,FWD,465,17,6.3,0.92,0
Rasmus Højlund,Man Utd,FWD,465,18,6.3,0.86,0
Rasmus Højlund,Man Utd,FWD,465,19,6.3,0.88,0
Rasmus Højlund,Man Utd,FWD,465,20,6.3,0.98,0
Rasmus Højlund,Man Utd,FWD,465,21,6.3,0.93,0
Rasmus Højlund,Man Utd,FWD,465,22,6.3,0.84,0
Rasmus Højlund,Man Utd,FWD,465,23,6.3,0.9,0
Rasmus Højlund,Man Utd,FWD,465,24,6.3,0.8,0
Rasmus Højlund,Man Utd,FWD,465,25,6.3,0.79,0
Rasmus Højlund,Man Utd,FWD,465,26,6.3,0.86,0
Rasmus Højlund,Man Utd,FWD,465,27,6.3,0.88,0
Rasmus Højlund,Man Utd,FWD,465,28,6.3,0.81,0
Joshua Zirkzee,Man Utd,FWD,466,15,5.8,2.37,0
Joshua Zirkzee,Man Utd,FWD,466,16,5.8,1.95,1
Joshua Zirkzee,Man Utd,FWD,466,17,5.8,1.58,1
Joshua Zirkzee,Man Utd,FWD,466,18,5.8,1.31,1
Joshua Zirkzee,Man Utd,FWD,466,19,5.8,1.61,8
Joshua Zirkzee,Man Utd,FWD,466,20,5.8,2.1,4
Joshua Zirkzee,Man Utd,FWD,466,21,5.8,2.13,1
Joshua Zirkzee,Man Utd,FWD,466,22,5.8,1.98,0
Joshua Zirkzee,Man Utd,FWD,466,23,5.8,1.63,0
Joshua Zirkzee,Man Utd,FWD,466,24,5.8,1.17,0
Joshua Zirkzee,Man Utd,FWD,466,25,5.8,0.96,1
Joshua Zirkzee,Man Utd,FWD,466,26,5.8,1.04,1
Joshua Zirkzee,Man Utd,FWD,466,27,5.8,1.16,0
Joshua Zirkzee,Man Utd,FWD,466,28,5.8,1.09,1
Chido Obi,Man Utd,FWD,467,15,4.3,0.09,0
Chido Obi,Man Utd,FWD,467,16,4.2,0.0,0
Chido Obi,Man Utd,FWD,467,17,4.2,0.02,0
Chido Obi,Man Utd,FWD,467,18,4.2,0.0,0
Chido Obi,Man Utd,FWD,467,19,4.2,0.0,0
Chido Obi,Man Utd,FWD,467,20,4.2,0.06,0
Chido Obi,Man Utd,FWD,467,21,4.2,0.0,0
Chido Obi,Man Utd,FWD,467,22,4.2,0.0,0
Chido Obi,Man Utd,FWD,467,23,4.2,0.0,0
Chido Obi,Man Utd,FWD,467,24,4.2,0.0,0
Chido Obi,Man Utd,FWD,467,25,4.2,0.0,0
Chido Obi,Man Utd,FWD,467,26,4.2,0.0,0
Chido Obi,Man Utd,FWD,467,27,4.2,0.0,0
Chido Obi,Man Utd,FWD,467,28,4.2,0.0,0
Ethan Wheatley,Man Utd,FWD,468,15,4.5,0.18,0
Ethan Wheatley,Man Utd,FWD,468,16,4.5,0.05,0
Ethan Wheatley,Man Utd,FWD,468,17,4.5,0.1,0
Ethan Wheatley,Man Utd,FWD,468,18,4.5,0.04,0
Ethan Wheatley,Man Utd,FWD,468,19,4.5,0.06,0
Ethan Wheatley,Man Utd,FWD,468,20,4.5,0.17,0
Ethan Wheatley,Man Utd,FWD,468,21,4.5,0.11,0
Ethan Wheatley,Man Utd,FWD,468,22,4.5,0.02,0
Ethan Wheatley,Man Utd,FWD,468,23,4.5,0.09,0
Ethan Wheatley,Man Utd,FWD,468,24,4.5,0.0,0
Ethan Wheatley,Man Utd,FWD,468,25,4.5,0.0,0
Ethan Wheatley,Man Utd,FWD,468,26,4.5,0.04,0
Ethan Wheatley,Man Utd,FWD,468,27,4.5,0.07,0
Ethan Wheatley,Man Utd,FWD,468,28,4.5,0.0,0
Nick Pope,Newcastle,GK,469,15,5.1,1.25,0
Nick Pope,Newcastle,GK,469,16,5.1,0.94,0
Nick Pope,Newcastle,GK,469,17,5.1,0.89,0
Nick Pope,Newcastle,GK,469,18,5.1,0.89,0
Nick Pope,Newcastle,GK,469,19,5.1,2.52,2
Nick Pope,Newcastle,GK,469,20,5.1,2.82,6
Nick Pope,Newcastle,GK,469,21,5.1,3.51,2
Nick Pope,Newcastle,GK,469,22,5.1,3.98,6
Nick Pope,Newcastle,GK,469,23,5.1,4.3,3
Nick Pope,Newcastle,GK,469,24,5.1,3.98,1
Nick Pope,Newcastle,GK,469,25,5.1,4.1,2
Nick Pope,Newcastle,GK,469,26,5.1,3.89,2
Nick Pope,Newcastle,GK,469,27,5.1,3.77,2
Nick Pope,Newcastle,GK,469,28,5.1,3.46,1
Martin Dúbravka,Burnley,GK,470,15,4.0,3.08,3
Martin Dúbravka,Burnley,GK,470,16,4.0,2.81,1
Martin Dúbravka,Burnley,GK,470,17,4.0,3.15,2
Martin Dúbravka,Burnley,GK,470,18,4.0,3.21,11
Martin Dúbravka,Burnley,GK,470,19,4.0,3.77,2
Martin Dúbravka,Burnley,GK,470,20,4.0,3.67,1
Martin Dúbravka,Burnley,GK,470,21,4.0,3.8,3
Martin Dúbravka,Burnley,GK,470,22,4.0,3.58,5
Martin Dúbravka,Burnley,GK,470,23,4.0,3.75,5
Martin Dúbravka,Burnley,GK,470,24,4.0,3.74,1
Martin Dúbravka,Burnley,GK,470,25,4.0,3.57,1
Martin Dúbravka,Burnley,GK,470,26,4.0,3.42,1
Martin Dúbravka,Burnley,GK,470,27,4.0,3.49,2
Martin Dúbravka,Burnley,GK,470,28,4.0,3.02,0
Mark Gillespie,Newcastle,GK,471,15,3.9,0.0,0
Mark Gillespie,Newcastle,GK,471,16,3.9,0.0,0
Mark Gillespie,Newcastle,GK,471,17,3.9,0.0,0
Mark Gillespie,Newcastle,GK,471,18,3.9,0.0,0
Mark Gillespie,Newcastle,GK,471,19,3.9,0.0,0
Mark Gillespie,Newcastle,GK,471,20,3.9,0.0,0
Mark Gillespie,Newcastle,GK,471,21,3.9,0.0,0
Mark Gillespie,Newcastle,GK,471,22,3.9,0.0,0
Mark Gillespie,Newcastle,GK,471,23,3.9,0.0,0
Mark Gillespie,Newcastle,GK,471,24,3.9,0.0,0
Mark Gillespie,Newcastle,GK,471,25,3.9,0.0,0
Mark Gillespie,Newcastle,GK,471,26,3.9,0.0,0
Mark Gillespie,Newcastle,GK,471,27,3.9,0.0,0
Mark Gillespie,Newcastle,GK,471,28,3.9,0.0,0
Odysseas Vlachodimos,Newcastle,GK,472,15,4.0,0.0,0
Odysseas Vlachodimos,Newcastle,GK,472,16,4.0,0.0,0
Odysseas Vlachodimos,Newcastle,GK,472,17,4.0,0.0,0
Odysseas Vlachodimos,Newcastle,GK,472,18,4.0,0.0,0
Odysseas Vlachodimos,Newcastle,GK,472,19,4.0,0.0,0
Odysseas Vlachodimos,Newcastle,GK,472,20,4.0,0.0,0
Odysseas Vlachodimos,Newcastle,GK,472,21,4.0,0.0,0
Odysseas Vlachodimos,Newcastle,GK,472,22,4.0,0.0,0
Odysseas Vlachodimos,Newcastle,GK,472,23,4.0,0.0,0
Odysseas Vlachodimos,Newcastle,GK,472,24,4.0,0.0,0
Odysseas Vlachodimos,Newcastle,GK,472,25,4.0,0.0,0
Odysseas Vlachodimos,Newcastle,GK,472,26,4.0,0.0,0
Odysseas Vlachodimos,Newcastle,GK,472,27,4.0,0.0,0
Odysseas Vlachodimos,Newcastle,GK,472,28,4.0,0.0,0
Lewis Hall,Newcastle,DEF,473,15,5.2,2.23,1
Lewis Hall,Newcastle,DEF,473,16,5.2,3.71,4
Lewis Hall,Newcastle,DEF,473,17,5.2,3.65,2
Lewis Hall,Newcastle,DEF,473,18,5.2,3.76,2
Lewis Hall,Newcastle,DEF,473,19,5.2,4.11,4
Lewis Hall,Newcastle,DEF,473,20,5.3,4.03,6
Lewis Hall,Newcastle,DEF,473,21,5.3,4.21,4
Lewis Hall,Newcastle,DEF,473,22,5.3,4.53,9
Lewis Hall,Newcastle,DEF,473,23,5.3,4.57,1
Lewis Hall,Newcastle,DEF,473,24,5.3,4.62,3
Lewis Hall,Newcastle,DEF,473,25,5.3,4.14,0
Lewis Hall,Newcastle,DEF,473,26,5.3,2.34,1
Lewis Hall,Newcastle,DEF,473,27,5.3,3.69,7
Lewis Hall,Newcastle,DEF,473,28,5.3,3.31,1
Fabian Schär,Newcastle,DEF,474,15,5.3,3.15,2
Fabian Schär,Newcastle,DEF,474,16,5.3,1.56,1
Fabian Schär,Newcastle,DEF,474,17,5.3,3.01,0
Fabian Schär,Newcastle,DEF,474,18,5.3,3.52,2
Fabian Schär,Newcastle,DEF,474,19,5.3,3.6,4
Fabian Schär,Newcastle,DEF,474,20,5.3,3.86,8
Fabian Schär,Newcastle,DEF,474,21,5.3,4.39,3
Fabian Schär,Newcastle,DEF,474,22,5.3,2.85,0
Fabian Schär,Newcastle,DEF,474,23,5.3,2.24,0
Fabian Schär,Newcastle,DEF,474,24,5.3,1.64,0
Fabian Schär,Newcastle,DEF,474,25,5.2,1.14,0
Fabian Schär,Newcastle,DEF,474,26,5.2,1.06,0
Fabian Schär,Newcastle,DEF,474,27,5.2,0.93,0
Fabian Schär,Newcastle,DEF,474,28,5.2,0.84,0
Sven Botman,Newcastle,DEF,475,15,4.9,0.82,0
Sven Botman,Newcastle,DEF,475,16,4.9,0.83,0
Sven Botman,Newcastle,DEF,475,17,4.9,0.78,0
Sven Botman,Newcastle,DEF,475,18,4.9,0.81,0
Sven Botman,Newcastle,DEF,475,19,4.9,0.8,0
Sven Botman,Newcastle,DEF,475,20,4.9,0.68,0
Sven Botman,Newcastle,DEF,475,21,4.9,1.01,4
Sven Botman,Newcastle,DEF,475,22,4.9,2.86,5
Sven Botman,Newcastle,DEF,475,23,4.9,3.53,3
Sven Botman,Newcastle,DEF,475,24,4.9,2.54,0
Sven Botman,Newcastle,DEF,475,25,4.9,3.67,7
Sven Botman,Newcastle,DEF,475,26,4.9,3.64,2
Sven Botman,Newcastle,DEF,475,27,4.9,1.82,0
Sven Botman,Newcastle,DEF,475,28,4.9,1.67,0
Dan Burn,Newcastle,DEF,476,15,5.1,4.14,7
Dan Burn,Newcastle,DEF,476,16,5.2,3.45,1
Dan Burn,Newcastle,DEF,476,17,5.2,2.88,0
Dan Burn,Newcastle,DEF,476,18,5.1,2.17,0
Dan Burn,Newcastle,DEF,476,19,5.1,1.61,0
Dan Burn,Newcastle,DEF,476,20,5.0,1.22,0
Dan Burn,Newcastle,DEF,476,21,5.0,1.1,0
Dan Burn,Newcastle,DEF,476,22,5.0,1.11,0
Dan Burn,Newcastle,DEF,476,23,5.0,1.05,0
Dan Burn,Newcastle,DEF,476,24,5.0,2.51,1
Dan Burn,Newcastle,DEF,476,25,5.0,1.48,1
Dan Burn,Newcastle,DEF,476,26,5.0,2.96,1
Dan Burn,Newcastle,DEF,476,27,5.0,3.58,2
Dan Burn,Newcastle,DEF,476,28,5.0,3.31,0
Tino Livramento,Newcastle,DEF,477,15,4.9,3.46,1
Tino Livramento,Newcastle,DEF,477,16,4.9,3.81,2
Tino Livramento,Newcastle,DEF,477,17,4.9,2.2,0
Tino Livramento,Newcastle,DEF,477,18,4.9,1.79,0
Tino Livramento,Newcastle,DEF,477,19,4.9,1.37,0
Tino Livramento,Newcastle,DEF,477,20,4.9,0.91,1
Tino Livramento,Newcastle,DEF,477,21,4.9,1.02,1
Tino Livramento,Newcastle,DEF,477,22,4.9,1.21,0
Tino Livramento,Newcastle,DEF,477,23,4.9,1.15,0
Tino Livramento,Newcastle,DEF,477,24,4.9,1.11,0
Tino Livramento,Newcastle,DEF,477,25,4.9,0.88,0
Tino Livramento,Newcastle,DEF,477,26,4.9,0.9,0
Tino Livramento,Newcastle,DEF,477,27,4.9,0.8,0
Tino Livramento,Newcastle,DEF,477,28,4.9,0.72,0
Kieran Trippier,Newcastle,DEF,478,15,4.9,0.66,0
Kieran Trippier,Newcastle,DEF,478,16,4.9,0.74,0
Kieran Trippier,Newcastle,DEF,478,17,4.9,0.74,0
Kieran Trippier,Newcastle,DEF,478,18,4.9,0.79,0
Kieran Trippier,Newcastle,DEF,478,19,4.9,0.78,0
Kieran Trippier,Newcastle,DEF,478,20,4.9,0.66,0
Kieran Trippier,Newcastle,DEF,478,21,4.9,0.65,0
Kieran Trippier,Newcastle,DEF,478,22,4.9,2.36,6
Kieran Trippier,Newcastle,DEF,478,23,4.9,2.64,1
Kieran Trippier,Newcastle,DEF,478,24,4.9,3.07,1
Kieran Trippier,Newcastle,DEF,478,25,4.9,3.3,1
Kieran Trippier,Newcastle,DEF,478,26,4.9,3.41,2
Kieran Trippier,Newcastle,DEF,478,27,4.9,3.12,0
Kieran Trippier,Newcastle,DEF,478,28,4.9,2.98,1
Emil Krafth,Newcastle,DEF,479,15,4.3,0.07,0
Emil Krafth,Newcastle,DEF,479,16,4.3,0.14,0
Emil Krafth,Newcastle,DEF,479,17,4.3,0.14,0
Emil Krafth,Newcastle,DEF,479,18,4.3,0.19,0
Emil Krafth,Newcastle,DEF,479,19,4.3,0.18,0
Emil Krafth,Newcastle,DEF,479,20,4.3,0.06,0
Emil Krafth,Newcastle,DEF,479,21,4.3,0.05,0
Emil Krafth,Newcastle,DEF,479,22,4.3,0.08,0
Emil Krafth,Newcastle,DEF,479,23,4.3,0.02,0
Emil Krafth,Newcastle,DEF,479,24,4.3,0.12,0
Emil Krafth,Newcastle,DEF,479,25,4.3,0.04,0
Emil Krafth,Newcastle,DEF,479,26,4.3,0.08,0
Emil Krafth,Newcastle,DEF,479,27,4.3,0.0,0
Emil Krafth,Newcastle,DEF,479,28,4.3,0.0,0
Jamaal Lascelles,Newcastle,DEF,480,15,4.3,0.09,0
Jamaal Lascelles,Newcastle,DEF,480,16,4.3,0.16,0
Jamaal Lascelles,Newcastle,DEF,480,17,4.3,0.16,0
Jamaal Lascelles,Newcastle,DEF,480,18,4.3,0.2,0
Jamaal Lascelles,Newcastle,DEF,480,19,4.3,0.2,0
Jamaal Lascelles,Newcastle,DEF,480,20,4.3,0.07,0
Jamaal Lascelles,Newcastle,DEF,480,21,4.3,0.06,0
Jamaal Lascelles,Newcastle,DEF,480,22,4.3,0.09,0
Jamaal Lascelles,Newcastle,DEF,480,23,4.3,0.03,0
Jamaal Lascelles,Newcastle,DEF,480,24,4.3,0.13,0
Jamaal Lascelles,Newcastle,DEF,480,25,4.3,0.05,0
Jamaal Lascelles,Newcastle,DEF,480,26,4.3,0.09,0
Jamaal Lascelles,Newcastle,DEF,480,27,4.3,0.01,0
Jamaal Lascelles,Newcastle,DEF,480,28,4.3,0.0,0
Alex Murphy,Newcastle,DEF,481,15,3.8,0.0,0
Alex Murphy,Newcastle,DEF,481,16,3.8,0.0,0
Alex Murphy,Newcastle,DEF,481,17,3.8,0.0,0
Alex Murphy,Newcastle,DEF,481,18,3.8,0.0,0
Alex Murphy,Newcastle,DEF,481,19,3.8,0.0,0
Alex Murphy,Newcastle,DEF,481,20,3.8,0.0,0
Alex Murphy,Newcastle,DEF,481,21,3.8,0.0,0
Alex Murphy,Newcastle,DEF,481,22,3.8,0.0,0
Alex Murphy,Newcastle,DEF,481,23,3.8,0.0,0
Alex Murphy,Newcastle,DEF,481,24,3.8,0.0,1
Alex Murphy,Newcastle,DEF,481,25,3.8,0.0,0
Alex Murphy,Newcastle,DEF,481,26,3.8,0.0,0
Alex Murphy,Newcastle,DEF,481,27,3.8,0.0,0
Alex Murphy,Newcastle,DEF,481,28,3.8,0.0,0
Harrison Ashby,Newcastle,DEF,482,15,3.9,0.0,0
Harrison Ashby,Newcastle,DEF,482,16,3.9,0.0,0
Harrison Ashby,Newcastle,DEF,482,17,3.9,0.0,0
Harrison Ashby,Newcastle,DEF,482,18,3.9,0.01,0
Harrison Ashby,Newcastle,DEF,482,19,3.9,0.0,0
Harrison Ashby,Newcastle,DEF,482,20,3.9,0.0,0
Harrison Ashby,Newcastle,DEF,482,21,3.9,0.0,0
Harrison Ashby,Newcastle,DEF,482,22,3.9,0.0,0
Harrison Ashby,Newcastle,DEF,482,23,3.9,0.0,0
Harrison Ashby,Newcastle,DEF,482,24,3.9,0.0,0
Harrison Ashby,Newcastle,DEF,482,25,3.9,0.0,0
Harrison Ashby,Newcastle,DEF,482,26,3.9,0.0,0
Harrison Ashby,Newcastle,DEF,482,27,3.9,0.0,0
Harrison Ashby,Newcastle,DEF,482,28,3.9,0.0,0
Miodrag Pivaš,Newcastle,DEF,483,15,3.8,0.0,0
Miodrag Pivaš,Newcastle,DEF,483,16,3.8,0.0,0
Miodrag Pivaš,Newcastle,DEF,483,17,3.8,0.0,0
Miodrag Pivaš,Newcastle,DEF,483,18,3.8,0.0,0
Miodrag Pivaš,Newcastle,DEF,483,19,3.8,0.0,0
Miodrag Pivaš,Newcastle,DEF,483,20,3.8,0.0,0
Miodrag Pivaš,Newcastle,DEF,483,21,3.8,0.0,0
Miodrag Pivaš,Newcastle,DEF,483,22,3.8,0.0,0
Miodrag Pivaš,Newcastle,DEF,483,23,3.8,0.0,0
Miodrag Pivaš,Newcastle,DEF,483,24,3.8,0.0,0
Miodrag Pivaš,Newcastle,DEF,483,25,3.8,0.0,0
Miodrag Pivaš,Newcastle,DEF,483,26,3.8,0.0,0
Miodrag Pivaš,Newcastle,DEF,483,27,3.8,0.0,0
Miodrag Pivaš,Newcastle,DEF,483,28,3.8,0.0,0
Matt Targett,Newcastle,DEF,484,15,4.0,0.0,0
Matt Targett,Newcastle,DEF,484,16,4.0,0.01,0
Matt Targett,Newcastle,DEF,484,17,4.0,0.0,0
Matt Targett,Newcastle,DEF,484,18,4.0,0.05,0
Matt Targett,Newcastle,DEF,484,19,4.0,0.05,0
Matt Targett,Newcastle,DEF,484,20,4.0,0.0,0
Matt Targett,Newcastle,DEF,484,21,4.0,0.0,0
Matt Targett,Newcastle,DEF,484,22,4.0,0.0,0
Matt Targett,Newcastle,DEF,484,23,4.0,0.0,0
Matt Targett,Newcastle,DEF,484,24,4.0,0.0,0
Matt Targett,Newcastle,DEF,484,25,4.0,0.0,0
Matt Targett,Newcastle,DEF,484,26,4.0,0.0,0
Matt Targett,Newcastle,DEF,484,27,4.0,0.0,0
Matt Targett,Newcastle,DEF,484,28,4.0,0.0,0
Anthony Gordon,Newcastle,MID,485,15,7.2,3.31,10
Anthony Gordon,Newcastle,MID,485,16,7.2,2.55,1
Anthony Gordon,Newcastle,MID,485,17,7.3,4.39,10
Anthony Gordon,Newcastle,MID,485,18,7.3,5.3,2
Anthony Gordon,Newcastle,MID,485,19,7.4,5.08,5
Anthony Gordon,Newcastle,MID,485,20,7.4,5.33,2
Anthony Gordon,Newcastle,MID,485,21,7.4,4.41,1
Anthony Gordon,Newcastle,MID,485,22,7.5,4.74,3
Anthony Gordon,Newcastle,MID,485,23,7.4,4.33,2
Anthony Gordon,Newcastle,MID,485,24,7.3,4.36,6
Anthony Gordon,Newcastle,MID,485,25,7.3,2.81,0
Anthony Gordon,Newcastle,MID,485,26,7.2,4.02,5
Anthony Gordon,Newcastle,MID,485,27,7.2,4.35,2
Anthony Gordon,Newcastle,MID,485,28,7.2,4.14,2
Anthony Elanga,Newcastle,MID,486,15,6.6,3.39,2
Anthony Elanga,Newcastle,MID,486,16,6.6,2.17,1
Anthony Elanga,Newcastle,MID,486,17,6.6,1.87,1
Anthony Elanga,Newcastle,MID,486,18,6.5,1.86,0
Anthony Elanga,Newcastle,MID,486,19,6.5,1.42,0
Anthony Elanga,Newcastle,MID,486,20,6.5,1.07,0
Anthony Elanga,Newcastle,MID,486,21,6.5,0.95,0
Anthony Elanga,Newcastle,MID,486,22,6.5,0.97,1
Anthony Elanga,Newcastle,MID,486,23,6.5,1.02,1
Anthony Elanga,Newcastle,MID,486,24,6.5,2.9,2
Anthony Elanga,Newcastle,MID,486,25,6.5,1.56,1
Anthony Elanga,Newcastle,MID,486,26,6.5,3.29,2
Anthony Elanga,Newcastle,MID,486,27,6.5,3.44,2
Anthony Elanga,Newcastle,MID,486,28,6.5,1.78,1
Harvey Barnes,Newcastle,MID,487,15,6.4,2.81,0
Harvey Barnes,Newcastle,MID,487,16,6.4,2.21,1
Harvey Barnes,Newcastle,MID,487,17,6.2,1.84,1
Harvey Barnes,Newcastle,MID,487,18,6.2,1.47,1
Harvey Barnes,Newcastle,MID,487,19,6.1,3.17,2
Harvey Barnes,Newcastle,MID,487,20,6.1,1.58,1
Harvey Barnes,Newcastle,MID,487,21,6.1,3.41,15
Harvey Barnes,Newcastle,MID,487,22,6.1,4.2,3
Harvey Barnes,Newcastle,MID,487,23,6.1,4.21,2
Harvey Barnes,Newcastle,MID,487,24,6.1,4.56,2
Harvey Barnes,Newcastle,MID,487,25,6.1,4.24,2
Harvey Barnes,Newcastle,MID,487,26,6.1,4.25,2
Harvey Barnes,Newcastle,MID,487,27,6.1,2.32,0
Harvey Barnes,Newcastle,MID,487,28,6.1,2.02,1
Bruno Guimarães Rodriguez Moura,Newcastle,MID,488,15,6.8,5.47,10
Bruno Guimarães Rodriguez Moura,Newcastle,MID,488,16,7.0,5.1,1
Bruno Guimarães Rodriguez Moura,Newcastle,MID,488,17,7.0,5.05,2
Bruno Guimarães Rodriguez Moura,Newcastle,MID,488,18,7.0,4.96,2
Bruno Guimarães Rodriguez Moura,Newcastle,MID,488,19,7.0,4.85,10
Bruno Guimarães Rodriguez Moura,Newcastle,MID,488,20,7.0,5.06,10
Bruno Guimarães Rodriguez Moura,Newcastle,MID,488,21,7.1,5.53,11
Bruno Guimarães Rodriguez Moura,Newcastle,MID,488,22,7.2,6.34,3
Bruno Guimarães Rodriguez Moura,Newcastle,MID,488,23,7.3,4.23,0
Bruno Guimarães Rodriguez Moura,Newcastle,MID,488,24,7.2,3.5,0
Bruno Guimarães Rodriguez Moura,Newcastle,MID,488,25,7.1,4.31,11
Bruno Guimarães Rodriguez Moura,Newcastle,MID,488,26,7.0,4.56,3
Bruno Guimarães Rodriguez Moura,Newcastle,MID,488,27,6.9,3.24,0
Bruno Guimarães Rodriguez Moura,Newcastle,MID,488,28,6.9,3.13,0
Jacob Murphy,Newcastle,MID,489,15,6.1,1.81,0
Jacob Murphy,Newcastle,MID,489,16,6.1,1.39,1
Jacob Murphy,Newcastle,MID,489,17,6.0,3.1,2
Jacob Murphy,Newcastle,MID,489,18,6.0,3.17,2
Jacob Murphy,Newcastle,MID,489,19,6.0,1.91,1
Jacob Murphy,Newcastle,MID,489,20,6.0,3.34,3
Jacob Murphy,Newcastle,MID,489,21,6.0,1.85,1
Jacob Murphy,Newcastle,MID,489,22,6.0,1.65,0
Jacob Murphy,Newcastle,MID,489,23,5.9,1.4,0
Jacob Murphy,Newcastle,MID,489,24,5.9,1.11,1
Jacob Murphy,Newcastle,MID,489,25,5.9,1.05,0
Jacob Murphy,Newcastle,MID,489,26,5.9,1.26,1
Jacob Murphy,Newcastle,MID,489,27,5.9,1.29,1
Jacob Murphy,Newcastle,MID,489,28,5.9,1.54,6
Joelinton Cássio Apolinário de Lira,Newcastle,MID,490,15,5.9,2.26,1
Joelinton Cássio Apolinário de Lira,Newcastle,MID,490,16,5.9,1.87,0
Joelinton Cássio Apolinário de Lira,Newcastle,MID,490,17,5.9,1.47,0
Joelinton Cássio Apolinário de Lira,Newcastle,MID,490,18,5.9,1.06,1
Joelinton Cássio Apolinário de Lira,Newcastle,MID,490,19,5.9,2.76,8
Joelinton Cássio Apolinário de Lira,Newcastle,MID,490,20,5.9,3.28,5
Joelinton Cássio Apolinário de Lira,Newcastle,MID,490,21,5.9,4.01,8
Joelinton Cássio Apolinário de Lira,Newcastle,MID,490,22,5.9,4.77,3
Joelinton Cássio Apolinário de Lira,Newcastle,MID,490,23,5.9,2.85,0
Joelinton Cássio Apolinário de Lira,Newcastle,MID,490,24,5.9,2.49,0
Joelinton Cássio Apolinário de Lira,Newcastle,MID,490,25,5.9,1.73,0
Joelinton Cássio Apolinário de Lira,Newcastle,MID,490,26,5.9,1.34,0
Joelinton Cássio Apolinário de Lira,Newcastle,MID,490,27,5.9,0.93,0
Joelinton Cássio Apolinário de Lira,Newcastle,MID,490,28,5.9,2.64,5
Sandro Tonali,Newcastle,MID,491,15,5.4,1.45,1
Sandro Tonali,Newcastle,MID,491,16,5.3,1.11,0
Sandro Tonali,Newcastle,MID,491,17,5.3,2.86,4
Sandro Tonali,Newcastle,MID,491,18,5.3,2.92,1
Sandro Tonali,Newcastle,MID,491,19,5.3,3.48,2
Sandro Tonali,Newcastle,MID,491,20,5.3,3.54,3
Sandro Tonali,Newcastle,MID,491,21,5.3,1.84,1
Sandro Tonali,Newcastle,MID,491,22,5.3,3.33,2
Sandro Tonali,Newcastle,MID,491,23,5.3,3.32,4
Sandro Tonali,Newcastle,MID,491,24,5.3,3.58,2
Sandro Tonali,Newcastle,MID,491,25,5.3,3.72,2
Sandro Tonali,Newcastle,MID,491,26,5.3,2.1,1
Sandro Tonali,Newcastle,MID,491,27,5.3,3.3,2
Sandro Tonali,Newcastle,MID,491,28,5.3,3.3,6
Antoñito Cordero Campillo,Newcastle,MID,492,15,4.9,0.0,0
Antoñito Cordero Campillo,Newcastle,MID,492,16,4.9,0.06,0
Antoñito Cordero Campillo,Newcastle,MID,492,17,4.9,0.05,0
Antoñito Cordero Campillo,Newcastle,MID,492,18,4.9,0.11,0
Antoñito Cordero Campillo,Newcastle,MID,492,19,4.9,0.1,0
Antoñito Cordero Campillo,Newcastle,MID,492,20,4.9,0.0,0
Antoñito Cordero Campillo,Newcastle,MID,492,21,4.9,0.0,0
Antoñito Cordero Campillo,Newcastle,MID,492,22,4.9,0.0,0
Antoñito Cordero Campillo,Newcastle,MID,492,23,4.9,0.0,0
Antoñito Cordero Campillo,Newcastle,MID,492,24,4.9,0.03,0
Antoñito Cordero Campillo,Newcastle,MID,492,25,4.9,0.0,0
Antoñito Cordero Campillo,Newcastle,MID,492,26,4.9,0.0,0
Antoñito Cordero Campillo,Newcastle,MID,492,27,4.9,0.0,0
Antoñito Cordero Campillo,Newcastle,MID,492,28,4.9,0.0,0
Sean Longstaff,Leeds,MID,493,15,4.9,0.77,0
Sean Longstaff,Leeds,MID,493,16,4.9,0.51,0
Sean Longstaff,Leeds,MID,493,17,4.8,0.41,0
Sean Longstaff,Leeds,MID,493,18,4.8,0.47,0
Sean Longstaff,Leeds,MID,493,19,4.8,0.5,0
Sean Longstaff,Leeds,MID,493,20,4.8,0.39,0
Sean Longstaff,Leeds,MID,493,21,4.8,0.49,0
Sean Longstaff,Leeds,MID,493,22,4.8,0.41,0
Sean Longstaff,Leeds,MID,493,23,4.8,0.41,1
Sean Longstaff,Leeds,MID,493,24,4.8,0.4,1
Sean Longstaff,Leeds,MID,493,25,4.8,0.64,1
Sean Longstaff,Leeds,MID,493,26,4.8,0.81,0
Sean Longstaff,Leeds,MID,493,27,4.8,0.78,1
Sean Longstaff,Leeds,MID,493,28,4.8,0.58,0
Joe Willock,Newcastle,MID,494,15,5.0,1.98,3
Joe Willock,Newcastle,MID,494,16,5.0,0.73,0
Joe Willock,Newcastle,MID,494,17,5.0,0.78,1
Joe Willock,Newcastle,MID,494,18,5.0,0.92,1
Joe Willock,Newcastle,MID,494,19,5.0,0.7,1
Joe Willock,Newcastle,MID,494,20,5.0,0.51,1
Joe Willock,Newcastle,MID,494,21,5.0,0.47,0
Joe Willock,Newcastle,MID,494,22,5.0,0.38,0
Joe Willock,Newcastle,MID,494,23,5.0,0.25,1
Joe Willock,Newcastle,MID,494,24,5.0,2.0,2
Joe Willock,Newcastle,MID,494,25,5.0,0.64,1
Joe Willock,Newcastle,MID,494,26,5.0,2.5,2
Joe Willock,Newcastle,MID,494,27,5.0,1.11,0
Joe Willock,Newcastle,MID,494,28,5.0,0.92,0
Isaac Hayden,Newcastle,MID,495,15,4.5,0.0,0
Isaac Hayden,Newcastle,MID,495,16,4.5,0.0,0
Isaac Hayden,Newcastle,MID,495,17,4.5,0.0,0
Isaac Hayden,Newcastle,MID,495,18,4.5,0.0,0
Isaac Hayden,Newcastle,MID,495,19,4.5,0.0,0
Isaac Hayden,Newcastle,MID,495,20,4.5,0.0,0
Isaac Hayden,Newcastle,MID,495,21,4.5,0.0,0
Isaac Hayden,Newcastle,MID,495,22,4.5,0.0,0
Isaac Hayden,Newcastle,MID,495,23,4.5,0.0,0
Isaac Hayden,Newcastle,MID,495,24,4.5,0.0,0
Isaac Hayden,Newcastle,MID,495,25,4.5,0.0,0
Isaac Hayden,Newcastle,MID,495,26,4.5,0.0,0
Isaac Hayden,Newcastle,MID,495,27,4.5,0.0,0
Isaac Hayden,Newcastle,MID,495,28,4.5,0.0,0
Garang Kuol,Newcastle,MID,496,15,4.4,0.0,0
Garang Kuol,Newcastle,MID,496,16,4.4,0.0,0
Garang Kuol,Newcastle,MID,496,17,4.4,0.0,0
Garang Kuol,Newcastle,MID,496,18,4.4,0.0,0
Garang Kuol,Newcastle,MID,496,19,4.4,0.0,0
Garang Kuol,Newcastle,MID,496,20,4.4,0.0,0
Garang Kuol,Newcastle,MID,496,21,4.4,0.0,0
Garang Kuol,Newcastle,MID,496,22,4.4,0.0,0
Garang Kuol,Newcastle,MID,496,23,4.4,0.0,0
Garang Kuol,Newcastle,MID,496,24,4.4,0.0,0
Garang Kuol,Newcastle,MID,496,25,4.4,0.0,0
Garang Kuol,Newcastle,MID,496,26,4.4,0.0,0
Garang Kuol,Newcastle,MID,496,27,4.4,0.0,0
Garang Kuol,Newcastle,MID,496,28,4.4,0.0,0
Lewis Miley,Newcastle,MID,497,15,4.4,1.63,1
Lewis Miley,Newcastle,MID,497,16,4.4,3.51,2
Lewis Miley,Newcastle,MID,497,17,4.4,3.13,4
Lewis Miley,Newcastle,MID,497,18,4.4,3.36,2
Lewis Miley,Newcastle,MID,497,19,4.5,3.42,4
Lewis Miley,Newcastle,MID,497,20,4.5,3.55,7
Lewis Miley,Newcastle,MID,497,21,4.5,3.86,4
Lewis Miley,Newcastle,MID,497,22,4.5,2.47,1
Lewis Miley,Newcastle,MID,497,23,4.5,3.58,2
Lewis Miley,Newcastle,MID,497,24,4.5,1.74,0
Lewis Miley,Newcastle,MID,497,25,4.5,1.13,0
Lewis Miley,Newcastle,MID,497,26,4.5,0.93,0
Lewis Miley,Newcastle,MID,497,27,4.5,0.47,0
Lewis Miley,Newcastle,MID,497,28,4.5,0.37,0
Joe White,Newcastle,MID,498,15,4.5,0.0,0
Joe White,Newcastle,MID,498,16,4.5,0.0,0
Joe White,Newcastle,MID,498,17,4.5,0.0,0
Joe White,Newcastle,MID,498,18,4.5,0.0,0
Joe White,Newcastle,MID,498,19,4.5,0.0,0
Joe White,Newcastle,MID,498,20,4.5,0.0,0
Joe White,Newcastle,MID,498,21,4.5,0.0,0
Joe White,Newcastle,MID,498,22,4.5,0.0,0
Joe White,Newcastle,MID,498,23,4.5,0.0,0
Joe White,Newcastle,MID,498,24,4.5,0.0,0
Joe White,Newcastle,MID,498,25,4.5,0.0,0
Joe White,Newcastle,MID,498,26,4.5,0.0,0
Joe White,Newcastle,MID,498,27,4.5,0.0,0
Joe White,Newcastle,MID,498,28,4.5,0.0,0
Alexander Isak,Liverpool,FWD,499,15,10.4,4.1,1
Alexander Isak,Liverpool,FWD,499,16,10.4,3.75,1
Alexander Isak,Liverpool,FWD,499,17,10.3,3.9,6
Alexander Isak,Liverpool,FWD,499,18,10.3,3.39,0
Alexander Isak,Liverpool,FWD,499,19,10.3,3.18,0
Alexander Isak,Liverpool,FWD,499,20,10.3,3.16,0
Alexander Isak,Liverpool,FWD,499,21,10.3,3.03,0
Alexander Isak,Liverpool,FWD,499,22,10.3,2.94,0
Alexander Isak,Liverpool,FWD,499,23,10.3,2.86,0
Alexander Isak,Liverpool,FWD,499,24,10.3,2.78,0
Alexander Isak,Liverpool,FWD,499,25,10.3,2.74,0
Alexander Isak,Liverpool,FWD,499,26,10.3,2.81,0
Alexander Isak,Liverpool,FWD,499,27,10.3,2.82,0
Alexander Isak,Liverpool,FWD,499,28,10.3,2.78,0
William Osula,Newcastle,FWD,500,15,5.4,0.65,0
William Osula,Newcastle,FWD,500,16,5.4,0.7,0
William Osula,Newcastle,FWD,500,17,5.4,0.7,0
William Osula,Newcastle,FWD,500,18,5.4,0.75,0
William Osula,Newcastle,FWD,500,19,5.4,0.74,0
William Osula,Newcastle,FWD,500,20,5.4,0.62,0
William Osula,Newcastle,FWD,500,21,5.4,0.61,0
William Osula,Newcastle,FWD,500,22,5.4,0.63,0
William Osula,Newcastle,FWD,500,23,5.4,0.58,0
William Osula,Newcastle,FWD,500,24,5.4,0.69,1
William Osula,Newcastle,FWD,500,25,5.4,0.7,1
William Osula,Newcastle,FWD,500,26,5.4,0.89,1
William Osula,Newcastle,FWD,500,27,5.4,0.93,1
William Osula,Newcastle,FWD,500,28,5.4,0.88,1
Sean Neave,Newcastle,FWD,501,15,4.4,0.0,0
Sean Neave,Newcastle,FWD,501,16,4.4,0.08,0
Sean Neave,Newcastle,FWD,501,17,4.4,0.08,0
Sean Neave,Newcastle,FWD,501,18,4.4,0.12,0
Sean Neave,Newcastle,FWD,501,19,4.3,0.06,0
Sean Neave,Newcastle,FWD,501,20,4.3,0.0,0
Sean Neave,Newcastle,FWD,501,21,4.3,0.0,0
Sean Neave,Newcastle,FWD,501,22,4.3,0.0,0
Sean Neave,Newcastle,FWD,501,23,4.3,0.0,0
Sean Neave,Newcastle,FWD,501,24,4.3,0.01,0
Sean Neave,Newcastle,FWD,501,25,4.3,0.0,0
Sean Neave,Newcastle,FWD,501,26,4.3,0.0,0
Sean Neave,Newcastle,FWD,501,27,4.3,0.0,0
Sean Neave,Newcastle,FWD,501,28,4.3,0.0,0
Matz Sels,Nott'm Forest,GK,502,15,4.7,4.08,2
Matz Sels,Nott'm Forest,GK,502,16,4.7,2.1,0
Matz Sels,Nott'm Forest,GK,502,17,4.7,1.68,0
Matz Sels,Nott'm Forest,GK,502,18,4.6,0.88,0
Matz Sels,Nott'm Forest,GK,502,19,4.6,0.54,0
Matz Sels,Nott'm Forest,GK,502,20,4.6,0.55,1
Matz Sels,Nott'm Forest,GK,502,21,4.6,2.26,3
Matz Sels,Nott'm Forest,GK,502,22,4.6,2.67,10
Matz Sels,Nott'm Forest,GK,502,23,4.6,3.75,6
Matz Sels,Nott'm Forest,GK,502,24,4.6,2.73,1
Matz Sels,Nott'm Forest,GK,502,25,4.6,2.54,0
Matz Sels,Nott'm Forest,GK,502,26,4.6,1.63,0
Matz Sels,Nott'm Forest,GK,502,27,4.6,1.03,0
Matz Sels,Nott'm Forest,GK,502,28,4.6,2.43,2
Carlos Miguel dos Santos Pereira,Nott'm Forest,GK,503,15,4.0,0.0,0
Carlos Miguel dos Santos Pereira,Nott'm Forest,GK,503,16,4.0,0.0,0
Carlos Miguel dos Santos Pereira,Nott'm Forest,GK,503,17,4.0,0.0,0
Carlos Miguel dos Santos Pereira,Nott'm Forest,GK,503,18,4.0,0.0,0
Carlos Miguel dos Santos Pereira,Nott'm Forest,GK,503,19,4.0,0.0,0
Carlos Miguel dos Santos Pereira,Nott'm Forest,GK,503,20,4.0,0.0,0
Carlos Miguel dos Santos Pereira,Nott'm Forest,GK,503,21,4.0,0.0,0
Carlos Miguel dos Santos Pereira,Nott'm Forest,GK,503,22,4.0,0.0,0
Carlos Miguel dos Santos Pereira,Nott'm Forest,GK,503,23,4.0,0.0,0
Carlos Miguel dos Santos Pereira,Nott'm Forest,GK,503,24,4.0,0.0,0
Carlos Miguel dos Santos Pereira,Nott'm Forest,GK,503,25,4.0,0.0,0
Carlos Miguel dos Santos Pereira,Nott'm Forest,GK,503,26,4.0,0.0,0
Carlos Miguel dos Santos Pereira,Nott'm Forest,GK,503,27,4.0,0.0,0
Carlos Miguel dos Santos Pereira,Nott'm Forest,GK,503,28,4.0,0.0,0
Matt Turner,Nott'm Forest,GK,504,15,4.0,0.0,0
Matt Turner,Nott'm Forest,GK,504,16,4.0,0.0,0
Matt Turner,Nott'm Forest,GK,504,17,4.0,0.0,0
Matt Turner,Nott'm Forest,GK,504,18,4.0,0.0,0
Matt Turner,Nott'm Forest,GK,504,19,4.0,0.0,0
Matt Turner,Nott'm Forest,GK,504,20,4.0,0.0,0
Matt Turner,Nott'm Forest,GK,504,21,4.0,0.0,0
Matt Turner,Nott'm Forest,GK,504,22,4.0,0.0,0
Matt Turner,Nott'm Forest,GK,504,23,4.0,0.0,0
Matt Turner,Nott'm Forest,GK,504,24,4.0,0.0,0
Matt Turner,Nott'm Forest,GK,504,25,4.0,0.0,0
Matt Turner,Nott'm Forest,GK,504,26,4.0,0.0,0
Matt Turner,Nott'm Forest,GK,504,27,4.0,0.0,0
Matt Turner,Nott'm Forest,GK,504,28,4.0,0.0,0
Nikola Milenković,Nott'm Forest,DEF,505,15,5.2,4.25,0
Nikola Milenković,Nott'm Forest,DEF,505,16,5.1,4.06,8
Nikola Milenković,Nott'm Forest,DEF,505,17,5.1,4.3,1
Nikola Milenković,Nott'm Forest,DEF,505,18,5.1,4.05,3
Nikola Milenković,Nott'm Forest,DEF,505,19,5.1,3.96,1
Nikola Milenković,Nott'm Forest,DEF,505,20,5.1,3.9,3
Nikola Milenković,Nott'm Forest,DEF,505,21,5.1,4.01,2
Nikola Milenković,Nott'm Forest,DEF,505,22,5.1,3.76,6
Nikola Milenković,Nott'm Forest,DEF,505,23,5.1,4.3,8
Nikola Milenković,Nott'm Forest,DEF,505,24,5.1,4.62,3
Nikola Milenković,Nott'm Forest,DEF,505,25,5.1,4.66,1
Nikola Milenković,Nott'm Forest,DEF,505,26,5.1,4.54,6
Nikola Milenković,Nott'm Forest,DEF,505,27,5.1,4.5,4
Nikola Milenković,Nott'm Forest,DEF,505,28,5.1,4.26,1
Murillo Costa dos Santos,Nott'm Forest,DEF,506,15,5.3,2.11,0
Murillo Costa dos Santos,Nott'm Forest,DEF,506,16,5.2,2.87,6
Murillo Costa dos Santos,Nott'm Forest,DEF,506,17,5.2,3.19,1
Murillo Costa dos Santos,Nott'm Forest,DEF,506,18,5.2,3.5,3
Murillo Costa dos Santos,Nott'm Forest,DEF,506,19,5.2,3.73,1
Murillo Costa dos Santos,Nott'm Forest,DEF,506,20,5.2,3.84,3
Murillo Costa dos Santos,Nott'm Forest,DEF,506,21,5.2,3.95,2
Murillo Costa dos Santos,Nott'm Forest,DEF,506,22,5.2,3.76,8
Murillo Costa dos Santos,Nott'm Forest,DEF,506,23,5.2,4.42,8
Murillo Costa dos Santos,Nott'm Forest,DEF,506,24,5.2,4.77,2
Murillo Costa dos Santos,Nott'm Forest,DEF,506,25,5.2,3.27,0
Murillo Costa dos Santos,Nott'm Forest,DEF,506,26,5.2,2.37,0
Murillo Costa dos Santos,Nott'm Forest,DEF,506,27,5.2,3.29,2
Murillo Costa dos Santos,Nott'm Forest,DEF,506,28,5.2,3.02,1
Ola Aina,Nott'm Forest,DEF,507,15,4.7,0.46,0
Ola Aina,Nott'm Forest,DEF,507,16,4.7,0.42,0
Ola Aina,Nott'm Forest,DEF,507,17,4.7,0.41,0
Ola Aina,Nott'm Forest,DEF,507,18,4.7,0.3,0
Ola Aina,Nott'm Forest,DEF,507,19,4.7,0.29,0
Ola Aina,Nott'm Forest,DEF,507,20,4.7,1.74,1
Ola Aina,Nott'm Forest,DEF,507,21,4.7,2.27,2
Ola Aina,Nott'm Forest,DEF,507,22,4.7,2.56,5
Ola Aina,Nott'm Forest,DEF,507,23,4.7,3.47,11
Ola Aina,Nott'm Forest,DEF,507,24,4.7,4.27,2
Ola Aina,Nott'm Forest,DEF,507,25,4.7,4.14,1
Ola Aina,Nott'm Forest,DEF,507,26,4.7,4.02,7
Ola Aina,Nott'm Forest,DEF,507,27,4.7,3.55,1
Ola Aina,Nott'm Forest,DEF,507,28,4.7,3.59,1
Neco Williams,Nott'm Forest,DEF,508,15,4.7,4.6,1
Neco Williams,Nott'm Forest,DEF,508,16,4.7,4.11,7
Neco Williams,Nott'm Forest,DEF,508,17,4.7,4.63,2
Neco Williams,Nott'm Forest,DEF,508,18,4.7,3.7,1
Neco Williams,Nott'm Forest,DEF,508,19,4.7,3.7,1
Neco Williams,Nott'm Forest,DEF,508,20,4.7,3.4,1
Neco Williams,Nott'm Forest,DEF,508,21,4.7,3.67,4
Neco Williams,Nott'm Forest,DEF,508,22,4.7,3.68,6
Neco Williams,Nott'm Forest,DEF,508,23,4.7,4.22,8
Neco Williams,Nott'm Forest,DEF,508,24,4.7,1.13,-2
Neco Williams,Nott'm Forest,DEF,508,25,4.7,2.5,0
Neco Williams,Nott'm Forest,DEF,508,26,4.7,3.52,8
Neco Williams,Nott'm Forest,DEF,508,27,4.7,3.57,4
Neco Williams,Nott'm Forest,DEF,508,28,4.7,2.58,0
David Mota Veiga Teixeira do Carmo,Nott'm Forest,DEF,509,15,4.5,0.3,0
David Mota Veiga Teixeira do Carmo,Nott'm Forest,DEF,509,16,4.5,0.26,0
David Mota Veiga Teixeira do Carmo,Nott'm Forest,DEF,509,17,4.5,0.25,0
David Mota Veiga Teixeira do Carmo,Nott'm Forest,DEF,509,18,4.5,0.15,0
David Mota Veiga Teixeira do Carmo,Nott'm Forest,DEF,509,19,4.5,0.13,0
David Mota Veiga Teixeira do Carmo,Nott'm Forest,DEF,509,20,4.5,0.23,0
David Mota Veiga Teixeira do Carmo,Nott'm Forest,DEF,509,21,4.5,0.23,0
David Mota Veiga Teixeira do Carmo,Nott'm Forest,DEF,509,22,4.5,0.09,0
David Mota Veiga Teixeira do Carmo,Nott'm Forest,DEF,509,23,4.5,0.17,0
David Mota Veiga Teixeira do Carmo,Nott'm Forest,DEF,509,24,4.5,0.07,0
David Mota Veiga Teixeira do Carmo,Nott'm Forest,DEF,509,25,4.5,0.18,0
David Mota Veiga Teixeira do Carmo,Nott'm Forest,DEF,509,26,4.5,0.13,0
David Mota Veiga Teixeira do Carmo,Nott'm Forest,DEF,509,27,4.5,0.09,0
David Mota Veiga Teixeira do Carmo,Nott'm Forest,DEF,509,28,4.5,0.16,0
Jair Paula da Cunha Filho,Nott'm Forest,DEF,510,15,4.3,0.25,0
Jair Paula da Cunha Filho,Nott'm Forest,DEF,510,16,4.3,0.21,0
Jair Paula da Cunha Filho,Nott'm Forest,DEF,510,17,4.3,0.21,0
Jair Paula da Cunha Filho,Nott'm Forest,DEF,510,18,4.3,0.1,0
Jair Paula da Cunha Filho,Nott'm Forest,DEF,510,19,4.3,0.09,0
Jair Paula da Cunha Filho,Nott'm Forest,DEF,510,20,4.3,0.18,0
Jair Paula da Cunha Filho,Nott'm Forest,DEF,510,21,4.3,0.18,0
Jair Paula da Cunha Filho,Nott'm Forest,DEF,510,22,4.2,0.0,0
Jair Paula da Cunha Filho,Nott'm Forest,DEF,510,23,4.2,0.07,0
Jair Paula da Cunha Filho,Nott'm Forest,DEF,510,24,4.2,0.0,0
Jair Paula da Cunha Filho,Nott'm Forest,DEF,510,25,4.2,0.08,0
Jair Paula da Cunha Filho,Nott'm Forest,DEF,510,26,4.2,0.04,0
Jair Paula da Cunha Filho,Nott'm Forest,DEF,510,27,4.2,0.0,0
Jair Paula da Cunha Filho,Nott'm Forest,DEF,510,28,4.2,0.08,1
Felipe Rodrigues da Silva,Nott'm Forest,DEF,511,15,4.3,3.26,2
Felipe Rodrigues da Silva,Nott'm Forest,DEF,511,16,4.3,2.11,0
Felipe Rodrigues da Silva,Nott'm Forest,DEF,511,17,4.3,1.62,0
Felipe Rodrigues da Silva,Nott'm Forest,DEF,511,18,4.3,0.91,0
Felipe Rodrigues da Silva,Nott'm Forest,DEF,511,19,4.3,0.45,0
Felipe Rodrigues da Silva,Nott'm Forest,DEF,511,20,4.3,0.43,0
Felipe Rodrigues da Silva,Nott'm Forest,DEF,511,21,4.3,0.41,1
Felipe Rodrigues da Silva,Nott'm Forest,DEF,511,22,4.3,0.33,0
Felipe Rodrigues da Silva,Nott'm Forest,DEF,511,23,4.3,0.42,1
Felipe Rodrigues da Silva,Nott'm Forest,DEF,511,24,4.3,0.43,1
Felipe Rodrigues da Silva,Nott'm Forest,DEF,511,25,4.3,2.3,3
Felipe Rodrigues da Silva,Nott'm Forest,DEF,511,26,4.3,2.82,8
Felipe Rodrigues da Silva,Nott'm Forest,DEF,511,27,4.3,1.86,0
Felipe Rodrigues da Silva,Nott'm Forest,DEF,511,28,4.3,1.73,0
Omar Richards,Nott'm Forest,DEF,512,15,4.5,0.3,0
Omar Richards,Nott'm Forest,DEF,512,16,4.5,0.26,0
Omar Richards,Nott'm Forest,DEF,512,17,4.5,0.25,0
Omar Richards,Nott'm Forest,DEF,512,18,4.5,0.15,0
Omar Richards,Nott'm Forest,DEF,512,19,4.5,0.13,0
Omar Richards,Nott'm Forest,DEF,512,20,4.5,0.23,0
Omar Richards,Nott'm Forest,DEF,512,21,4.5,0.23,0
Omar Richards,Nott'm Forest,DEF,512,22,4.5,0.09,0
Omar Richards,Nott'm Forest,DEF,512,23,4.5,0.17,0
Omar Richards,Nott'm Forest,DEF,512,24,4.5,0.07,0
Omar Richards,Nott'm Forest,DEF,512,25,4.5,0.18,0
Omar Richards,Nott'm Forest,DEF,512,26,4.5,0.13,0
Omar Richards,Nott'm Forest,DEF,512,27,4.5,0.09,0
Omar Richards,Nott'm Forest,DEF,512,28,4.5,0.16,0
Zach Abbott,Nott'm Forest,DEF,513,15,3.9,0.05,1
Zach Abbott,Nott'm Forest,DEF,513,16,3.8,0.15,0
Zach Abbott,Nott'm Forest,DEF,513,17,3.8,0.19,0
Zach Abbott,Nott'm Forest,DEF,513,18,3.8,0.06,0
Zach Abbott,Nott'm Forest,DEF,513,19,3.8,0.0,0
Zach Abbott,Nott'm Forest,DEF,513,20,3.8,0.0,0
Zach Abbott,Nott'm Forest,DEF,513,21,3.8,0.0,0
Zach Abbott,Nott'm Forest,DEF,513,22,3.8,0.0,0
Zach Abbott,Nott'm Forest,DEF,513,23,3.8,0.0,0
Zach Abbott,Nott'm Forest,DEF,513,24,3.8,0.0,0
Zach Abbott,Nott'm Forest,DEF,513,25,3.8,1.23,1
Zach Abbott,Nott'm Forest,DEF,513,26,3.8,0.1,0
Zach Abbott,Nott'm Forest,DEF,513,27,3.8,0.05,0
Zach Abbott,Nott'm Forest,DEF,513,28,3.8,0.13,0
Willy Boly,Nott'm Forest,DEF,514,15,3.9,0.03,0
Willy Boly,Nott'm Forest,DEF,514,16,3.8,0.0,0
Willy Boly,Nott'm Forest,DEF,514,17,3.8,0.0,0
Willy Boly,Nott'm Forest,DEF,514,18,3.8,0.0,0
Willy Boly,Nott'm Forest,DEF,514,19,3.8,0.0,0
Willy Boly,Nott'm Forest,DEF,514,20,3.8,0.0,0
Willy Boly,Nott'm Forest,DEF,514,21,3.8,0.0,0
Willy Boly,Nott'm Forest,DEF,514,22,3.8,0.0,0
Willy Boly,Nott'm Forest,DEF,514,23,3.8,0.0,0
Willy Boly,Nott'm Forest,DEF,514,24,3.8,0.0,0
Willy Boly,Nott'm Forest,DEF,514,25,3.8,0.0,0
Willy Boly,Nott'm Forest,DEF,514,26,3.8,0.0,0
Willy Boly,Nott'm Forest,DEF,514,27,3.8,0.0,0
Willy Boly,Nott'm Forest,DEF,514,28,3.8,0.0,0
Morgan Gibbs-White,Nott'm Forest,MID,515,15,7.3,4.9,2
Morgan Gibbs-White,Nott'm Forest,MID,515,16,7.3,4.7,3
Morgan Gibbs-White,Nott'm Forest,MID,515,17,7.3,4.69,2
Morgan Gibbs-White,Nott'm Forest,MID,515,18,7.3,4.37,2
Morgan Gibbs-White,Nott'm Forest,MID,515,19,7.3,4.39,2
Morgan Gibbs-White,Nott'm Forest,MID,515,20,7.3,4.49,8
Morgan Gibbs-White,Nott'm Forest,MID,515,21,7.3,4.81,9
Morgan Gibbs-White,Nott'm Forest,MID,515,22,7.3,5.0,3
Morgan Gibbs-White,Nott'm Forest,MID,515,23,7.3,5.24,6
Morgan Gibbs-White,Nott'm Forest,MID,515,24,7.3,5.41,8
Morgan Gibbs-White,Nott'm Forest,MID,515,25,7.3,5.55,2
Morgan Gibbs-White,Nott'm Forest,MID,515,26,7.3,5.27,3
Morgan Gibbs-White,Nott'm Forest,MID,515,27,7.3,4.87,2
Morgan Gibbs-White,Nott'm Forest,MID,515,28,7.3,5.0,9
Callum Hudson-Odoi,Nott'm Forest,MID,516,15,5.7,1.2,1
Callum Hudson-Odoi,Nott'm Forest,MID,516,16,5.7,3.1,19
Callum Hudson-Odoi,Nott'm Forest,MID,516,17,5.7,4.09,2
Callum Hudson-Odoi,Nott'm Forest,MID,516,18,5.7,4.15,2
Callum Hudson-Odoi,Nott'm Forest,MID,516,19,5.7,4.39,2
Callum Hudson-Odoi,Nott'm Forest,MID,516,20,5.7,2.38,0
Callum Hudson-Odoi,Nott'm Forest,MID,516,21,5.7,3.58,2
Callum Hudson-Odoi,Nott'm Forest,MID,516,22,5.7,3.17,3
Callum Hudson-Odoi,Nott'm Forest,MID,516,23,5.7,3.39,3
Callum Hudson-Odoi,Nott'm Forest,MID,516,24,5.7,2.17,1
Callum Hudson-Odoi,Nott'm Forest,MID,516,25,5.7,3.67,2
Callum Hudson-Odoi,Nott'm Forest,MID,516,26,5.7,3.57,3
Callum Hudson-Odoi,Nott'm Forest,MID,516,27,5.7,3.5,3
Callum Hudson-Odoi,Nott'm Forest,MID,516,28,5.7,3.8,2
Elliot Anderson,Nott'm Forest,MID,517,15,5.4,4.86,4
Elliot Anderson,Nott'm Forest,MID,517,16,5.4,4.51,3
Elliot Anderson,Nott'm Forest,MID,517,17,5.4,4.3,4
Elliot Anderson,Nott'm Forest,MID,517,18,5.3,4.15,3
Elliot Anderson,Nott'm Forest,MID,517,19,5.3,4.17,4
Elliot Anderson,Nott'm Forest,MID,517,20,5.3,4.39,4
Elliot Anderson,Nott'm Forest,MID,517,21,5.3,4.49,7
Elliot Anderson,Nott'm Forest,MID,517,22,5.3,4.62,5
Elliot Anderson,Nott'm Forest,MID,517,23,5.3,4.86,5
Elliot Anderson,Nott'm Forest,MID,517,24,5.3,4.96,7
Elliot Anderson,Nott'm Forest,MID,517,25,5.3,5.09,4
Elliot Anderson,Nott'm Forest,MID,517,26,5.4,5.03,5
Elliot Anderson,Nott'm Forest,MID,517,27,5.4,4.99,5
Elliot Anderson,Nott'm Forest,MID,517,28,5.4,4.68,1
João Pedro Ferreira da Silva,Nott'm Forest,MID,518,15,5.4,0.36,0
João Pedro Ferreira da Silva,Nott'm Forest,MID,518,16,5.4,0.32,0
João Pedro Ferreira da Silva,Nott'm Forest,MID,518,17,5.4,0.32,0
João Pedro Ferreira da Silva,Nott'm Forest,MID,518,18,5.4,0.21,0
João Pedro Ferreira da Silva,Nott'm Forest,MID,518,19,5.4,0.2,0
João Pedro Ferreira da Silva,Nott'm Forest,MID,518,20,5.4,0.29,0
João Pedro Ferreira da Silva,Nott'm Forest,MID,518,21,5.4,0.3,0
João Pedro Ferreira da Silva,Nott'm Forest,MID,518,22,5.4,0.15,0
João Pedro Ferreira da Silva,Nott'm Forest,MID,518,23,5.4,0.23,0
João Pedro Ferreira da Silva,Nott'm Forest,MID,518,24,5.4,0.14,0
João Pedro Ferreira da Silva,Nott'm Forest,MID,518,25,5.4,0.24,0
João Pedro Ferreira da Silva,Nott'm Forest,MID,518,26,5.4,0.19,0
João Pedro Ferreira da Silva,Nott'm Forest,MID,518,27,5.4,0.15,0
João Pedro Ferreira da Silva,Nott'm Forest,MID,518,28,5.4,0.22,0
Nicolás Domínguez,Nott'm Forest,MID,519,15,5.0,0.92,1
Nicolás Domínguez,Nott'm Forest,MID,519,16,5.0,0.72,0
Nicolás Domínguez,Nott'm Forest,MID,519,17,5.0,0.49,0
Nicolás Domínguez,Nott'm Forest,MID,519,18,5.0,2.04,2
Nicolás Domínguez,Nott'm Forest,MID,519,19,5.0,0.64,1
Nicolás Domínguez,Nott'm Forest,MID,519,20,5.0,2.57,4
Nicolás Domínguez,Nott'm Forest,MID,519,21,5.0,3.08,10
Nicolás Domínguez,Nott'm Forest,MID,519,22,5.0,3.39,3
Nicolás Domínguez,Nott'm Forest,MID,519,23,5.0,3.79,3
Nicolás Domínguez,Nott'm Forest,MID,519,24,5.0,2.03,1
Nicolás Domínguez,Nott'm Forest,MID,519,25,5.0,1.68,1
Nicolás Domínguez,Nott'm Forest,MID,519,26,5.0,1.34,0
Nicolás Domínguez,Nott'm Forest,MID,519,27,5.0,0.8,1
Nicolás Domínguez,Nott'm Forest,MID,519,28,5.0,0.77,0
Lewis O'Brien,Nott'm Forest,MID,520,15,5.0,0.17,0
Lewis O'Brien,Nott'm Forest,MID,520,16,5.0,0.13,0
Lewis O'Brien,Nott'm Forest,MID,520,17,5.0,0.12,0
Lewis O'Brien,Nott'm Forest,MID,520,18,5.0,0.02,0
Lewis O'Brien,Nott'm Forest,MID,520,19,5.0,0.01,0
Lewis O'Brien,Nott'm Forest,MID,520,20,5.0,0.1,0
Lewis O'Brien,Nott'm Forest,MID,520,21,5.0,0.11,0
Lewis O'Brien,Nott'm Forest,MID,520,22,5.0,0.0,0
Lewis O'Brien,Nott'm Forest,MID,520,23,5.0,0.04,0
Lewis O'Brien,Nott'm Forest,MID,520,24,5.0,0.0,0
Lewis O'Brien,Nott'm Forest,MID,520,25,5.0,0.05,0
Lewis O'Brien,Nott'm Forest,MID,520,26,5.0,0.0,0
Lewis O'Brien,Nott'm Forest,MID,520,27,5.0,0.0,0
Lewis O'Brien,Nott'm Forest,MID,520,28,5.0,0.03,0
Ibrahim Sangaré,Nott'm Forest,MID,521,15,4.9,1.91,1
Ibrahim Sangaré,Nott'm Forest,MID,521,16,4.9,3.46,18
Ibrahim Sangaré,Nott'm Forest,MID,521,17,4.9,2.61,0
Ibrahim Sangaré,Nott'm Forest,MID,521,18,4.9,2.05,0
Ibrahim Sangaré,Nott'm Forest,MID,521,19,4.9,1.79,0
Ibrahim Sangaré,Nott'm Forest,MID,521,20,4.9,0.9,0
Ibrahim Sangaré,Nott'm Forest,MID,521,21,4.9,0.89,0
Ibrahim Sangaré,Nott'm Forest,MID,521,22,4.9,2.08,3
Ibrahim Sangaré,Nott'm Forest,MID,521,23,4.9,2.64,5
Ibrahim Sangaré,Nott'm Forest,MID,521,24,4.9,3.19,2
Ibrahim Sangaré,Nott'm Forest,MID,521,25,4.9,3.46,1
Ibrahim Sangaré,Nott'm Forest,MID,521,26,4.9,3.65,3
Ibrahim Sangaré,Nott'm Forest,MID,521,27,4.9,3.57,4
Ibrahim Sangaré,Nott'm Forest,MID,521,28,4.9,3.8,2
Ryan Yates,Nott'm Forest,MID,522,15,4.7,0.67,1
Ryan Yates,Nott'm Forest,MID,522,16,4.7,0.57,0
Ryan Yates,Nott'm Forest,MID,522,17,4.7,0.43,0
Ryan Yates,Nott'm Forest,MID,522,18,4.7,0.18,0
Ryan Yates,Nott'm Forest,MID,522,19,4.7,0.07,0
Ryan Yates,Nott'm Forest,MID,522,20,4.7,0.15,0
Ryan Yates,Nott'm Forest,MID,522,21,4.7,0.14,0
Ryan Yates,Nott'm Forest,MID,522,22,4.7,0.0,0
Ryan Yates,Nott'm Forest,MID,522,23,4.7,0.08,0
Ryan Yates,Nott'm Forest,MID,522,24,4.7,0.0,1
Ryan Yates,Nott'm Forest,MID,522,25,4.7,0.29,1
Ryan Yates,Nott'm Forest,MID,522,26,4.7,0.38,0
Ryan Yates,Nott'm Forest,MID,522,27,4.7,0.33,0
Ryan Yates,Nott'm Forest,MID,522,28,4.7,0.23,0
Eric da Silva Moreira,Nott'm Forest,MID,523,15,4.5,0.0,0
Eric da Silva Moreira,Nott'm Forest,MID,523,16,4.5,0.0,0
Eric da Silva Moreira,Nott'm Forest,MID,523,17,4.5,0.0,0
Eric da Silva Moreira,Nott'm Forest,MID,523,18,4.5,0.0,0
Eric da Silva Moreira,Nott'm Forest,MID,523,19,4.5,0.0,0
Eric da Silva Moreira,Nott'm Forest,MID,523,20,4.5,0.0,0
Eric da Silva Moreira,Nott'm Forest,MID,523,21,4.5,0.0,0
Eric da Silva Moreira,Nott'm Forest,MID,523,22,4.5,0.0,0
Eric da Silva Moreira,Nott'm Forest,MID,523,23,4.5,0.0,0
Eric da Silva Moreira,Nott'm Forest,MID,523,24,4.5,0.0,0
Eric da Silva Moreira,Nott'm Forest,MID,523,25,4.5,0.0,0
Eric da Silva Moreira,Nott'm Forest,MID,523,26,4.5,0.0,0
Eric da Silva Moreira,Nott'm Forest,MID,523,27,4.5,0.0,0
Eric da Silva Moreira,Nott'm Forest,MID,523,28,4.5,0.0,0
Marko Stamenić,Nott'm Forest,MID,524,15,4.5,0.0,0
Marko Stamenić,Nott'm Forest,MID,524,16,4.5,0.0,0
Marko Stamenić,Nott'm Forest,MID,524,17,4.5,0.0,0
Marko Stamenić,Nott'm Forest,MID,524,18,4.5,0.0,0
Marko Stamenić,Nott'm Forest,MID,524,19,4.5,0.0,0
Marko Stamenić,Nott'm Forest,MID,524,20,4.5,0.0,0
Marko Stamenić,Nott'm Forest,MID,524,21,4.5,0.0,0
Marko Stamenić,Nott'm Forest,MID,524,22,4.5,0.0,0
Marko Stamenić,Nott'm Forest,MID,524,23,4.5,0.0,0
Marko Stamenić,Nott'm Forest,MID,524,24,4.5,0.0,0
Marko Stamenić,Nott'm Forest,MID,524,25,4.5,0.0,0
Marko Stamenić,Nott'm Forest,MID,524,26,4.5,0.0,0
Marko Stamenić,Nott'm Forest,MID,524,27,4.5,0.0,0
Marko Stamenić,Nott'm Forest,MID,524,28,4.5,0.0,0
Chris Wood,Nott'm Forest,FWD,525,15,7.2,1.59,0
Chris Wood,Nott'm Forest,FWD,525,16,7.2,1.55,0
Chris Wood,Nott'm Forest,FWD,525,17,7.2,1.55,0
Chris Wood,Nott'm Forest,FWD,525,18,7.2,1.44,0
Chris Wood,Nott'm Forest,FWD,525,19,7.2,1.43,0
Chris Wood,Nott'm Forest,FWD,525,20,7.2,1.52,0
Chris Wood,Nott'm Forest,FWD,525,21,7.2,1.53,0
Chris Wood,Nott'm Forest,FWD,525,22,7.2,1.38,0
Chris Wood,Nott'm Forest,FWD,525,23,7.2,1.46,0
Chris Wood,Nott'm Forest,FWD,525,24,7.2,1.37,0
Chris Wood,Nott'm Forest,FWD,525,25,7.2,1.47,0
Chris Wood,Nott'm Forest,FWD,525,26,7.2,1.42,0
Chris Wood,Nott'm Forest,FWD,525,27,7.2,1.38,0
Chris Wood,Nott'm Forest,FWD,525,28,7.2,1.45,0
Igor Jesus Maciel da Cruz,Nott'm Forest,FWD,526,15,5.8,4.16,2
Igor Jesus Maciel da Cruz,Nott'm Forest,FWD,526,16,5.8,4.11,2
Igor Jesus Maciel da Cruz,Nott'm Forest,FWD,526,17,5.8,4.15,2
Igor Jesus Maciel da Cruz,Nott'm Forest,FWD,526,18,5.8,3.9,5
Igor Jesus Maciel da Cruz,Nott'm Forest,FWD,526,19,5.8,4.15,2
Igor Jesus Maciel da Cruz,Nott'm Forest,FWD,526,20,5.8,4.05,2
Igor Jesus Maciel da Cruz,Nott'm Forest,FWD,526,21,5.8,4.13,2
Igor Jesus Maciel da Cruz,Nott'm Forest,FWD,526,22,5.8,3.78,2
Igor Jesus Maciel da Cruz,Nott'm Forest,FWD,526,23,5.8,3.99,9
Igor Jesus Maciel da Cruz,Nott'm Forest,FWD,526,24,5.8,4.17,2
Igor Jesus Maciel da Cruz,Nott'm Forest,FWD,526,25,5.8,2.53,1
Igor Jesus Maciel da Cruz,Nott'm Forest,FWD,526,26,5.8,2.36,1
Igor Jesus Maciel da Cruz,Nott'm Forest,FWD,526,27,5.8,3.58,2
Igor Jesus Maciel da Cruz,Nott'm Forest,FWD,526,28,5.8,3.73,5
Taiwo Awoniyi,Nott'm Forest,FWD,527,15,5.2,0.58,0
Taiwo Awoniyi,Nott'm Forest,FWD,527,16,5.2,0.52,0
Taiwo Awoniyi,Nott'm Forest,FWD,527,17,5.2,0.5,1
Taiwo Awoniyi,Nott'm Forest,FWD,527,18,5.2,0.52,1
Taiwo Awoniyi,Nott'm Forest,FWD,527,19,5.2,0.61,1
Taiwo Awoniyi,Nott'm Forest,FWD,527,20,5.2,0.88,0
Taiwo Awoniyi,Nott'm Forest,FWD,527,21,5.2,0.75,0
Taiwo Awoniyi,Nott'm Forest,FWD,527,22,5.2,0.53,0
Taiwo Awoniyi,Nott'm Forest,FWD,527,23,5.2,0.83,6
Taiwo Awoniyi,Nott'm Forest,FWD,527,24,5.2,0.68,0
Taiwo Awoniyi,Nott'm Forest,FWD,527,25,5.2,0.75,0
Taiwo Awoniyi,Nott'm Forest,FWD,527,26,5.2,0.71,0
Taiwo Awoniyi,Nott'm Forest,FWD,527,27,5.2,0.53,0
Taiwo Awoniyi,Nott'm Forest,FWD,527,28,5.2,0.62,1
Anthony Patterson,Sunderland,GK,528,15,4.3,0.0,0
Anthony Patterson,Sunderland,GK,528,16,4.3,0.0,0
Anthony Patterson,Sunderland,GK,528,17,4.2,0.0,0
Anthony Patterson,Sunderland,GK,528,18,4.2,0.0,0
Anthony Patterson,Sunderland,GK,528,19,4.2,0.0,0
Anthony Patterson,Sunderland,GK,528,20,4.2,0.0,0
Anthony Patterson,Sunderland,GK,528,21,4.2,0.0,0
Anthony Patterson,Sunderland,GK,528,22,4.2,0.0,0
Anthony Patterson,Sunderland,GK,528,23,4.2,0.0,0
Anthony Patterson,Sunderland,GK,528,24,4.2,0.0,0
Anthony Patterson,Sunderland,GK,528,25,4.2,0.0,0
Anthony Patterson,Sunderland,GK,528,26,4.2,0.0,0
Anthony Patterson,Sunderland,GK,528,27,4.2,0.0,0
Anthony Patterson,Sunderland,GK,528,28,4.2,0.0,0
Simon Moore,Sunderland,GK,529,15,3.9,0.0,0
Simon Moore,Sunderland,GK,529,16,3.9,0.0,0
Simon Moore,Sunderland,GK,529,17,3.9,0.0,0
Simon Moore,Sunderland,GK,529,18,3.9,0.0,0
Simon Moore,Sunderland,GK,529,19,3.9,0.0,0
Simon Moore,Sunderland,GK,529,20,3.9,0.0,0
Simon Moore,Sunderland,GK,529,21,3.9,0.0,0
Simon Moore,Sunderland,GK,529,22,3.9,0.0,0
Simon Moore,Sunderland,GK,529,23,3.9,0.0,0
Simon Moore,Sunderland,GK,529,24,3.9,0.0,0
Simon Moore,Sunderland,GK,529,25,3.9,0.0,0
Simon Moore,Sunderland,GK,529,26,3.9,0.0,0
Simon Moore,Sunderland,GK,529,27,3.9,0.0,0
Simon Moore,Sunderland,GK,529,28,3.9,0.0,0
Blondy Nna Noukeu,Sunderland,GK,530,15,3.9,0.0,0
Blondy Nna Noukeu,Sunderland,GK,530,16,3.9,0.0,0
Blondy Nna Noukeu,Sunderland,GK,530,17,3.9,0.0,0
Blondy Nna Noukeu,Sunderland,GK,530,18,3.9,0.0,0
Blondy Nna Noukeu,Sunderland,GK,530,19,3.9,0.0,0
Blondy Nna Noukeu,Sunderland,GK,530,20,3.9,0.0,0
Blondy Nna Noukeu,Sunderland,GK,530,21,3.9,0.0,0
Blondy Nna Noukeu,Sunderland,GK,530,22,3.9,0.0,0
Blondy Nna Noukeu,Sunderland,GK,530,23,3.9,0.0,0
Blondy Nna Noukeu,Sunderland,GK,530,24,3.9,0.0,0
Blondy Nna Noukeu,Sunderland,GK,530,25,3.9,0.0,0
Blondy Nna Noukeu,Sunderland,GK,530,26,3.9,0.0,0
Blondy Nna Noukeu,Sunderland,GK,530,27,3.9,0.0,0
Blondy Nna Noukeu,Sunderland,GK,530,28,3.9,0.0,0
Daniel Ballard,Sunderland,DEF,531,15,4.6,3.91,1
Daniel Ballard,Sunderland,DEF,531,16,4.6,4.07,8
Daniel Ballard,Sunderland,DEF,531,17,4.6,4.49,9
Daniel Ballard,Sunderland,DEF,531,18,4.7,3.38,0
Daniel Ballard,Sunderland,DEF,531,19,4.7,2.92,0
Daniel Ballard,Sunderland,DEF,531,20,4.6,2.13,1
Daniel Ballard,Sunderland,DEF,531,21,4.6,2.89,1
Daniel Ballard,Sunderland,DEF,531,22,4.6,3.31,4
Daniel Ballard,Sunderland,DEF,531,23,4.6,3.73,2
Daniel Ballard,Sunderland,DEF,531,24,4.6,4.11,9
Daniel Ballard,Sunderland,DEF,531,25,4.6,4.5,1
Daniel Ballard,Sunderland,DEF,531,26,4.6,4.51,4
Daniel Ballard,Sunderland,DEF,531,27,4.6,4.69,4
Daniel Ballard,Sunderland,DEF,531,28,4.6,4.6,4
Trai Hume,Sunderland,DEF,532,15,4.5,3.08,1
Trai Hume,Sunderland,DEF,532,16,4.5,1.57,1
Trai Hume,Sunderland,DEF,532,17,4.5,3.36,10
Trai Hume,Sunderland,DEF,532,18,4.5,3.57,1
Trai Hume,Sunderland,DEF,532,19,4.5,3.94,6
Trai Hume,Sunderland,DEF,532,20,4.5,4.65,2
Trai Hume,Sunderland,DEF,532,21,4.5,3.91,0
Trai Hume,Sunderland,DEF,532,22,4.5,3.76,1
Trai Hume,Sunderland,DEF,532,23,4.5,2.15,0
Trai Hume,Sunderland,DEF,532,24,4.5,3.49,5
Trai Hume,Sunderland,DEF,532,25,4.5,3.5,1
Trai Hume,Sunderland,DEF,532,26,4.5,3.6,2
Trai Hume,Sunderland,DEF,532,27,4.5,3.63,1
Trai Hume,Sunderland,DEF,532,28,4.5,3.7,2
Aji Alese,Sunderland,DEF,533,15,4.0,0.06,0
Aji Alese,Sunderland,DEF,533,16,4.0,0.0,0
Aji Alese,Sunderland,DEF,533,17,4.0,0.06,0
Aji Alese,Sunderland,DEF,533,18,4.0,0.0,0
Aji Alese,Sunderland,DEF,533,19,4.0,0.0,0
Aji Alese,Sunderland,DEF,533,20,4.0,0.0,0
Aji Alese,Sunderland,DEF,533,21,4.0,0.0,0
Aji Alese,Sunderland,DEF,533,22,4.0,0.0,0
Aji Alese,Sunderland,DEF,533,23,4.0,0.0,0
Aji Alese,Sunderland,DEF,533,24,4.0,0.0,0
Aji Alese,Sunderland,DEF,533,25,4.0,0.0,0
Aji Alese,Sunderland,DEF,533,26,4.0,0.0,0
Aji Alese,Sunderland,DEF,533,27,4.0,0.0,0
Aji Alese,Sunderland,DEF,533,28,4.0,0.0,0
Joe Anderson,Sunderland,DEF,534,15,3.9,0.0,0
Joe Anderson,Sunderland,DEF,534,16,3.9,0.0,0
Joe Anderson,Sunderland,DEF,534,17,3.9,0.0,0
Joe Anderson,Sunderland,DEF,534,18,3.9,0.0,0
Joe Anderson,Sunderland,DEF,534,19,3.9,0.0,0
Joe Anderson,Sunderland,DEF,534,20,3.9,0.0,0
Joe Anderson,Sunderland,DEF,534,21,3.8,0.0,0
Joe Anderson,Sunderland,DEF,534,22,3.8,0.0,0
Joe Anderson,Sunderland,DEF,534,23,3.8,0.0,0
Joe Anderson,Sunderland,DEF,534,24,3.8,0.0,0
Joe Anderson,Sunderland,DEF,534,25,3.8,0.0,0
Joe Anderson,Sunderland,DEF,534,26,3.8,0.0,0
Joe Anderson,Sunderland,DEF,534,27,3.8,0.0,0
Joe Anderson,Sunderland,DEF,534,28,3.8,0.0,0
Dennis Cirkin,Sunderland,DEF,535,15,4.0,0.05,0
Dennis Cirkin,Sunderland,DEF,535,16,4.0,0.0,0
Dennis Cirkin,Sunderland,DEF,535,17,4.0,0.12,0
Dennis Cirkin,Sunderland,DEF,535,18,4.0,1.65,2
Dennis Cirkin,Sunderland,DEF,535,19,4.0,2.05,8
Dennis Cirkin,Sunderland,DEF,535,20,4.0,1.36,0
Dennis Cirkin,Sunderland,DEF,535,21,4.0,1.56,1
Dennis Cirkin,Sunderland,DEF,535,22,4.0,1.24,1
Dennis Cirkin,Sunderland,DEF,535,23,4.0,0.74,1
Dennis Cirkin,Sunderland,DEF,535,24,4.0,0.62,0
Dennis Cirkin,Sunderland,DEF,535,25,4.0,0.37,0
Dennis Cirkin,Sunderland,DEF,535,26,4.0,0.22,0
Dennis Cirkin,Sunderland,DEF,535,27,4.0,0.06,0
Dennis Cirkin,Sunderland,DEF,535,28,4.0,0.11,0
Leo Fuhr Hjelde,Sunderland,DEF,536,15,4.0,0.07,0
Leo Fuhr Hjelde,Sunderland,DEF,536,16,4.0,0.0,0
Leo Fuhr Hjelde,Sunderland,DEF,536,17,4.0,0.08,0
Leo Fuhr Hjelde,Sunderland,DEF,536,18,4.0,0.02,0
Leo Fuhr Hjelde,Sunderland,DEF,536,19,4.0,0.0,0
Leo Fuhr Hjelde,Sunderland,DEF,536,20,4.0,0.01,0
Leo Fuhr Hjelde,Sunderland,DEF,536,21,4.0,0.0,0
Leo Fuhr Hjelde,Sunderland,DEF,536,22,4.0,0.0,0
Leo Fuhr Hjelde,Sunderland,DEF,536,23,4.0,0.0,0
Leo Fuhr Hjelde,Sunderland,DEF,536,24,4.0,0.0,0
Leo Fuhr Hjelde,Sunderland,DEF,536,25,4.0,0.0,0
Leo Fuhr Hjelde,Sunderland,DEF,536,26,4.0,0.0,0
Leo Fuhr Hjelde,Sunderland,DEF,536,27,4.0,0.0,0
Leo Fuhr Hjelde,Sunderland,DEF,536,28,4.0,0.0,0
Niall Huggins,Sunderland,DEF,537,15,4.0,0.04,0
Niall Huggins,Sunderland,DEF,537,16,4.0,0.0,0
Niall Huggins,Sunderland,DEF,537,17,4.0,0.03,0
Niall Huggins,Sunderland,DEF,537,18,4.0,0.0,0
Niall Huggins,Sunderland,DEF,537,19,4.0,0.0,0
Niall Huggins,Sunderland,DEF,537,20,4.0,0.0,0
Niall Huggins,Sunderland,DEF,537,21,4.0,0.0,0
Niall Huggins,Sunderland,DEF,537,22,4.0,0.0,0
Niall Huggins,Sunderland,DEF,537,23,4.0,0.0,0
Niall Huggins,Sunderland,DEF,537,24,4.0,0.0,0
Niall Huggins,Sunderland,DEF,537,25,4.0,0.0,0
Niall Huggins,Sunderland,DEF,537,26,4.0,0.0,0
Niall Huggins,Sunderland,DEF,537,27,4.0,0.0,0
Niall Huggins,Sunderland,DEF,537,28,4.0,0.0,0
Zak Johnson,Sunderland,DEF,538,15,3.9,0.0,0
Zak Johnson,Sunderland,DEF,538,16,3.9,0.0,0
Zak Johnson,Sunderland,DEF,538,17,3.9,0.0,0
Zak Johnson,Sunderland,DEF,538,18,3.9,0.0,0
Zak Johnson,Sunderland,DEF,538,19,3.9,0.0,0
Zak Johnson,Sunderland,DEF,538,20,3.8,0.0,0
Zak Johnson,Sunderland,DEF,538,21,3.8,0.0,0
Zak Johnson,Sunderland,DEF,538,22,3.8,0.0,0
Zak Johnson,Sunderland,DEF,538,23,3.8,0.0,0
Zak Johnson,Sunderland,DEF,538,24,3.8,0.0,0
Zak Johnson,Sunderland,DEF,538,25,3.8,0.0,0
Zak Johnson,Sunderland,DEF,538,26,3.8,0.0,0
Zak Johnson,Sunderland,DEF,538,27,3.8,0.0,0
Zak Johnson,Sunderland,DEF,538,28,3.8,0.0,0
Luke O'Nien,Sunderland,DEF,539,15,4.0,0.0,-2
Luke O'Nien,Sunderland,DEF,539,16,4.0,0.0,0
Luke O'Nien,Sunderland,DEF,539,17,4.0,0.0,0
Luke O'Nien,Sunderland,DEF,539,18,4.0,0.0,0
Luke O'Nien,Sunderland,DEF,539,19,4.0,0.0,0
Luke O'Nien,Sunderland,DEF,539,20,4.0,0.0,0
Luke O'Nien,Sunderland,DEF,539,21,4.0,0.0,1
Luke O'Nien,Sunderland,DEF,539,22,4.0,0.01,0
Luke O'Nien,Sunderland,DEF,539,23,4.0,0.05,1
Luke O'Nien,Sunderland,DEF,539,24,4.0,0.09,1
Luke O'Nien,Sunderland,DEF,539,25,4.0,0.13,0
Luke O'Nien,Sunderland,DEF,539,26,4.0,0.06,0
Luke O'Nien,Sunderland,DEF,539,27,4.0,0.0,0
Luke O'Nien,Sunderland,DEF,539,28,4.0,0.0,0
Timothée Pembélé,Sunderland,DEF,540,15,3.9,0.0,0
Timothée Pembélé,Sunderland,DEF,540,16,3.9,0.0,0
Timothée Pembélé,Sunderland,DEF,540,17,3.9,0.0,0
Timothée Pembélé,Sunderland,DEF,540,18,3.9,0.0,0
Timothée Pembélé,Sunderland,DEF,540,19,3.9,0.0,0
Timothée Pembélé,Sunderland,DEF,540,20,3.9,0.0,0
Timothée Pembélé,Sunderland,DEF,540,21,3.9,0.0,0
Timothée Pembélé,Sunderland,DEF,540,22,3.9,0.0,0
Timothée Pembélé,Sunderland,DEF,540,23,3.9,0.0,0
Timothée Pembélé,Sunderland,DEF,540,24,3.9,0.0,0
Timothée Pembélé,Sunderland,DEF,540,25,3.9,0.0,0
Timothée Pembélé,Sunderland,DEF,540,26,3.9,0.0,0
Timothée Pembélé,Sunderland,DEF,540,27,3.9,0.0,0
Timothée Pembélé,Sunderland,DEF,540,28,3.9,0.0,0
Reinildo Mandava,Sunderland,DEF,541,15,4.0,1.93,0
Reinildo Mandava,Sunderland,DEF,541,16,3.9,3.12,10
Reinildo Mandava,Sunderland,DEF,541,17,3.9,2.07,0
Reinildo Mandava,Sunderland,DEF,541,18,3.9,1.47,0
Reinildo Mandava,Sunderland,DEF,541,19,3.9,1.37,0
Reinildo Mandava,Sunderland,DEF,541,20,3.8,0.59,0
Reinildo Mandava,Sunderland,DEF,541,21,3.8,0.59,0
Reinildo Mandava,Sunderland,DEF,541,22,3.8,2.0,2
Reinildo Mandava,Sunderland,DEF,541,23,3.8,0.76,-1
Reinildo Mandava,Sunderland,DEF,541,24,3.8,2.58,11
Reinildo Mandava,Sunderland,DEF,541,25,3.8,3.37,1
Reinildo Mandava,Sunderland,DEF,541,26,3.8,3.25,1
Reinildo Mandava,Sunderland,DEF,541,27,3.8,2.19,0
Reinildo Mandava,Sunderland,DEF,541,28,3.8,1.41,0
Jenson Seelt,Sunderland,DEF,542,15,4.0,0.07,0
Jenson Seelt,Sunderland,DEF,542,16,4.0,0.0,0
Jenson Seelt,Sunderland,DEF,542,17,4.0,0.06,0
Jenson Seelt,Sunderland,DEF,542,18,4.0,0.0,0
Jenson Seelt,Sunderland,DEF,542,19,4.0,0.0,0
Jenson Seelt,Sunderland,DEF,542,20,4.0,0.01,0
Jenson Seelt,Sunderland,DEF,542,21,4.0,0.01,0
Jenson Seelt,Sunderland,DEF,542,22,4.0,0.0,0
Jenson Seelt,Sunderland,DEF,542,23,4.0,0.0,0
Jenson Seelt,Sunderland,DEF,542,24,4.0,0.0,0
Jenson Seelt,Sunderland,DEF,542,25,4.0,0.0,0
Jenson Seelt,Sunderland,DEF,542,26,4.0,0.0,0
Jenson Seelt,Sunderland,DEF,542,27,4.0,0.0,0
Jenson Seelt,Sunderland,DEF,542,28,4.0,0.0,0
Simon Adingra,Sunderland,MID,543,15,5.0,0.39,1
Simon Adingra,Sunderland,MID,543,16,4.9,0.31,0
Simon Adingra,Sunderland,MID,543,17,4.9,2.03,3
Simon Adingra,Sunderland,MID,543,18,4.9,2.45,10
Simon Adingra,Sunderland,MID,543,19,4.9,3.01,2
Simon Adingra,Sunderland,MID,543,20,4.9,3.56,2
Simon Adingra,Sunderland,MID,543,21,4.9,1.89,1
Simon Adingra,Sunderland,MID,543,22,4.9,1.49,0
Simon Adingra,Sunderland,MID,543,23,4.9,1.07,0
Simon Adingra,Sunderland,MID,543,24,4.9,0.55,0
Simon Adingra,Sunderland,MID,543,25,4.9,0.38,0
Simon Adingra,Sunderland,MID,543,26,4.9,0.27,0
Simon Adingra,Sunderland,MID,543,27,4.9,0.27,0
Simon Adingra,Sunderland,MID,543,28,4.9,0.34,0
Habib Diarra,Sunderland,MID,544,15,5.3,0.4,0
Habib Diarra,Sunderland,MID,544,16,5.3,0.31,0
Habib Diarra,Sunderland,MID,544,17,5.3,0.41,1
Habib Diarra,Sunderland,MID,544,18,5.3,0.46,0
Habib Diarra,Sunderland,MID,544,19,5.3,0.41,0
Habib Diarra,Sunderland,MID,544,20,5.3,0.48,0
Habib Diarra,Sunderland,MID,544,21,5.3,0.36,0
Habib Diarra,Sunderland,MID,544,22,5.3,0.3,0
Habib Diarra,Sunderland,MID,544,23,5.3,0.34,0
Habib Diarra,Sunderland,MID,544,24,5.3,2.25,14
Habib Diarra,Sunderland,MID,544,25,5.3,3.01,1
Habib Diarra,Sunderland,MID,544,26,5.3,3.57,2
Habib Diarra,Sunderland,MID,544,27,5.3,3.83,2
Habib Diarra,Sunderland,MID,544,28,5.3,3.54,5
Patrick Roberts,Sunderland,MID,545,15,5.4,0.33,0
Patrick Roberts,Sunderland,MID,545,16,5.4,0.24,0
Patrick Roberts,Sunderland,MID,545,17,5.4,0.32,0
Patrick Roberts,Sunderland,MID,545,18,5.4,0.25,0
Patrick Roberts,Sunderland,MID,545,19,5.4,0.21,0
Patrick Roberts,Sunderland,MID,545,20,5.4,0.28,0
Patrick Roberts,Sunderland,MID,545,21,5.4,0.27,0
Patrick Roberts,Sunderland,MID,545,22,5.4,0.2,0
Patrick Roberts,Sunderland,MID,545,23,5.4,0.23,0
Patrick Roberts,Sunderland,MID,545,24,5.4,0.16,0
Patrick Roberts,Sunderland,MID,545,25,5.4,0.19,0
Patrick Roberts,Sunderland,MID,545,26,5.4,0.12,0
Patrick Roberts,Sunderland,MID,545,27,5.4,0.13,0
Patrick Roberts,Sunderland,MID,545,28,5.4,0.21,0
Milan Aleksić,Sunderland,MID,546,15,4.9,0.09,0
Milan Aleksić,Sunderland,MID,546,16,4.9,0.0,0
Milan Aleksić,Sunderland,MID,546,17,4.9,0.08,0
Milan Aleksić,Sunderland,MID,546,18,4.9,0.02,0
Milan Aleksić,Sunderland,MID,546,19,4.9,0.0,0
Milan Aleksić,Sunderland,MID,546,20,4.9,0.04,0
Milan Aleksić,Sunderland,MID,546,21,4.9,0.03,0
Milan Aleksić,Sunderland,MID,546,22,4.9,0.0,0
Milan Aleksić,Sunderland,MID,546,23,4.9,0.0,0
Milan Aleksić,Sunderland,MID,546,24,4.9,0.0,0
Milan Aleksić,Sunderland,MID,546,25,4.9,0.0,0
Milan Aleksić,Sunderland,MID,546,26,4.9,0.0,0
Milan Aleksić,Sunderland,MID,546,27,4.9,0.0,0
Milan Aleksić,Sunderland,MID,546,28,4.9,0.0,0
Enzo Le Fée,Sunderland,MID,547,15,4.9,4.57,2
Enzo Le Fée,Sunderland,MID,547,16,4.9,4.48,2
Enzo Le Fée,Sunderland,MID,547,17,4.9,4.24,2
Enzo Le Fée,Sunderland,MID,547,18,4.9,4.06,2
Enzo Le Fée,Sunderland,MID,547,19,4.9,3.77,5
Enzo Le Fée,Sunderland,MID,547,20,4.9,3.96,4
Enzo Le Fée,Sunderland,MID,547,21,4.9,3.91,0
Enzo Le Fée,Sunderland,MID,547,22,4.9,4.01,8
Enzo Le Fée,Sunderland,MID,547,23,4.9,4.18,2
Enzo Le Fée,Sunderland,MID,547,24,4.9,3.8,5
Enzo Le Fée,Sunderland,MID,547,25,4.9,4.2,2
Enzo Le Fée,Sunderland,MID,547,26,4.9,3.97,2
Enzo Le Fée,Sunderland,MID,547,27,4.9,4.13,10
Enzo Le Fée,Sunderland,MID,547,28,4.9,4.3,2
Romaine Mundle,Sunderland,MID,548,15,4.9,0.3,1
Romaine Mundle,Sunderland,MID,548,16,4.9,0.33,1
Romaine Mundle,Sunderland,MID,548,17,4.9,0.37,1
Romaine Mundle,Sunderland,MID,548,18,4.9,0.48,1
Romaine Mundle,Sunderland,MID,548,19,4.9,0.4,1
Romaine Mundle,Sunderland,MID,548,20,4.9,0.51,1
Romaine Mundle,Sunderland,MID,548,21,4.9,0.54,1
Romaine Mundle,Sunderland,MID,548,22,4.9,2.18,2
Romaine Mundle,Sunderland,MID,548,23,4.9,0.86,1
Romaine Mundle,Sunderland,MID,548,24,4.9,0.82,1
Romaine Mundle,Sunderland,MID,548,25,4.9,0.79,1
Romaine Mundle,Sunderland,MID,548,26,4.9,0.53,1
Romaine Mundle,Sunderland,MID,548,27,4.9,0.46,1
Romaine Mundle,Sunderland,MID,548,28,4.9,0.62,0
Dan Neil,Sunderland,MID,549,15,4.8,0.08,0
Dan Neil,Sunderland,MID,549,16,4.8,0.0,0
Dan Neil,Sunderland,MID,549,17,4.8,0.07,0
Dan Neil,Sunderland,MID,549,18,4.8,0.0,0
Dan Neil,Sunderland,MID,549,19,4.8,0.0,0
Dan Neil,Sunderland,MID,549,20,4.8,0.02,0
Dan Neil,Sunderland,MID,549,21,4.8,0.03,1
Dan Neil,Sunderland,MID,549,22,4.8,0.05,0
Dan Neil,Sunderland,MID,549,23,4.8,0.08,0
Dan Neil,Sunderland,MID,549,24,4.8,0.0,0
Dan Neil,Sunderland,MID,549,25,4.8,0.0,0
Dan Neil,Sunderland,MID,549,26,4.8,0.0,0
Dan Neil,Sunderland,MID,549,27,4.8,0.0,0
Dan Neil,Sunderland,MID,549,28,4.8,0.0,0
Ian Poveda-Ocampo,Sunderland,MID,550,15,4.8,0.05,0
Ian Poveda-Ocampo,Sunderland,MID,550,16,4.8,0.0,0
Ian Poveda-Ocampo,Sunderland,MID,550,17,4.8,0.05,0
Ian Poveda-Ocampo,Sunderland,MID,550,18,4.8,0.0,0
Ian Poveda-Ocampo,Sunderland,MID,550,19,4.8,0.0,0
Ian Poveda-Ocampo,Sunderland,MID,550,20,4.8,0.0,0
Ian Poveda-Ocampo,Sunderland,MID,550,21,4.8,0.0,0
Ian Poveda-Ocampo,Sunderland,MID,550,22,4.8,0.0,0
Ian Poveda-Ocampo,Sunderland,MID,550,23,4.8,0.0,0
Ian Poveda-Ocampo,Sunderland,MID,550,24,4.8,0.0,0
Ian Poveda-Ocampo,Sunderland,MID,550,25,4.8,0.0,0
Ian Poveda-Ocampo,Sunderland,MID,550,26,4.8,0.0,0
Ian Poveda-Ocampo,Sunderland,MID,550,27,4.8,0.0,0
Ian Poveda-Ocampo,Sunderland,MID,550,28,4.8,0.0,0
Chris Rigg,Sunderland,MID,551,15,4.8,0.14,0
Chris Rigg,Sunderland,MID,551,16,4.7,0.0,0
Chris Rigg,Sunderland,MID,551,17,4.7,1.75,3
Chris Rigg,Sunderland,MID,551,18,4.7,2.06,2
Chris Rigg,Sunderland,MID,551,19,4.7,0.73,0
Chris Rigg,Sunderland,MID,551,20,4.7,0.8,1
Chris Rigg,Sunderland,MID,551,21,4.7,0.57,1
Chris Rigg,Sunderland,MID,551,22,4.7,0.42,0
Chris Rigg,Sunderland,MID,551,23,4.7,0.4,0
Chris Rigg,Sunderland,MID,551,24,4.7,0.21,0
Chris Rigg,Sunderland,MID,551,25,4.7,0.07,0
Chris Rigg,Sunderland,MID,551,26,4.7,0.0,0
Chris Rigg,Sunderland,MID,551,27,4.7,0.0,0
Chris Rigg,Sunderland,MID,551,28,4.7,0.05,0
Noah Sadiki,Sunderland,MID,552,15,5.0,3.39,2
Noah Sadiki,Sunderland,MID,552,16,5.0,3.27,3
Noah Sadiki,Sunderland,MID,552,17,5.0,1.75,0
Noah Sadiki,Sunderland,MID,552,18,5.0,1.27,0
Noah Sadiki,Sunderland,MID,552,19,5.0,0.88,0
Noah Sadiki,Sunderland,MID,552,20,5.0,0.56,0
Noah Sadiki,Sunderland,MID,552,21,4.9,0.48,0
Noah Sadiki,Sunderland,MID,552,22,4.9,2.06,5
Noah Sadiki,Sunderland,MID,552,23,4.9,2.73,3
Noah Sadiki,Sunderland,MID,552,24,4.9,3.25,3
Noah Sadiki,Sunderland,MID,552,25,4.9,3.82,2
Noah Sadiki,Sunderland,MID,552,26,4.9,3.5,2
Noah Sadiki,Sunderland,MID,552,27,4.9,3.4,2
Noah Sadiki,Sunderland,MID,552,28,4.9,3.12,1
Chemsdine Talbi,Sunderland,MID,553,15,5.0,1.85,1
Chemsdine Talbi,Sunderland,MID,553,16,5.0,3.42,3
Chemsdine Talbi,Sunderland,MID,553,17,5.0,2.01,0
Chemsdine Talbi,Sunderland,MID,553,18,4.9,1.31,0
Chemsdine Talbi,Sunderland,MID,553,19,4.9,1.1,0
Chemsdine Talbi,Sunderland,MID,553,20,4.9,0.66,0
Chemsdine Talbi,Sunderland,MID,553,21,4.9,0.64,0
Chemsdine Talbi,Sunderland,MID,553,22,4.9,0.52,0
Chemsdine Talbi,Sunderland,MID,553,23,4.9,0.57,1
Chemsdine Talbi,Sunderland,MID,553,24,4.9,2.39,8
Chemsdine Talbi,Sunderland,MID,553,25,4.9,2.97,2
Chemsdine Talbi,Sunderland,MID,553,26,4.9,1.64,1
Chemsdine Talbi,Sunderland,MID,553,27,4.9,1.57,0
Chemsdine Talbi,Sunderland,MID,553,28,4.9,2.83,2
Abdoullah Ba,Sunderland,MID,554,15,4.3,0.0,0
Abdoullah Ba,Sunderland,MID,554,16,4.3,0.0,0
Abdoullah Ba,Sunderland,MID,554,17,4.3,0.0,0
Abdoullah Ba,Sunderland,MID,554,18,4.3,0.0,0
Abdoullah Ba,Sunderland,MID,554,19,4.3,0.0,0
Abdoullah Ba,Sunderland,MID,554,20,4.3,0.0,0
Abdoullah Ba,Sunderland,MID,554,21,4.3,0.0,0
Abdoullah Ba,Sunderland,MID,554,22,4.3,0.0,0
Abdoullah Ba,Sunderland,MID,554,23,4.3,0.0,0
Abdoullah Ba,Sunderland,MID,554,24,4.3,0.0,0
Abdoullah Ba,Sunderland,MID,554,25,4.3,0.0,0
Abdoullah Ba,Sunderland,MID,554,26,4.3,0.0,0
Abdoullah Ba,Sunderland,MID,554,27,4.3,0.0,0
Abdoullah Ba,Sunderland,MID,554,28,4.3,0.0,0
Alan Browne,Sunderland,MID,555,15,4.5,0.0,0
Alan Browne,Sunderland,MID,555,16,4.5,0.0,0
Alan Browne,Sunderland,MID,555,17,4.5,0.0,0
Alan Browne,Sunderland,MID,555,18,4.5,0.0,0
Alan Browne,Sunderland,MID,555,19,4.5,0.0,0
Alan Browne,Sunderland,MID,555,20,4.5,0.0,0
Alan Browne,Sunderland,MID,555,21,4.5,0.0,0
Alan Browne,Sunderland,MID,555,22,4.5,0.0,0
Alan Browne,Sunderland,MID,555,23,4.5,0.0,0
Alan Browne,Sunderland,MID,555,24,4.5,0.0,0
Alan Browne,Sunderland,MID,555,25,4.5,0.0,0
Alan Browne,Sunderland,MID,555,26,4.5,0.0,0
Alan Browne,Sunderland,MID,555,27,4.5,0.0,0
Alan Browne,Sunderland,MID,555,28,4.5,0.0,0
Pierre Ekwah Elimby,Sunderland,MID,556,15,4.5,0.0,0
Pierre Ekwah Elimby,Sunderland,MID,556,16,4.5,0.0,0
Pierre Ekwah Elimby,Sunderland,MID,556,17,4.5,0.0,0
Pierre Ekwah Elimby,Sunderland,MID,556,18,4.5,0.0,0
Pierre Ekwah Elimby,Sunderland,MID,556,19,4.5,0.0,0
Pierre Ekwah Elimby,Sunderland,MID,556,20,4.5,0.0,0
Pierre Ekwah Elimby,Sunderland,MID,556,21,4.5,0.0,0
Pierre Ekwah Elimby,Sunderland,MID,556,22,4.5,0.0,0
Pierre Ekwah Elimby,Sunderland,MID,556,23,4.5,0.0,0
Pierre Ekwah Elimby,Sunderland,MID,556,24,4.5,0.0,0
Pierre Ekwah Elimby,Sunderland,MID,556,25,4.5,0.0,0
Pierre Ekwah Elimby,Sunderland,MID,556,26,4.5,0.0,0
Pierre Ekwah Elimby,Sunderland,MID,556,27,4.5,0.0,0
Pierre Ekwah Elimby,Sunderland,MID,556,28,4.5,0.0,0
Harrison Jones,Sunderland,MID,557,15,4.4,0.0,0
Harrison Jones,Sunderland,MID,557,16,4.3,0.0,0
Harrison Jones,Sunderland,MID,557,17,4.3,0.0,0
Harrison Jones,Sunderland,MID,557,18,4.3,0.0,0
Harrison Jones,Sunderland,MID,557,19,4.3,0.0,0
Harrison Jones,Sunderland,MID,557,20,4.3,0.0,0
Harrison Jones,Sunderland,MID,557,21,4.3,0.0,0
Harrison Jones,Sunderland,MID,557,22,4.3,0.0,0
Harrison Jones,Sunderland,MID,557,23,4.3,0.0,0
Harrison Jones,Sunderland,MID,557,24,4.3,0.0,0
Harrison Jones,Sunderland,MID,557,25,4.3,0.0,0
Harrison Jones,Sunderland,MID,557,26,4.3,0.0,0
Harrison Jones,Sunderland,MID,557,27,4.3,0.0,0
Harrison Jones,Sunderland,MID,557,28,4.3,0.0,0
Jay Matete,Sunderland,MID,558,15,4.4,0.0,0
Jay Matete,Sunderland,MID,558,16,4.3,0.0,0
Jay Matete,Sunderland,MID,558,17,4.3,0.0,0
Jay Matete,Sunderland,MID,558,18,4.3,0.0,0
Jay Matete,Sunderland,MID,558,19,4.3,0.0,0
Jay Matete,Sunderland,MID,558,20,4.3,0.0,0
Jay Matete,Sunderland,MID,558,21,4.3,0.0,0
Jay Matete,Sunderland,MID,558,22,4.3,0.0,0
Jay Matete,Sunderland,MID,558,23,4.3,0.0,0
Jay Matete,Sunderland,MID,558,24,4.3,0.0,0
Jay Matete,Sunderland,MID,558,25,4.3,0.0,0
Jay Matete,Sunderland,MID,558,26,4.3,0.0,0
Jay Matete,Sunderland,MID,558,27,4.3,0.0,0
Jay Matete,Sunderland,MID,558,28,4.3,0.0,0
Nectarios Triantis,Sunderland,MID,559,15,4.4,0.0,0
Nectarios Triantis,Sunderland,MID,559,16,4.4,0.0,0
Nectarios Triantis,Sunderland,MID,559,17,4.4,0.0,0
Nectarios Triantis,Sunderland,MID,559,18,4.4,0.0,0
Nectarios Triantis,Sunderland,MID,559,19,4.4,0.0,0
Nectarios Triantis,Sunderland,MID,559,20,4.4,0.0,0
Nectarios Triantis,Sunderland,MID,559,21,4.4,0.0,0
Nectarios Triantis,Sunderland,MID,559,22,4.4,0.0,0
Nectarios Triantis,Sunderland,MID,559,23,4.4,0.0,0
Nectarios Triantis,Sunderland,MID,559,24,4.4,0.0,0
Nectarios Triantis,Sunderland,MID,559,25,4.4,0.0,0
Nectarios Triantis,Sunderland,MID,559,26,4.4,0.0,0
Nectarios Triantis,Sunderland,MID,559,27,4.4,0.0,0
Nectarios Triantis,Sunderland,MID,559,28,4.4,0.0,0
Wilson Isidor,Sunderland,FWD,560,15,5.6,1.94,1
Wilson Isidor,Sunderland,FWD,560,16,5.5,1.73,0
Wilson Isidor,Sunderland,FWD,560,17,5.5,1.65,1
Wilson Isidor,Sunderland,FWD,560,18,5.4,1.49,1
Wilson Isidor,Sunderland,FWD,560,19,5.4,1.35,1
Wilson Isidor,Sunderland,FWD,560,20,5.3,1.4,0
Wilson Isidor,Sunderland,FWD,560,21,5.3,1.25,0
Wilson Isidor,Sunderland,FWD,560,22,5.2,1.02,0
Wilson Isidor,Sunderland,FWD,560,23,5.2,0.94,1
Wilson Isidor,Sunderland,FWD,560,24,5.2,0.96,1
Wilson Isidor,Sunderland,FWD,560,25,5.2,1.09,1
Wilson Isidor,Sunderland,FWD,560,26,5.1,1.1,1
Wilson Isidor,Sunderland,FWD,560,27,5.1,1.11,1
Wilson Isidor,Sunderland,FWD,560,28,5.1,1.22,1
Eliezer Mayenda Dossou,Sunderland,FWD,561,15,5.3,0.77,0
Eliezer Mayenda Dossou,Sunderland,FWD,561,16,5.3,0.63,0
Eliezer Mayenda Dossou,Sunderland,FWD,561,17,5.2,0.65,0
Eliezer Mayenda Dossou,Sunderland,FWD,561,18,5.2,0.58,1
Eliezer Mayenda Dossou,Sunderland,FWD,561,19,5.2,2.28,2
Eliezer Mayenda Dossou,Sunderland,FWD,561,20,5.2,2.74,2
Eliezer Mayenda Dossou,Sunderland,FWD,561,21,5.2,1.52,1
Eliezer Mayenda Dossou,Sunderland,FWD,561,22,5.2,1.52,1
Eliezer Mayenda Dossou,Sunderland,FWD,561,23,5.2,2.91,2
Eliezer Mayenda Dossou,Sunderland,FWD,561,24,5.2,1.22,0
Eliezer Mayenda Dossou,Sunderland,FWD,561,25,5.2,1.05,0
Eliezer Mayenda Dossou,Sunderland,FWD,561,26,5.2,0.86,0
Eliezer Mayenda Dossou,Sunderland,FWD,561,27,5.2,0.6,1
Eliezer Mayenda Dossou,Sunderland,FWD,561,28,5.2,2.48,9
Ahmed Abdullahi,Sunderland,FWD,562,15,4.3,0.09,0
Ahmed Abdullahi,Sunderland,FWD,562,16,4.3,0.0,0
Ahmed Abdullahi,Sunderland,FWD,562,17,4.3,0.07,0
Ahmed Abdullahi,Sunderland,FWD,562,18,4.3,0.0,0
Ahmed Abdullahi,Sunderland,FWD,562,19,4.3,0.0,0
Ahmed Abdullahi,Sunderland,FWD,562,20,4.3,0.01,0
Ahmed Abdullahi,Sunderland,FWD,562,21,4.3,0.0,0
Ahmed Abdullahi,Sunderland,FWD,562,22,4.2,0.0,0
Ahmed Abdullahi,Sunderland,FWD,562,23,4.2,0.0,0
Ahmed Abdullahi,Sunderland,FWD,562,24,4.2,0.0,0
Ahmed Abdullahi,Sunderland,FWD,562,25,4.2,0.0,0
Ahmed Abdullahi,Sunderland,FWD,562,26,4.2,0.0,0
Ahmed Abdullahi,Sunderland,FWD,562,27,4.2,0.0,0
Ahmed Abdullahi,Sunderland,FWD,562,28,4.2,0.0,0
Luís Hemir Silva Semedo,Sunderland,FWD,563,15,4.4,0.1,0
Luís Hemir Silva Semedo,Sunderland,FWD,563,16,4.4,0.02,0
Luís Hemir Silva Semedo,Sunderland,FWD,563,17,4.4,0.09,0
Luís Hemir Silva Semedo,Sunderland,FWD,563,18,4.4,0.03,0
Luís Hemir Silva Semedo,Sunderland,FWD,563,19,4.4,0.0,0
Luís Hemir Silva Semedo,Sunderland,FWD,563,20,4.4,0.05,0
Luís Hemir Silva Semedo,Sunderland,FWD,563,21,4.4,0.04,0
Luís Hemir Silva Semedo,Sunderland,FWD,563,22,4.4,0.0,0
Luís Hemir Silva Semedo,Sunderland,FWD,563,23,4.4,0.01,0
Luís Hemir Silva Semedo,Sunderland,FWD,563,24,4.4,0.0,0
Luís Hemir Silva Semedo,Sunderland,FWD,563,25,4.4,0.0,0
Luís Hemir Silva Semedo,Sunderland,FWD,563,26,4.4,0.0,0
Luís Hemir Silva Semedo,Sunderland,FWD,563,27,4.4,0.0,0
Luís Hemir Silva Semedo,Sunderland,FWD,563,28,4.4,0.0,0
Nazarii Rusyn,Sunderland,FWD,564,15,4.4,0.1,0
Nazarii Rusyn,Sunderland,FWD,564,16,4.4,0.02,0
Nazarii Rusyn,Sunderland,FWD,564,17,4.4,0.09,0
Nazarii Rusyn,Sunderland,FWD,564,18,4.4,0.03,0
Nazarii Rusyn,Sunderland,FWD,564,19,4.4,0.0,0
Nazarii Rusyn,Sunderland,FWD,564,20,4.4,0.05,0
Nazarii Rusyn,Sunderland,FWD,564,21,4.4,0.04,0
Nazarii Rusyn,Sunderland,FWD,564,22,4.4,0.0,0
Nazarii Rusyn,Sunderland,FWD,564,23,4.4,0.01,0
Nazarii Rusyn,Sunderland,FWD,564,24,4.4,0.0,0
Nazarii Rusyn,Sunderland,FWD,564,25,4.4,0.0,0
Nazarii Rusyn,Sunderland,FWD,564,26,4.4,0.0,0
Nazarii Rusyn,Sunderland,FWD,564,27,4.4,0.0,0
Nazarii Rusyn,Sunderland,FWD,564,28,4.4,0.0,0
Guglielmo Vicario,Spurs,GK,565,15,5.0,3.45,6
Guglielmo Vicario,Spurs,GK,565,16,4.9,3.78,2
Guglielmo Vicario,Spurs,GK,565,17,4.9,3.52,1
Guglielmo Vicario,Spurs,GK,565,18,4.9,3.89,7
Guglielmo Vicario,Spurs,GK,565,19,4.8,4.04,5
Guglielmo Vicario,Spurs,GK,565,20,4.8,4.31,2
Guglielmo Vicario,Spurs,GK,565,21,4.8,4.13,1
Guglielmo Vicario,Spurs,GK,565,22,4.8,3.68,1
Guglielmo Vicario,Spurs,GK,565,23,4.8,3.45,1
Guglielmo Vicario,Spurs,GK,565,24,4.8,3.22,1
Guglielmo Vicario,Spurs,GK,565,25,4.8,3.53,3
Guglielmo Vicario,Spurs,GK,565,26,4.8,3.57,2
Guglielmo Vicario,Spurs,GK,565,27,4.7,3.35,0
Guglielmo Vicario,Spurs,GK,565,28,4.7,3.34,1
Brandon Austin,Spurs,GK,566,15,3.9,0.0,0
Brandon Austin,Spurs,GK,566,16,3.9,0.0,0
Brandon Austin,Spurs,GK,566,17,3.9,0.0,0
Brandon Austin,Spurs,GK,566,18,3.9,0.0,0
Brandon Austin,Spurs,GK,566,19,3.9,0.0,0
Brandon Austin,Spurs,GK,566,20,3.9,0.0,0
Brandon Austin,Spurs,GK,566,21,3.9,0.0,0
Brandon Austin,Spurs,GK,566,22,3.9,0.0,0
Brandon Austin,Spurs,GK,566,23,3.9,0.0,0
Brandon Austin,Spurs,GK,566,24,3.9,0.0,0
Brandon Austin,Spurs,GK,566,25,3.9,0.0,0
Brandon Austin,Spurs,GK,566,26,3.9,0.0,0
Brandon Austin,Spurs,GK,566,27,3.9,0.0,0
Brandon Austin,Spurs,GK,566,28,3.9,0.0,0
Antonín Kinský,Spurs,GK,567,15,3.9,0.0,0
Antonín Kinský,Spurs,GK,567,16,3.9,0.0,0
Antonín Kinský,Spurs,GK,567,17,3.9,0.0,0
Antonín Kinský,Spurs,GK,567,18,3.9,0.0,0
Antonín Kinský,Spurs,GK,567,19,3.9,0.0,0
Antonín Kinský,Spurs,GK,567,20,3.9,0.0,0
Antonín Kinský,Spurs,GK,567,21,3.9,0.0,0
Antonín Kinský,Spurs,GK,567,22,3.9,0.0,0
Antonín Kinský,Spurs,GK,567,23,3.9,0.0,0
Antonín Kinský,Spurs,GK,567,24,3.9,0.0,0
Antonín Kinský,Spurs,GK,567,25,3.9,0.0,0
Antonín Kinský,Spurs,GK,567,26,3.9,0.0,0
Antonín Kinský,Spurs,GK,567,27,3.9,0.0,0
Antonín Kinský,Spurs,GK,567,28,3.9,0.0,0
Pedro Porro Sauceda,Spurs,DEF,568,15,5.4,3.5,5
Pedro Porro Sauceda,Spurs,DEF,568,16,5.3,3.76,0
Pedro Porro Sauceda,Spurs,DEF,568,17,5.3,3.66,1
Pedro Porro Sauceda,Spurs,DEF,568,18,5.3,4.11,6
Pedro Porro Sauceda,Spurs,DEF,568,19,5.2,4.2,10
Pedro Porro Sauceda,Spurs,DEF,568,20,5.2,4.82,4
Pedro Porro Sauceda,Spurs,DEF,568,21,5.2,4.83,0
Pedro Porro Sauceda,Spurs,DEF,568,22,5.2,4.71,4
Pedro Porro Sauceda,Spurs,DEF,568,23,5.2,2.95,1
Pedro Porro Sauceda,Spurs,DEF,568,24,5.2,2.47,0
Pedro Porro Sauceda,Spurs,DEF,568,25,5.2,2.07,0
Pedro Porro Sauceda,Spurs,DEF,568,26,5.2,1.43,0
Pedro Porro Sauceda,Spurs,DEF,568,27,5.1,1.24,0
Pedro Porro Sauceda,Spurs,DEF,568,28,5.1,2.59,0
Cristian Romero,Spurs,DEF,569,15,5.0,4.09,6
Cristian Romero,Spurs,DEF,569,16,5.0,4.33,1
Cristian Romero,Spurs,DEF,569,17,5.0,2.52,0
Cristian Romero,Spurs,DEF,569,18,5.0,2.58,0
Cristian Romero,Spurs,DEF,569,19,5.0,3.71,9
Cristian Romero,Spurs,DEF,569,20,5.0,3.85,2
Cristian Romero,Spurs,DEF,569,21,5.0,4.01,3
Cristian Romero,Spurs,DEF,569,22,5.0,4.55,8
Cristian Romero,Spurs,DEF,569,23,5.0,4.7,11
Cristian Romero,Spurs,DEF,569,24,5.0,3.51,0
Cristian Romero,Spurs,DEF,569,25,5.0,1.07,-3
Cristian Romero,Spurs,DEF,569,26,5.0,2.02,0
Cristian Romero,Spurs,DEF,569,27,5.0,1.43,0
Cristian Romero,Spurs,DEF,569,28,5.0,1.27,0
Kevin Danso,Spurs,DEF,570,15,4.3,1.34,1
Kevin Danso,Spurs,DEF,570,16,4.3,1.4,0
Kevin Danso,Spurs,DEF,570,17,4.3,0.85,0
Kevin Danso,Spurs,DEF,570,18,4.2,2.23,7
Kevin Danso,Spurs,DEF,570,19,4.2,1.27,0
Kevin Danso,Spurs,DEF,570,20,4.2,1.12,0
Kevin Danso,Spurs,DEF,570,21,4.2,1.14,0
Kevin Danso,Spurs,DEF,570,22,4.2,0.45,0
Kevin Danso,Spurs,DEF,570,23,4.2,1.86,1
Kevin Danso,Spurs,DEF,570,24,4.2,0.56,0
Kevin Danso,Spurs,DEF,570,25,4.2,0.62,0
Kevin Danso,Spurs,DEF,570,26,4.2,0.53,0
Kevin Danso,Spurs,DEF,570,27,4.2,0.29,0
Kevin Danso,Spurs,DEF,570,28,4.2,0.37,1
Ben Davies,Spurs,DEF,571,15,4.3,0.1,0
Ben Davies,Spurs,DEF,571,16,4.3,0.17,1
Ben Davies,Spurs,DEF,571,17,4.3,0.2,0
Ben Davies,Spurs,DEF,571,18,4.3,0.32,0
Ben Davies,Spurs,DEF,571,19,4.3,0.32,0
Ben Davies,Spurs,DEF,571,20,4.3,1.84,9
Ben Davies,Spurs,DEF,571,21,4.3,0.84,0
Ben Davies,Spurs,DEF,571,22,4.3,0.75,0
Ben Davies,Spurs,DEF,571,23,4.3,0.94,0
Ben Davies,Spurs,DEF,571,24,4.3,0.42,0
Ben Davies,Spurs,DEF,571,25,4.3,0.49,0
Ben Davies,Spurs,DEF,571,26,4.3,0.1,0
Ben Davies,Spurs,DEF,571,27,4.3,0.1,0
Ben Davies,Spurs,DEF,571,28,4.3,0.17,0
Radu Drăgușin,Spurs,DEF,572,15,4.5,0.19,0
Radu Drăgușin,Spurs,DEF,572,16,4.5,0.25,0
Radu Drăgușin,Spurs,DEF,572,17,4.5,0.15,0
Radu Drăgușin,Spurs,DEF,572,18,4.5,0.31,1
Radu Drăgușin,Spurs,DEF,572,19,4.5,0.37,0
Radu Drăgușin,Spurs,DEF,572,20,4.5,0.26,0
Radu Drăgușin,Spurs,DEF,572,21,4.5,0.3,0
Radu Drăgușin,Spurs,DEF,572,22,4.5,0.18,0
Radu Drăgușin,Spurs,DEF,572,23,4.5,0.25,1
Radu Drăgușin,Spurs,DEF,572,24,4.5,1.55,1
Radu Drăgușin,Spurs,DEF,572,25,4.5,0.66,0
Radu Drăgușin,Spurs,DEF,572,26,4.5,2.39,3
Radu Drăgușin,Spurs,DEF,572,27,4.5,2.69,2
Radu Drăgușin,Spurs,DEF,572,28,4.5,2.9,3
Djed Spence,Spurs,DEF,573,15,4.4,2.44,6
Djed Spence,Spurs,DEF,573,16,4.3,1.22,0
Djed Spence,Spurs,DEF,573,17,4.3,2.61,1
Djed Spence,Spurs,DEF,573,18,4.3,3.4,7
Djed Spence,Spurs,DEF,573,19,4.3,3.62,6
Djed Spence,Spurs,DEF,573,20,4.3,2.51,1
Djed Spence,Spurs,DEF,573,21,4.3,3.61,1
Djed Spence,Spurs,DEF,573,22,4.3,3.18,1
Djed Spence,Spurs,DEF,573,23,4.3,3.07,1
Djed Spence,Spurs,DEF,573,24,4.3,1.76,0
Djed Spence,Spurs,DEF,573,25,4.3,1.41,0
Djed Spence,Spurs,DEF,573,26,4.2,2.28,0
Djed Spence,Spurs,DEF,573,27,4.2,2.32,0
Djed Spence,Spurs,DEF,573,28,4.2,1.26,0
Destiny Udogie,Spurs,DEF,574,15,4.4,1.2,0
Destiny Udogie,Spurs,DEF,574,16,4.4,1.01,0
Destiny Udogie,Spurs,DEF,574,17,4.4,0.54,0
Destiny Udogie,Spurs,DEF,574,18,4.4,0.38,0
Destiny Udogie,Spurs,DEF,574,19,4.3,0.33,0
Destiny Udogie,Spurs,DEF,574,20,4.3,0.22,0
Destiny Udogie,Spurs,DEF,574,21,4.3,0.26,0
Destiny Udogie,Spurs,DEF,574,22,4.3,0.2,0
Destiny Udogie,Spurs,DEF,574,23,4.3,0.27,1
Destiny Udogie,Spurs,DEF,574,24,4.3,1.71,1
Destiny Udogie,Spurs,DEF,574,25,4.3,0.75,0
Destiny Udogie,Spurs,DEF,574,26,4.3,0.87,0
Destiny Udogie,Spurs,DEF,574,27,4.3,0.69,0
Destiny Udogie,Spurs,DEF,574,28,4.3,0.49,0
Micky van de Ven,Spurs,DEF,575,15,4.7,3.2,6
Micky van de Ven,Spurs,DEF,575,16,4.7,3.35,1
Micky van de Ven,Spurs,DEF,575,17,4.6,3.19,0
Micky van de Ven,Spurs,DEF,575,18,4.6,4.02,11
Micky van de Ven,Spurs,DEF,575,19,4.5,4.46,6
Micky van de Ven,Spurs,DEF,575,20,4.5,4.91,7
Micky van de Ven,Spurs,DEF,575,21,4.5,5.22,0
Micky van de Ven,Spurs,DEF,575,22,4.6,4.49,0
Micky van de Ven,Spurs,DEF,575,23,4.6,4.57,7
Micky van de Ven,Spurs,DEF,575,24,4.6,2.53,0
Micky van de Ven,Spurs,DEF,575,25,4.5,3.52,1
Micky van de Ven,Spurs,DEF,575,26,4.5,3.65,3
Micky van de Ven,Spurs,DEF,575,27,4.5,3.43,0
Micky van de Ven,Spurs,DEF,575,28,4.5,3.73,0
Ashley Phillips,Spurs,DEF,576,15,4.0,0.0,0
Ashley Phillips,Spurs,DEF,576,16,4.0,0.01,0
Ashley Phillips,Spurs,DEF,576,17,4.0,0.0,0
Ashley Phillips,Spurs,DEF,576,18,4.0,0.02,0
Ashley Phillips,Spurs,DEF,576,19,4.0,0.03,0
Ashley Phillips,Spurs,DEF,576,20,4.0,0.0,0
Ashley Phillips,Spurs,DEF,576,21,4.0,0.0,0
Ashley Phillips,Spurs,DEF,576,22,4.0,0.0,0
Ashley Phillips,Spurs,DEF,576,23,4.0,0.0,0
Ashley Phillips,Spurs,DEF,576,24,4.0,0.0,0
Ashley Phillips,Spurs,DEF,576,25,4.0,0.0,0
Ashley Phillips,Spurs,DEF,576,26,4.0,0.0,0
Ashley Phillips,Spurs,DEF,576,27,4.0,0.0,0
Ashley Phillips,Spurs,DEF,576,28,4.0,0.0,0
Takai Kōta,Spurs,DEF,577,15,4.0,0.0,0
Takai Kōta,Spurs,DEF,577,16,4.0,0.01,0
Takai Kōta,Spurs,DEF,577,17,4.0,0.0,0
Takai Kōta,Spurs,DEF,577,18,4.0,0.02,0
Takai Kōta,Spurs,DEF,577,19,4.0,0.03,0
Takai Kōta,Spurs,DEF,577,20,4.0,0.0,0
Takai Kōta,Spurs,DEF,577,21,4.0,0.0,0
Takai Kōta,Spurs,DEF,577,22,4.0,0.0,0
Takai Kōta,Spurs,DEF,577,23,4.0,0.0,0
Takai Kōta,Spurs,DEF,577,24,4.0,0.0,0
Takai Kōta,Spurs,DEF,577,25,4.0,0.0,0
Takai Kōta,Spurs,DEF,577,26,4.0,0.0,0
Takai Kōta,Spurs,DEF,577,27,4.0,0.0,0
Takai Kōta,Spurs,DEF,577,28,4.0,0.0,0
Luka Vušković,Spurs,DEF,578,15,3.9,0.0,0
Luka Vušković,Spurs,DEF,578,16,3.9,0.0,0
Luka Vušković,Spurs,DEF,578,17,3.9,0.0,0
Luka Vušković,Spurs,DEF,578,18,3.9,0.0,0
Luka Vušković,Spurs,DEF,578,19,3.9,0.0,0
Luka Vušković,Spurs,DEF,578,20,3.9,0.0,0
Luka Vušković,Spurs,DEF,578,21,3.9,0.0,0
Luka Vušković,Spurs,DEF,578,22,3.9,0.0,0
Luka Vušković,Spurs,DEF,578,23,3.9,0.0,0
Luka Vušković,Spurs,DEF,578,24,3.9,0.0,0
Luka Vušković,Spurs,DEF,578,25,3.9,0.0,0
Luka Vušković,Spurs,DEF,578,26,3.9,0.0,0
Luka Vušković,Spurs,DEF,578,27,3.9,0.0,0
Luka Vušković,Spurs,DEF,578,28,3.9,0.0,0
Son Heung-min,Spurs,MID,579,15,8.5,1.64,0
Son Heung-min,Spurs,MID,579,16,8.5,1.7,0
Son Heung-min,Spurs,MID,579,17,8.5,1.6,0
Son Heung-min,Spurs,MID,579,18,8.5,1.71,0
Son Heung-min,Spurs,MID,579,19,8.5,1.71,0
Son Heung-min,Spurs,MID,579,20,8.5,1.61,0
Son Heung-min,Spurs,MID,579,21,8.5,1.65,0
Son Heung-min,Spurs,MID,579,22,8.5,1.58,0
Son Heung-min,Spurs,MID,579,23,8.5,1.64,0
Son Heung-min,Spurs,MID,579,24,8.5,1.55,0
Son Heung-min,Spurs,MID,579,25,8.5,1.61,0
Son Heung-min,Spurs,MID,579,26,8.5,1.52,0
Son Heung-min,Spurs,MID,579,27,8.5,1.53,0
Son Heung-min,Spurs,MID,579,28,8.5,1.59,0
Brennan Johnson,Spurs,MID,580,15,6.6,1.49,0
Brennan Johnson,Spurs,MID,580,16,6.5,1.38,1
Brennan Johnson,Spurs,MID,580,17,6.5,1.4,1
Brennan Johnson,Spurs,MID,580,18,6.5,1.36,1
Brennan Johnson,Spurs,MID,580,19,6.5,1.48,0
Brennan Johnson,Crystal Palace,MID,580,20,6.5,2.64,1
Brennan Johnson,Crystal Palace,MID,580,21,6.5,3.03,2
Brennan Johnson,Crystal Palace,MID,580,22,6.5,3.49,2
Brennan Johnson,Crystal Palace,MID,580,23,6.5,3.82,2
Brennan Johnson,Crystal Palace,MID,580,24,6.5,3.92,2
Brennan Johnson,Crystal Palace,MID,580,25,6.5,2.24,1
Brennan Johnson,Crystal Palace,MID,580,26,6.5,1.84,1
Brennan Johnson,Crystal Palace,MID,580,27,6.5,1.66,1
Brennan Johnson,Crystal Palace,MID,580,28,6.5,1.78,4
James Maddison,Spurs,MID,581,15,6.8,0.87,0
James Maddison,Spurs,MID,581,16,6.8,0.93,0
James Maddison,Spurs,MID,581,17,6.8,0.83,0
James Maddison,Spurs,MID,581,18,6.8,0.94,0
James Maddison,Spurs,MID,581,19,6.8,0.94,0
James Maddison,Spurs,MID,581,20,6.8,0.84,0
James Maddison,Spurs,MID,581,21,6.8,0.88,0
James Maddison,Spurs,MID,581,22,6.8,0.81,0
James Maddison,Spurs,MID,581,23,6.8,0.87,0
James Maddison,Spurs,MID,581,24,6.8,0.78,0
James Maddison,Spurs,MID,581,25,6.8,0.84,0
James Maddison,Spurs,MID,581,26,6.8,0.75,0
James Maddison,Spurs,MID,581,27,6.8,0.76,0
James Maddison,Spurs,MID,581,28,6.8,0.82,0
Mohammed Kudus,Spurs,MID,582,15,6.5,4.68,3
Mohammed Kudus,Spurs,MID,582,16,6.5,4.88,2
Mohammed Kudus,Spurs,MID,582,17,6.4,2.9,1
Mohammed Kudus,Spurs,MID,582,18,6.4,4.18,3
Mohammed Kudus,Spurs,MID,582,19,6.4,4.14,3
Mohammed Kudus,Spurs,MID,582,20,6.4,2.46,1
Mohammed Kudus,Spurs,MID,582,21,6.4,2.37,0
Mohammed Kudus,Spurs,MID,582,22,6.4,1.85,0
Mohammed Kudus,Spurs,MID,582,23,6.4,1.51,0
Mohammed Kudus,Spurs,MID,582,24,6.4,1.28,0
Mohammed Kudus,Spurs,MID,582,25,6.4,1.3,0
Mohammed Kudus,Spurs,MID,582,26,6.4,1.2,0
Mohammed Kudus,Spurs,MID,582,27,6.4,1.2,0
Mohammed Kudus,Spurs,MID,582,28,6.4,1.27,0
Dejan Kulusevski,Spurs,MID,583,15,6.4,0.7,0
Dejan Kulusevski,Spurs,MID,583,16,6.4,0.75,0
Dejan Kulusevski,Spurs,MID,583,17,6.4,0.65,0
Dejan Kulusevski,Spurs,MID,583,18,6.4,0.76,0
Dejan Kulusevski,Spurs,MID,583,19,6.4,0.76,0
Dejan Kulusevski,Spurs,MID,583,20,6.4,0.66,0
Dejan Kulusevski,Spurs,MID,583,21,6.4,0.7,0
Dejan Kulusevski,Spurs,MID,583,22,6.4,0.64,0
Dejan Kulusevski,Spurs,MID,583,23,6.4,0.7,0
Dejan Kulusevski,Spurs,MID,583,24,6.4,0.6,0
Dejan Kulusevski,Spurs,MID,583,25,6.4,0.67,0
Dejan Kulusevski,Spurs,MID,583,26,6.4,0.58,0
Dejan Kulusevski,Spurs,MID,583,27,6.4,0.58,0
Dejan Kulusevski,Spurs,MID,583,28,6.4,0.65,0
Mathys Tel,Spurs,MID,584,15,6.3,1.42,0
Mathys Tel,Spurs,MID,584,16,6.2,1.44,1
Mathys Tel,Spurs,MID,584,17,6.2,1.28,0
Mathys Tel,Spurs,MID,584,18,6.2,1.09,0
Mathys Tel,Spurs,MID,584,19,6.2,1.09,1
Mathys Tel,Spurs,MID,584,20,6.2,2.56,2
Mathys Tel,Spurs,MID,584,21,6.2,3.1,10
Mathys Tel,Spurs,MID,584,22,6.2,3.88,2
Mathys Tel,Spurs,MID,584,23,6.2,2.47,1
Mathys Tel,Spurs,MID,584,24,6.2,2.05,1
Mathys Tel,Spurs,MID,584,25,6.2,1.72,1
Mathys Tel,Spurs,MID,584,26,6.2,1.45,1
Mathys Tel,Spurs,MID,584,27,6.2,1.41,1
Mathys Tel,Spurs,MID,584,28,6.2,1.44,1
Rodrigo Bentancur,Spurs,MID,585,15,5.3,3.29,5
Rodrigo Bentancur,Spurs,MID,585,16,5.3,1.96,1
Rodrigo Bentancur,Spurs,MID,585,17,5.3,3.57,3
Rodrigo Bentancur,Spurs,MID,585,18,5.3,3.76,5
Rodrigo Bentancur,Spurs,MID,585,19,5.3,3.93,5
Rodrigo Bentancur,Spurs,MID,585,20,5.3,4.28,3
Rodrigo Bentancur,Spurs,MID,585,21,5.3,4.31,2
Rodrigo Bentancur,Spurs,MID,585,22,5.3,2.4,0
Rodrigo Bentancur,Spurs,MID,585,23,5.3,1.86,0
Rodrigo Bentancur,Spurs,MID,585,24,5.3,1.19,0
Rodrigo Bentancur,Spurs,MID,585,25,5.3,0.89,0
Rodrigo Bentancur,Spurs,MID,585,26,5.3,0.75,0
Rodrigo Bentancur,Spurs,MID,585,27,5.3,0.72,0
Rodrigo Bentancur,Spurs,MID,585,28,5.3,0.79,0
Lucas Bergvall,Spurs,MID,586,15,5.4,1.49,0
Lucas Bergvall,Spurs,MID,586,16,5.3,1.48,0
Lucas Bergvall,Spurs,MID,586,17,5.3,2.66,2
Lucas Bergvall,Spurs,MID,586,18,5.3,2.81,3
Lucas Bergvall,Spurs,MID,586,19,5.3,1.51,0
Lucas Bergvall,Spurs,MID,586,20,5.3,1.22,1
Lucas Bergvall,Spurs,MID,586,21,5.3,1.08,1
Lucas Bergvall,Spurs,MID,586,22,5.3,0.93,1
Lucas Bergvall,Spurs,MID,586,23,5.2,1.02,0
Lucas Bergvall,Spurs,MID,586,24,5.2,0.75,0
Lucas Bergvall,Spurs,MID,586,25,5.2,0.61,0
Lucas Bergvall,Spurs,MID,586,26,5.2,0.46,0
Lucas Bergvall,Spurs,MID,586,27,5.2,0.45,0
Lucas Bergvall,Spurs,MID,586,28,5.2,0.5,0
Yves Bissouma,Spurs,MID,587,15,5.2,0.15,0
Yves Bissouma,Spurs,MID,587,16,5.2,0.2,0
Yves Bissouma,Spurs,MID,587,17,5.2,0.1,0
Yves Bissouma,Spurs,MID,587,18,5.2,0.21,0
Yves Bissouma,Spurs,MID,587,19,5.2,0.21,0
Yves Bissouma,Spurs,MID,587,20,5.2,0.11,0
Yves Bissouma,Spurs,MID,587,21,5.2,0.15,0
Yves Bissouma,Spurs,MID,587,22,5.2,0.11,1
Yves Bissouma,Spurs,MID,587,23,5.2,2.0,4
Yves Bissouma,Spurs,MID,587,24,5.2,2.12,1
Yves Bissouma,Spurs,MID,587,25,5.2,1.2,1
Yves Bissouma,Spurs,MID,587,26,5.2,1.05,1
Yves Bissouma,Spurs,MID,587,27,5.2,2.48,3
Yves Bissouma,Spurs,MID,587,28,5.2,2.75,2
Wilson Odobert,Spurs,MID,588,15,5.3,1.12,1
Wilson Odobert,Spurs,MID,588,16,5.3,1.01,0
Wilson Odobert,Spurs,MID,588,17,5.3,0.64,1
Wilson Odobert,Spurs,MID,588,18,5.3,0.78,1
Wilson Odobert,Spurs,MID,588,19,5.3,2.47,3
Wilson Odobert,Spurs,MID,588,20,5.3,2.77,3
Wilson Odobert,Spurs,MID,588,21,5.3,1.54,1
Wilson Odobert,Spurs,MID,588,22,5.3,3.13,2
Wilson Odobert,Spurs,MID,588,23,5.3,3.44,8
Wilson Odobert,Spurs,MID,588,24,5.3,2.05,1
Wilson Odobert,Spurs,MID,588,25,5.3,2.03,1
Wilson Odobert,Spurs,MID,588,26,5.3,1.7,1
Wilson Odobert,Spurs,MID,588,27,5.3,1.16,0
Wilson Odobert,Spurs,MID,588,28,5.3,1.06,0
Manor Solomon,Spurs,MID,589,15,5.4,0.24,0
Manor Solomon,Spurs,MID,589,16,5.4,0.29,0
Manor Solomon,Spurs,MID,589,17,5.4,0.19,0
Manor Solomon,Spurs,MID,589,18,5.4,0.3,0
Manor Solomon,Spurs,MID,589,19,5.4,0.3,0
Manor Solomon,Spurs,MID,589,20,5.4,0.2,0
Manor Solomon,Spurs,MID,589,21,5.4,0.24,0
Manor Solomon,Spurs,MID,589,22,5.4,0.18,0
Manor Solomon,Spurs,MID,589,23,5.4,0.24,0
Manor Solomon,Spurs,MID,589,24,5.4,0.14,0
Manor Solomon,Spurs,MID,589,25,5.4,0.21,0
Manor Solomon,Spurs,MID,589,26,5.4,0.12,0
Manor Solomon,Spurs,MID,589,27,5.4,0.12,0
Manor Solomon,Spurs,MID,589,28,5.4,0.19,0
Bryan Gil Salvatierra,Spurs,MID,590,15,4.9,0.01,0
Bryan Gil Salvatierra,Spurs,MID,590,16,4.9,0.06,0
Bryan Gil Salvatierra,Spurs,MID,590,17,4.9,0.0,0
Bryan Gil Salvatierra,Spurs,MID,590,18,4.9,0.07,0
Bryan Gil Salvatierra,Spurs,MID,590,19,4.9,0.08,0
Bryan Gil Salvatierra,Spurs,MID,590,20,4.9,0.0,0
Bryan Gil Salvatierra,Spurs,MID,590,21,4.9,0.01,0
Bryan Gil Salvatierra,Spurs,MID,590,22,4.9,0.0,0
Bryan Gil Salvatierra,Spurs,MID,590,23,4.9,0.01,0
Bryan Gil Salvatierra,Spurs,MID,590,24,4.9,0.0,0
Bryan Gil Salvatierra,Spurs,MID,590,25,4.9,0.0,0
Bryan Gil Salvatierra,Spurs,MID,590,26,4.9,0.0,0
Bryan Gil Salvatierra,Spurs,MID,590,27,4.9,0.0,0
Bryan Gil Salvatierra,Spurs,MID,590,28,4.9,0.0,0
Archie Gray,Spurs,MID,591,15,4.8,1.97,2
Archie Gray,Spurs,MID,591,16,4.8,0.9,0
Archie Gray,Spurs,MID,591,17,4.8,2.43,2
Archie Gray,Spurs,MID,591,18,4.8,2.94,10
Archie Gray,Spurs,MID,591,19,4.8,3.31,3
Archie Gray,Spurs,MID,591,20,4.8,3.5,3
Archie Gray,Spurs,MID,591,21,4.8,2.0,1
Archie Gray,Spurs,MID,591,22,4.8,1.35,0
Archie Gray,Spurs,MID,591,23,4.8,1.16,1
Archie Gray,Spurs,MID,591,24,4.8,2.29,2
Archie Gray,Spurs,MID,591,25,4.8,2.64,2
Archie Gray,Spurs,MID,591,26,4.8,2.83,10
Archie Gray,Spurs,MID,591,27,4.8,3.19,1
Archie Gray,Spurs,MID,591,28,4.8,3.6,5
Mikey Moore,Spurs,MID,592,15,5.0,0.06,0
Mikey Moore,Spurs,MID,592,16,5.0,0.11,0
Mikey Moore,Spurs,MID,592,17,5.0,0.01,0
Mikey Moore,Spurs,MID,592,18,5.0,0.12,0
Mikey Moore,Spurs,MID,592,19,5.0,0.12,0
Mikey Moore,Spurs,MID,592,20,5.0,0.02,0
Mikey Moore,Spurs,MID,592,21,5.0,0.06,0
Mikey Moore,Spurs,MID,592,22,5.0,0.0,0
Mikey Moore,Spurs,MID,592,23,5.0,0.06,0
Mikey Moore,Spurs,MID,592,24,5.0,0.0,0
Mikey Moore,Spurs,MID,592,25,5.0,0.03,0
Mikey Moore,Spurs,MID,592,26,5.0,0.0,0
Mikey Moore,Spurs,MID,592,27,5.0,0.0,0
Mikey Moore,Spurs,MID,592,28,5.0,0.01,0
Pape Matar Sarr,Spurs,MID,593,15,4.7,1.1,1
Pape Matar Sarr,Spurs,MID,593,16,4.6,1.04,0
Pape Matar Sarr,Spurs,MID,593,17,4.6,0.79,0
Pape Matar Sarr,Spurs,MID,593,18,4.6,0.56,0
Pape Matar Sarr,Spurs,MID,593,19,4.5,0.43,0
Pape Matar Sarr,Spurs,MID,593,20,4.5,0.31,0
Pape Matar Sarr,Spurs,MID,593,21,4.5,0.33,0
Pape Matar Sarr,Spurs,MID,593,22,4.5,0.27,0
Pape Matar Sarr,Spurs,MID,593,23,4.5,0.34,0
Pape Matar Sarr,Spurs,MID,593,24,4.5,0.25,1
Pape Matar Sarr,Spurs,MID,593,25,4.5,2.13,2
Pape Matar Sarr,Spurs,MID,593,26,4.5,2.55,8
Pape Matar Sarr,Spurs,MID,593,27,4.5,3.53,4
Pape Matar Sarr,Spurs,MID,593,28,4.5,2.38,1
Yang Min-hyeok,Spurs,MID,594,15,4.5,0.0,0
Yang Min-hyeok,Spurs,MID,594,16,4.5,0.0,0
Yang Min-hyeok,Spurs,MID,594,17,4.5,0.0,0
Yang Min-hyeok,Spurs,MID,594,18,4.5,0.0,0
Yang Min-hyeok,Spurs,MID,594,19,4.5,0.0,0
Yang Min-hyeok,Spurs,MID,594,20,4.5,0.0,0
Yang Min-hyeok,Spurs,MID,594,21,4.5,0.0,0
Yang Min-hyeok,Spurs,MID,594,22,4.5,0.0,0
Yang Min-hyeok,Spurs,MID,594,23,4.5,0.0,0
Yang Min-hyeok,Spurs,MID,594,24,4.5,0.0,0
Yang Min-hyeok,Spurs,MID,594,25,4.5,0.0,0
Yang Min-hyeok,Spurs,MID,594,26,4.5,0.0,0
Yang Min-hyeok,Spurs,MID,594,27,4.5,0.0,0
Yang Min-hyeok,Spurs,MID,594,28,4.5,0.0,0
Callum Olusesi,Spurs,MID,595,15,4.3,0.0,0
Callum Olusesi,Spurs,MID,595,16,4.3,0.0,0
Callum Olusesi,Spurs,MID,595,17,4.3,0.0,0
Callum Olusesi,Spurs,MID,595,18,4.3,0.0,0
Callum Olusesi,Spurs,MID,595,19,4.3,0.0,0
Callum Olusesi,Spurs,MID,595,20,4.3,0.0,0
Callum Olusesi,Spurs,MID,595,21,4.3,0.0,0
Callum Olusesi,Spurs,MID,595,22,4.3,0.0,0
Callum Olusesi,Spurs,MID,595,23,4.3,0.0,0
Callum Olusesi,Spurs,MID,595,24,4.3,0.0,0
Callum Olusesi,Spurs,MID,595,25,4.3,0.0,0
Callum Olusesi,Spurs,MID,595,26,4.3,0.0,0
Callum Olusesi,Spurs,MID,595,27,4.3,0.0,0
Callum Olusesi,Spurs,MID,595,28,4.3,0.0,0
Dominic Solanke-Mitchell,Spurs,FWD,596,15,7.2,1.31,0
Dominic Solanke-Mitchell,Spurs,FWD,596,16,7.2,1.36,0
Dominic Solanke-Mitchell,Spurs,FWD,596,17,7.2,1.26,0
Dominic Solanke-Mitchell,Spurs,FWD,596,18,7.2,1.37,0
Dominic Solanke-Mitchell,Spurs,FWD,596,19,7.2,1.37,0
Dominic Solanke-Mitchell,Spurs,FWD,596,20,7.2,1.27,0
Dominic Solanke-Mitchell,Spurs,FWD,596,21,7.2,1.31,0
Dominic Solanke-Mitchell,Spurs,FWD,596,22,7.2,1.27,1
Dominic Solanke-Mitchell,Spurs,FWD,596,23,7.2,3.13,2
Dominic Solanke-Mitchell,Spurs,FWD,596,24,7.2,3.49,12
Dominic Solanke-Mitchell,Spurs,FWD,596,25,7.2,4.35,2
Dominic Solanke-Mitchell,Spurs,FWD,596,26,7.2,4.46,2
Dominic Solanke-Mitchell,Spurs,FWD,596,27,7.2,2.85,1
Dominic Solanke-Mitchell,Spurs,FWD,596,28,7.2,4.15,2
Richarlison de Andrade,Spurs,FWD,597,15,6.4,3.93,8
Richarlison de Andrade,Spurs,FWD,597,16,6.4,4.21,2
Richarlison de Andrade,Spurs,FWD,597,17,6.4,2.88,4
Richarlison de Andrade,Spurs,FWD,597,18,6.4,4.45,5
Richarlison de Andrade,Spurs,FWD,597,19,6.4,4.61,2
Richarlison de Andrade,Spurs,FWD,597,20,6.4,4.55,2
Richarlison de Andrade,Spurs,FWD,597,21,6.4,3.06,1
Richarlison de Andrade,Spurs,FWD,597,22,6.4,2.52,0
Richarlison de Andrade,Spurs,FWD,597,23,6.4,2.15,0
Richarlison de Andrade,Spurs,FWD,597,24,6.3,1.59,0
Richarlison de Andrade,Spurs,FWD,597,25,6.3,1.54,0
Richarlison de Andrade,Spurs,FWD,597,26,6.3,1.42,0
Richarlison de Andrade,Spurs,FWD,597,27,6.3,1.41,1
Richarlison de Andrade,Spurs,FWD,597,28,6.3,1.92,5
Will Lankshear,Spurs,FWD,598,15,4.5,0.07,0
Will Lankshear,Spurs,FWD,598,16,4.5,0.12,0
Will Lankshear,Spurs,FWD,598,17,4.5,0.02,0
Will Lankshear,Spurs,FWD,598,18,4.5,0.13,0
Will Lankshear,Spurs,FWD,598,19,4.5,0.13,0
Will Lankshear,Spurs,FWD,598,20,4.5,0.03,0
Will Lankshear,Spurs,FWD,598,21,4.5,0.07,0
Will Lankshear,Spurs,FWD,598,22,4.5,0.01,0
Will Lankshear,Spurs,FWD,598,23,4.5,0.07,0
Will Lankshear,Spurs,FWD,598,24,4.5,0.0,0
Will Lankshear,Spurs,FWD,598,25,4.5,0.04,0
Will Lankshear,Spurs,FWD,598,26,4.5,0.0,0
Will Lankshear,Spurs,FWD,598,27,4.5,0.0,0
Will Lankshear,Spurs,FWD,598,28,4.5,0.02,0
Dane Scarlett,Spurs,FWD,599,15,4.3,0.0,0
Dane Scarlett,Spurs,FWD,599,16,4.3,0.04,0
Dane Scarlett,Spurs,FWD,599,17,4.3,0.0,0
Dane Scarlett,Spurs,FWD,599,18,4.3,0.04,0
Dane Scarlett,Spurs,FWD,599,19,4.3,0.05,0
Dane Scarlett,Spurs,FWD,599,20,4.3,0.0,1
Dane Scarlett,Spurs,FWD,599,21,4.3,0.06,0
Dane Scarlett,Spurs,FWD,599,22,4.3,0.0,0
Dane Scarlett,Spurs,FWD,599,23,4.3,0.07,1
Dane Scarlett,Spurs,FWD,599,24,4.3,0.0,0
Dane Scarlett,Spurs,FWD,599,25,4.3,0.06,0
Dane Scarlett,Spurs,FWD,599,26,4.3,0.0,0
Dane Scarlett,Spurs,FWD,599,27,4.3,0.0,0
Dane Scarlett,Spurs,FWD,599,28,4.3,0.0,0
Alphonse Areola,West Ham,GK,600,15,4.3,3.8,3
Alphonse Areola,West Ham,GK,600,16,4.3,3.13,1
Alphonse Areola,West Ham,GK,600,17,4.3,3.33,2
Alphonse Areola,West Ham,GK,600,18,4.3,3.09,3
Alphonse Areola,West Ham,GK,600,19,4.3,3.14,2
Alphonse Areola,West Ham,GK,600,20,4.3,3.31,2
Alphonse Areola,West Ham,GK,600,21,4.3,3.2,2
Alphonse Areola,West Ham,GK,600,22,4.3,3.26,3
Alphonse Areola,West Ham,GK,600,23,4.3,3.3,2
Alphonse Areola,West Ham,GK,600,24,4.3,3.34,2
Alphonse Areola,West Ham,GK,600,25,4.3,1.71,0
Alphonse Areola,West Ham,GK,600,26,4.3,1.18,0
Alphonse Areola,West Ham,GK,600,27,4.3,0.84,0
Alphonse Areola,West Ham,GK,600,28,4.3,0.54,0
Wes Foderingham,West Ham,GK,601,15,4.0,0.0,0
Wes Foderingham,West Ham,GK,601,16,4.0,0.0,0
Wes Foderingham,West Ham,GK,601,17,4.0,0.0,0
Wes Foderingham,West Ham,GK,601,18,4.0,0.0,0
Wes Foderingham,West Ham,GK,601,19,4.0,0.0,0
Wes Foderingham,West Ham,GK,601,20,4.0,0.0,0
Wes Foderingham,West Ham,GK,601,21,4.0,0.0,0
Wes Foderingham,West Ham,GK,601,22,4.0,0.0,0
Wes Foderingham,West Ham,GK,601,23,4.0,0.0,0
Wes Foderingham,West Ham,GK,601,24,4.0,0.0,0
Wes Foderingham,West Ham,GK,601,25,4.0,0.0,0
Wes Foderingham,West Ham,GK,601,26,4.0,0.0,0
Wes Foderingham,West Ham,GK,601,27,4.0,0.0,0
Wes Foderingham,West Ham,GK,601,28,4.0,0.0,0
Krisztián Hegyi,West Ham,GK,602,15,3.9,0.0,0
Krisztián Hegyi,West Ham,GK,602,16,3.9,0.0,0
Krisztián Hegyi,West Ham,GK,602,17,3.9,0.0,0
Krisztián Hegyi,West Ham,GK,602,18,3.9,0.0,0
Krisztián Hegyi,West Ham,GK,602,19,3.9,0.0,0
Krisztián Hegyi,West Ham,GK,602,20,3.9,0.0,0
Krisztián Hegyi,West Ham,GK,602,21,3.9,0.0,0
Krisztián Hegyi,West Ham,GK,602,22,3.9,0.0,0
Krisztián Hegyi,West Ham,GK,602,23,3.9,0.0,0
Krisztián Hegyi,West Ham,GK,602,24,3.9,0.0,0
Krisztián Hegyi,West Ham,GK,602,25,3.9,0.0,0
Krisztián Hegyi,West Ham,GK,602,26,3.9,0.0,0
Krisztián Hegyi,West Ham,GK,602,27,3.9,0.0,0
Krisztián Hegyi,West Ham,GK,602,28,3.9,0.0,0
El Hadji Malick Diouf,West Ham,DEF,603,15,4.2,3.67,6
El Hadji Malick Diouf,West Ham,DEF,603,16,4.1,3.48,0
El Hadji Malick Diouf,West Ham,DEF,603,17,4.1,2.14,0
El Hadji Malick Diouf,West Ham,DEF,603,18,4.0,1.42,0
El Hadji Malick Diouf,West Ham,DEF,603,19,4.0,0.97,0
El Hadji Malick Diouf,West Ham,DEF,603,20,4.0,0.68,0
El Hadji Malick Diouf,West Ham,DEF,603,21,4.0,0.46,0
El Hadji Malick Diouf,West Ham,DEF,603,22,4.0,0.52,0
El Hadji Malick Diouf,West Ham,DEF,603,23,4.0,0.49,1
El Hadji Malick Diouf,West Ham,DEF,603,24,4.0,2.0,1
El Hadji Malick Diouf,West Ham,DEF,603,25,4.0,2.66,9
El Hadji Malick Diouf,West Ham,DEF,603,26,4.0,3.63,6
El Hadji Malick Diouf,West Ham,DEF,603,27,4.0,4.39,9
El Hadji Malick Diouf,West Ham,DEF,603,28,4.0,5.28,3
Emerson Palmieri dos Santos,West Ham,DEF,604,15,4.4,0.26,0
Emerson Palmieri dos Santos,West Ham,DEF,604,16,4.4,0.17,0
Emerson Palmieri dos Santos,West Ham,DEF,604,17,4.4,0.18,0
Emerson Palmieri dos Santos,West Ham,DEF,604,18,4.4,0.08,0
Emerson Palmieri dos Santos,West Ham,DEF,604,19,4.4,0.1,0
Emerson Palmieri dos Santos,West Ham,DEF,604,20,4.4,0.16,0
Emerson Palmieri dos Santos,West Ham,DEF,604,21,4.4,0.05,0
Emerson Palmieri dos Santos,West Ham,DEF,604,22,4.4,0.11,0
Emerson Palmieri dos Santos,West Ham,DEF,604,23,4.4,0.06,0
Emerson Palmieri dos Santos,West Ham,DEF,604,24,4.4,0.1,0
Emerson Palmieri dos Santos,West Ham,DEF,604,25,4.4,0.07,0
Emerson Palmieri dos Santos,West Ham,DEF,604,26,4.4,0.02,0
Emerson Palmieri dos Santos,West Ham,DEF,604,27,4.4,0.06,0
Emerson Palmieri dos Santos,West Ham,DEF,604,28,4.4,0.12,0
Maximilian Kilman,West Ham,DEF,605,15,4.2,2.67,4
Maximilian Kilman,West Ham,DEF,605,16,4.2,1.07,0
Maximilian Kilman,West Ham,DEF,605,17,4.2,2.44,1
Maximilian Kilman,West Ham,DEF,605,18,4.2,2.84,4
Maximilian Kilman,West Ham,DEF,605,19,4.2,2.67,0
Maximilian Kilman,West Ham,DEF,605,20,4.2,3.09,1
Maximilian Kilman,West Ham,DEF,605,21,4.2,1.52,0
Maximilian Kilman,West Ham,DEF,605,22,4.2,1.15,1
Maximilian Kilman,West Ham,DEF,605,23,4.2,0.88,1
Maximilian Kilman,West Ham,DEF,605,24,4.2,0.63,0
Maximilian Kilman,West Ham,DEF,605,25,4.2,0.67,0
Maximilian Kilman,West Ham,DEF,605,26,4.2,0.53,0
Maximilian Kilman,West Ham,DEF,605,27,4.2,0.52,0
Maximilian Kilman,West Ham,DEF,605,28,4.2,0.51,0
Konstantinos Mavropanos,West Ham,DEF,606,15,4.4,3.17,4
Konstantinos Mavropanos,West Ham,DEF,606,16,4.4,3.45,1
Konstantinos Mavropanos,West Ham,DEF,606,17,4.4,1.99,1
Konstantinos Mavropanos,West Ham,DEF,606,18,4.4,1.48,0
Konstantinos Mavropanos,West Ham,DEF,606,19,4.4,1.01,1
Konstantinos Mavropanos,West Ham,DEF,606,20,4.4,2.33,1
Konstantinos Mavropanos,West Ham,DEF,606,21,4.4,2.6,2
Konstantinos Mavropanos,West Ham,DEF,606,22,4.4,3.16,4
Konstantinos Mavropanos,West Ham,DEF,606,23,4.4,3.55,2
Konstantinos Mavropanos,West Ham,DEF,606,24,4.4,3.66,3
Konstantinos Mavropanos,West Ham,DEF,606,25,4.4,3.8,8
Konstantinos Mavropanos,West Ham,DEF,606,26,4.4,4.01,2
Konstantinos Mavropanos,West Ham,DEF,606,27,4.4,4.14,6
Konstantinos Mavropanos,West Ham,DEF,606,28,4.4,4.44,2
Nayef Aguerd,West Ham,DEF,607,15,4.4,0.3,0
Nayef Aguerd,West Ham,DEF,607,16,4.4,0.21,0
Nayef Aguerd,West Ham,DEF,607,17,4.4,0.22,0
Nayef Aguerd,West Ham,DEF,607,18,4.4,0.12,0
Nayef Aguerd,West Ham,DEF,607,19,4.4,0.14,0
Nayef Aguerd,West Ham,DEF,607,20,4.4,0.2,0
Nayef Aguerd,West Ham,DEF,607,21,4.4,0.09,0
Nayef Aguerd,West Ham,DEF,607,22,4.4,0.15,0
Nayef Aguerd,West Ham,DEF,607,23,4.4,0.1,0
Nayef Aguerd,West Ham,DEF,607,24,4.4,0.13,0
Nayef Aguerd,West Ham,DEF,607,25,4.4,0.1,0
Nayef Aguerd,West Ham,DEF,607,26,4.4,0.05,0
Nayef Aguerd,West Ham,DEF,607,27,4.4,0.1,0
Nayef Aguerd,West Ham,DEF,607,28,4.4,0.16,0
Ollie Scarles,West Ham,DEF,608,15,4.3,0.23,0
Ollie Scarles,West Ham,DEF,608,16,4.3,0.14,0
Ollie Scarles,West Ham,DEF,608,17,4.3,1.51,1
Ollie Scarles,West Ham,DEF,608,18,4.3,1.92,2
Ollie Scarles,West Ham,DEF,608,19,4.3,2.37,3
Ollie Scarles,West Ham,DEF,608,20,4.3,2.76,1
Ollie Scarles,West Ham,DEF,608,21,4.3,2.93,4
Ollie Scarles,West Ham,DEF,608,22,4.3,3.11,2
Ollie Scarles,West Ham,DEF,608,23,4.3,3.1,5
Ollie Scarles,West Ham,DEF,608,24,4.3,1.83,0
Ollie Scarles,West Ham,DEF,608,25,4.3,1.41,1
Ollie Scarles,West Ham,DEF,608,26,4.3,1.09,1
Ollie Scarles,West Ham,DEF,608,27,4.3,0.7,0
Ollie Scarles,West Ham,DEF,608,28,4.3,0.62,0
Jean-Clair Todibo,West Ham,DEF,609,15,4.3,3.7,2
Jean-Clair Todibo,West Ham,DEF,609,16,4.3,3.01,1
Jean-Clair Todibo,West Ham,DEF,609,17,4.3,3.04,1
Jean-Clair Todibo,West Ham,DEF,609,18,4.3,2.73,1
Jean-Clair Todibo,West Ham,DEF,609,19,4.3,1.46,1
Jean-Clair Todibo,West Ham,DEF,609,20,4.3,1.35,0
Jean-Clair Todibo,West Ham,DEF,609,21,4.3,2.53,2
Jean-Clair Todibo,West Ham,DEF,609,22,4.3,2.71,4
Jean-Clair Todibo,West Ham,DEF,609,23,4.3,3.04,2
Jean-Clair Todibo,West Ham,DEF,609,24,4.3,1.22,0
Jean-Clair Todibo,West Ham,DEF,609,25,4.3,1.53,0
Jean-Clair Todibo,West Ham,DEF,609,26,4.3,1.02,0
Jean-Clair Todibo,West Ham,DEF,609,27,4.3,0.73,0
Jean-Clair Todibo,West Ham,DEF,609,28,4.3,0.5,0
Aaron Wan-Bissaka,West Ham,DEF,610,15,4.2,3.54,4
Aaron Wan-Bissaka,West Ham,DEF,610,16,4.2,3.17,1
Aaron Wan-Bissaka,West Ham,DEF,610,17,4.2,1.81,0
Aaron Wan-Bissaka,West Ham,DEF,610,18,4.2,1.15,0
Aaron Wan-Bissaka,West Ham,DEF,610,19,4.2,0.72,0
Aaron Wan-Bissaka,West Ham,DEF,610,20,4.2,0.47,0
Aaron Wan-Bissaka,West Ham,DEF,610,21,4.1,0.25,0
Aaron Wan-Bissaka,West Ham,DEF,610,22,4.1,1.97,4
Aaron Wan-Bissaka,West Ham,DEF,610,23,4.1,2.42,2
Aaron Wan-Bissaka,West Ham,DEF,610,24,4.1,2.98,7
Aaron Wan-Bissaka,West Ham,DEF,610,25,4.1,3.94,8
Aaron Wan-Bissaka,West Ham,DEF,610,26,4.1,4.25,2
Aaron Wan-Bissaka,West Ham,DEF,610,27,4.1,4.4,6
Aaron Wan-Bissaka,West Ham,DEF,610,28,4.1,4.03,0
Kaelan Casey,West Ham,DEF,611,15,4.0,0.08,0
Kaelan Casey,West Ham,DEF,611,16,4.0,0.0,0
Kaelan Casey,West Ham,DEF,611,17,4.0,0.0,0
Kaelan Casey,West Ham,DEF,611,18,4.0,0.0,0
Kaelan Casey,West Ham,DEF,611,19,4.0,0.0,0
Kaelan Casey,West Ham,DEF,611,20,4.0,0.0,0
Kaelan Casey,West Ham,DEF,611,21,4.0,0.0,0
Kaelan Casey,West Ham,DEF,611,22,4.0,0.0,0
Kaelan Casey,West Ham,DEF,611,23,4.0,0.0,0
Kaelan Casey,West Ham,DEF,611,24,4.0,0.0,0
Kaelan Casey,West Ham,DEF,611,25,4.0,0.0,0
Kaelan Casey,West Ham,DEF,611,26,4.0,0.0,0
Kaelan Casey,West Ham,DEF,611,27,4.0,0.0,0
Kaelan Casey,West Ham,DEF,611,28,4.0,0.0,0
Lucas Tolentino Coelho de Lima,West Ham,MID,612,15,5.9,2.94,3
Lucas Tolentino Coelho de Lima,West Ham,MID,612,16,5.9,3.12,2
Lucas Tolentino Coelho de Lima,West Ham,MID,612,17,5.9,3.36,2
Lucas Tolentino Coelho de Lima,West Ham,MID,612,18,5.9,3.71,3
Lucas Tolentino Coelho de Lima,West Ham,MID,612,19,5.9,3.92,13
Lucas Tolentino Coelho de Lima,West Ham,MID,612,20,5.9,3.07,0
Lucas Tolentino Coelho de Lima,West Ham,MID,612,21,5.9,4.02,2
Lucas Tolentino Coelho de Lima,West Ham,MID,612,22,5.9,2.34,0
Lucas Tolentino Coelho de Lima,West Ham,MID,612,23,5.9,1.55,0
Lucas Tolentino Coelho de Lima,West Ham,MID,612,24,5.9,1.55,0
Lucas Tolentino Coelho de Lima,West Ham,MID,612,25,5.9,1.05,0
Lucas Tolentino Coelho de Lima,West Ham,MID,612,26,5.9,1.0,0
Lucas Tolentino Coelho de Lima,West Ham,MID,612,27,5.9,1.01,0
Lucas Tolentino Coelho de Lima,West Ham,MID,612,28,5.9,1.07,0
Tomáš Souček,West Ham,MID,613,15,5.7,1.69,1
Tomáš Souček,West Ham,MID,613,16,5.7,1.47,1
Tomáš Souček,West Ham,MID,613,17,5.7,1.29,1
Tomáš Souček,West Ham,MID,613,18,5.7,0.98,1
Tomáš Souček,West Ham,MID,613,19,5.7,1.01,1
Tomáš Souček,West Ham,MID,613,20,5.7,1.08,1
Tomáš Souček,West Ham,MID,613,21,5.7,2.73,6
Tomáš Souček,West Ham,MID,613,22,5.7,3.38,3
Tomáš Souček,West Ham,MID,613,23,5.7,3.84,2
Tomáš Souček,West Ham,MID,613,24,5.7,4.08,2
Tomáš Souček,West Ham,MID,613,25,5.7,3.84,3
Tomáš Souček,West Ham,MID,613,26,5.7,3.81,9
Tomáš Souček,West Ham,MID,613,27,5.7,4.1,2
Tomáš Souček,West Ham,MID,613,28,5.7,4.23,7
James Ward-Prowse,West Ham,MID,614,15,5.6,0.56,0
James Ward-Prowse,West Ham,MID,614,16,5.6,0.47,0
James Ward-Prowse,West Ham,MID,614,17,5.6,0.48,0
James Ward-Prowse,West Ham,MID,614,18,5.6,0.38,0
James Ward-Prowse,West Ham,MID,614,19,5.6,0.4,0
James Ward-Prowse,West Ham,MID,614,20,5.6,0.47,0
James Ward-Prowse,West Ham,MID,614,21,5.6,0.35,0
James Ward-Prowse,West Ham,MID,614,22,5.6,0.41,0
James Ward-Prowse,West Ham,MID,614,23,5.6,0.36,0
James Ward-Prowse,Burnley,MID,614,24,5.6,0.4,0
James Ward-Prowse,Burnley,MID,614,25,5.6,0.32,0
James Ward-Prowse,Burnley,MID,614,26,5.6,0.42,1
James Ward-Prowse,Burnley,MID,614,27,5.6,0.8,4
James Ward-Prowse,Burnley,MID,614,28,5.6,2.47,2
Crysencio Summerville,West Ham,MID,615,15,5.5,2.38,3
Crysencio Summerville,West Ham,MID,615,16,5.5,2.66,2
Crysencio Summerville,West Ham,MID,615,17,5.5,3.01,2
Crysencio Summerville,West Ham,MID,615,18,5.5,1.75,1
Crysencio Summerville,West Ham,MID,615,19,5.5,1.57,1
Crysencio Summerville,West Ham,MID,615,20,5.5,3.07,2
Crysencio Summerville,West Ham,MID,615,21,5.5,2.99,4
Crysencio Summerville,West Ham,MID,615,22,5.5,3.46,10
Crysencio Summerville,West Ham,MID,615,23,5.5,4.28,8
Crysencio Summerville,West Ham,MID,615,24,5.5,4.7,7
Crysencio Summerville,West Ham,MID,615,25,5.5,4.99,11
Crysencio Summerville,West Ham,MID,615,26,5.6,5.03,3
Crysencio Summerville,West Ham,MID,615,27,5.6,4.83,3
Crysencio Summerville,West Ham,MID,615,28,5.7,4.4,1
Edson Álvarez Velázquez,West Ham,MID,616,15,4.9,0.13,0
Edson Álvarez Velázquez,West Ham,MID,616,16,4.9,0.04,0
Edson Álvarez Velázquez,West Ham,MID,616,17,4.9,0.05,0
Edson Álvarez Velázquez,West Ham,MID,616,18,4.9,0.0,0
Edson Álvarez Velázquez,West Ham,MID,616,19,4.9,0.0,0
Edson Álvarez Velázquez,West Ham,MID,616,20,4.9,0.03,0
Edson Álvarez Velázquez,West Ham,MID,616,21,4.9,0.0,0
Edson Álvarez Velázquez,West Ham,MID,616,22,4.9,0.0,0
Edson Álvarez Velázquez,West Ham,MID,616,23,4.9,0.0,0
Edson Álvarez Velázquez,West Ham,MID,616,24,4.9,0.0,0
Edson Álvarez Velázquez,West Ham,MID,616,25,4.9,0.0,0
Edson Álvarez Velázquez,West Ham,MID,616,26,4.9,0.0,0
Edson Álvarez Velázquez,West Ham,MID,616,27,4.9,0.0,0
Edson Álvarez Velázquez,West Ham,MID,616,28,4.9,0.0,0
Maxwel Cornet,West Ham,MID,617,15,4.9,0.13,0
Maxwel Cornet,West Ham,MID,617,16,4.9,0.04,0
Maxwel Cornet,West Ham,MID,617,17,4.9,0.05,0
Maxwel Cornet,West Ham,MID,617,18,4.9,0.0,0
Maxwel Cornet,West Ham,MID,617,19,4.9,0.0,0
Maxwel Cornet,West Ham,MID,617,20,4.9,0.03,0
Maxwel Cornet,West Ham,MID,617,21,4.9,0.0,0
Maxwel Cornet,West Ham,MID,617,22,4.9,0.0,0
Maxwel Cornet,West Ham,MID,617,23,4.9,0.0,0
Maxwel Cornet,West Ham,MID,617,24,4.9,0.0,0
Maxwel Cornet,West Ham,MID,617,25,4.9,0.0,0
Maxwel Cornet,West Ham,MID,617,26,4.9,0.0,0
Maxwel Cornet,West Ham,MID,617,27,4.9,0.0,0
Maxwel Cornet,West Ham,MID,617,28,4.9,0.0,0
Guido Rodríguez,West Ham,MID,618,15,4.8,1.75,2
Guido Rodríguez,West Ham,MID,618,16,4.8,0.44,1
Guido Rodríguez,West Ham,MID,618,17,4.8,0.55,1
Guido Rodríguez,West Ham,MID,618,18,4.8,0.58,0
Guido Rodríguez,West Ham,MID,618,19,4.8,0.21,0
Guido Rodríguez,West Ham,MID,618,20,4.8,0.21,0
Guido Rodríguez,West Ham,MID,618,21,4.8,0.0,0
Guido Rodríguez,West Ham,MID,618,22,4.8,0.05,1
Guido Rodríguez,West Ham,MID,618,23,4.8,0.07,0
Guido Rodríguez,West Ham,MID,618,24,4.8,0.1,0
Guido Rodríguez,West Ham,MID,618,25,4.8,0.07,0
Guido Rodríguez,West Ham,MID,618,26,4.8,0.0,0
Guido Rodríguez,West Ham,MID,618,27,4.8,0.0,0
Guido Rodríguez,West Ham,MID,618,28,4.8,0.04,0
Luis Guilherme Lira dos Santos,West Ham,MID,619,15,4.9,0.5,0
Luis Guilherme Lira dos Santos,West Ham,MID,619,16,4.9,0.23,0
Luis Guilherme Lira dos Santos,West Ham,MID,619,17,4.9,0.14,0
Luis Guilherme Lira dos Santos,West Ham,MID,619,18,4.9,0.03,0
Luis Guilherme Lira dos Santos,West Ham,MID,619,19,4.9,0.03,0
Luis Guilherme Lira dos Santos,West Ham,MID,619,20,4.9,0.1,0
Luis Guilherme Lira dos Santos,West Ham,MID,619,21,4.9,0.0,0
Luis Guilherme Lira dos Santos,West Ham,MID,619,22,4.9,0.04,0
Luis Guilherme Lira dos Santos,West Ham,MID,619,23,4.9,0.0,0
Luis Guilherme Lira dos Santos,West Ham,MID,619,24,4.9,0.02,0
Luis Guilherme Lira dos Santos,West Ham,MID,619,25,4.9,0.0,0
Luis Guilherme Lira dos Santos,West Ham,MID,619,26,4.9,0.0,0
Luis Guilherme Lira dos Santos,West Ham,MID,619,27,4.9,0.0,0
Luis Guilherme Lira dos Santos,West Ham,MID,619,28,4.9,0.05,0
George Earthy,West Ham,MID,620,15,4.5,0.0,0
George Earthy,West Ham,MID,620,16,4.5,0.0,0
George Earthy,West Ham,MID,620,17,4.5,0.0,0
George Earthy,West Ham,MID,620,18,4.5,0.0,1
George Earthy,West Ham,MID,620,19,4.5,0.0,0
George Earthy,West Ham,MID,620,20,4.5,0.0,0
George Earthy,West Ham,MID,620,21,4.5,0.0,0
George Earthy,West Ham,MID,620,22,4.5,0.0,0
George Earthy,West Ham,MID,620,23,4.5,0.0,0
George Earthy,West Ham,MID,620,24,4.5,0.0,0
George Earthy,West Ham,MID,620,25,4.5,0.0,0
George Earthy,West Ham,MID,620,26,4.5,0.0,0
George Earthy,West Ham,MID,620,27,4.5,0.0,0
George Earthy,West Ham,MID,620,28,4.5,0.0,0
Andy Irving,West Ham,MID,621,15,4.4,0.09,0
Andy Irving,West Ham,MID,621,16,4.4,0.01,0
Andy Irving,West Ham,MID,621,17,4.3,0.0,0
Andy Irving,West Ham,MID,621,18,4.3,0.0,0
Andy Irving,West Ham,MID,621,19,4.3,0.0,0
Andy Irving,West Ham,MID,621,20,4.3,0.0,0
Andy Irving,West Ham,MID,621,21,4.3,0.0,0
Andy Irving,West Ham,MID,621,22,4.3,0.0,0
Andy Irving,West Ham,MID,621,23,4.3,0.0,0
Andy Irving,West Ham,MID,621,24,4.3,0.0,0
Andy Irving,West Ham,MID,621,25,4.3,0.0,0
Andy Irving,West Ham,MID,621,26,4.3,0.0,0
Andy Irving,West Ham,MID,621,27,4.3,0.0,0
Andy Irving,West Ham,MID,621,28,4.3,0.0,0
Lewis Orford,West Ham,MID,622,15,4.4,0.0,0
Lewis Orford,West Ham,MID,622,16,4.4,0.0,0
Lewis Orford,West Ham,MID,622,17,4.4,0.0,0
Lewis Orford,West Ham,MID,622,18,4.4,0.0,0
Lewis Orford,West Ham,MID,622,19,4.4,0.0,0
Lewis Orford,West Ham,MID,622,20,4.4,0.0,0
Lewis Orford,West Ham,MID,622,21,4.4,0.0,0
Lewis Orford,West Ham,MID,622,22,4.4,0.0,0
Lewis Orford,West Ham,MID,622,23,4.4,0.0,0
Lewis Orford,West Ham,MID,622,24,4.4,0.0,0
Lewis Orford,West Ham,MID,622,25,4.4,0.0,0
Lewis Orford,West Ham,MID,622,26,4.4,0.0,0
Lewis Orford,West Ham,MID,622,27,4.4,0.0,0
Lewis Orford,West Ham,MID,622,28,4.4,0.0,0
Freddie Potts,West Ham,MID,623,15,4.4,1.33,0
Freddie Potts,West Ham,MID,623,16,4.4,2.68,5
Freddie Potts,West Ham,MID,623,17,4.4,2.93,2
Freddie Potts,West Ham,MID,623,18,4.4,2.85,2
Freddie Potts,West Ham,MID,623,19,4.4,3.11,2
Freddie Potts,West Ham,MID,623,20,4.4,1.4,1
Freddie Potts,West Ham,MID,623,21,4.4,1.11,1
Freddie Potts,West Ham,MID,623,22,4.4,0.84,0
Freddie Potts,West Ham,MID,623,23,4.4,0.41,1
Freddie Potts,West Ham,MID,623,24,4.4,0.36,0
Freddie Potts,West Ham,MID,623,25,4.4,0.22,1
Freddie Potts,West Ham,MID,623,26,4.4,1.97,3
Freddie Potts,West Ham,MID,623,27,4.4,0.69,0
Freddie Potts,West Ham,MID,623,28,4.4,0.75,0
Jarrod Bowen,West Ham,FWD,624,15,7.5,5.28,9
Jarrod Bowen,West Ham,FWD,624,16,7.5,5.49,8
Jarrod Bowen,West Ham,FWD,624,17,7.5,5.53,1
Jarrod Bowen,West Ham,FWD,624,18,7.6,5.41,2
Jarrod Bowen,West Ham,FWD,624,19,7.6,5.21,7
Jarrod Bowen,West Ham,FWD,624,20,7.7,5.48,4
Jarrod Bowen,West Ham,FWD,624,21,7.7,5.37,2
Jarrod Bowen,West Ham,FWD,624,22,7.7,5.34,3
Jarrod Bowen,West Ham,FWD,624,23,7.6,5.38,12
Jarrod Bowen,West Ham,FWD,624,24,7.6,5.86,8
Jarrod Bowen,West Ham,FWD,624,25,7.7,6.14,2
Jarrod Bowen,West Ham,FWD,624,26,7.7,5.87,5
Jarrod Bowen,West Ham,FWD,624,27,7.6,5.73,4
Jarrod Bowen,West Ham,FWD,624,28,7.6,5.87,7
Niclas Füllkrug,West Ham,FWD,625,15,5.6,1.02,0
Niclas Füllkrug,West Ham,FWD,625,16,5.6,0.82,0
Niclas Füllkrug,West Ham,FWD,625,17,5.6,0.76,0
Niclas Füllkrug,West Ham,FWD,625,18,5.6,0.64,0
Niclas Füllkrug,West Ham,FWD,625,19,5.6,0.64,0
Niclas Füllkrug,West Ham,FWD,625,20,5.6,0.71,0
Niclas Füllkrug,West Ham,FWD,625,21,5.6,0.59,0
Niclas Füllkrug,West Ham,FWD,625,22,5.6,0.65,0
Niclas Füllkrug,West Ham,FWD,625,23,5.6,0.6,0
Niclas Füllkrug,West Ham,FWD,625,24,5.6,0.64,0
Niclas Füllkrug,West Ham,FWD,625,25,5.6,0.61,0
Niclas Füllkrug,West Ham,FWD,625,26,5.6,0.56,0
Niclas Füllkrug,West Ham,FWD,625,27,5.6,0.6,0
Niclas Füllkrug,West Ham,FWD,625,28,5.6,0.66,0
Callum Marshall,West Ham,FWD,626,15,4.3,0.13,0
Callum Marshall,West Ham,FWD,626,16,4.3,0.04,0
Callum Marshall,West Ham,FWD,626,17,4.3,0.05,0
Callum Marshall,West Ham,FWD,626,18,4.3,0.0,0
Callum Marshall,West Ham,FWD,626,19,4.3,0.0,0
Callum Marshall,West Ham,FWD,626,20,4.3,0.03,0
Callum Marshall,West Ham,FWD,626,21,4.3,0.0,0
Callum Marshall,West Ham,FWD,626,22,4.3,0.0,0
Callum Marshall,West Ham,FWD,626,23,4.3,0.0,0
Callum Marshall,West Ham,FWD,626,24,4.3,0.0,0
Callum Marshall,West Ham,FWD,626,25,4.3,0.0,0
Callum Marshall,West Ham,FWD,626,26,4.3,0.0,0
Callum Marshall,West Ham,FWD,626,27,4.3,0.0,0
Callum Marshall,West Ham,FWD,626,28,4.3,0.0,0
Sam Johnstone,Wolves,GK,627,15,4.5,2.7,1
Sam Johnstone,Wolves,GK,627,16,4.5,2.76,-1
Sam Johnstone,Wolves,GK,627,17,4.5,0.99,0
Sam Johnstone,Wolves,GK,627,18,4.4,0.65,0
Sam Johnstone,Wolves,GK,627,19,4.4,0.34,0
Sam Johnstone,Wolves,GK,627,20,4.4,0.13,0
Sam Johnstone,Wolves,GK,627,21,4.4,0.17,0
Sam Johnstone,Wolves,GK,627,22,4.4,0.08,0
Sam Johnstone,Wolves,GK,627,23,4.4,0.17,0
Sam Johnstone,Wolves,GK,627,24,4.4,0.12,0
Sam Johnstone,Wolves,GK,627,25,4.4,0.11,0
Sam Johnstone,Wolves,GK,627,26,4.4,0.13,0
Sam Johnstone,Wolves,GK,627,26,4.4,0.06,0
Sam Johnstone,Wolves,GK,627,27,4.4,0.09,0
Sam Johnstone,Wolves,GK,627,28,4.4,0.02,0
José Malheiro de Sá,Wolves,GK,628,15,4.3,0.0,0
José Malheiro de Sá,Wolves,GK,628,16,4.2,0.0,0
José Malheiro de Sá,Wolves,GK,628,17,4.2,1.45,2
José Malheiro de Sá,Wolves,GK,628,18,4.2,1.61,1
José Malheiro de Sá,Wolves,GK,628,19,4.2,2.25,4
José Malheiro de Sá,Wolves,GK,628,20,4.2,2.81,6
José Malheiro de Sá,Wolves,GK,628,21,4.2,2.92,1
José Malheiro de Sá,Wolves,GK,628,22,4.2,3.29,7
José Malheiro de Sá,Wolves,GK,628,23,4.2,3.37,1
José Malheiro de Sá,Wolves,GK,628,24,4.2,3.02,1
José Malheiro de Sá,Wolves,GK,628,25,4.2,3.15,2
José Malheiro de Sá,Wolves,GK,628,26,4.2,3.07,12
José Malheiro de Sá,Wolves,GK,628,26,4.2,3.43,1
José Malheiro de Sá,Wolves,GK,628,27,4.2,3.66,2
José Malheiro de Sá,Wolves,GK,628,28,4.2,3.69,8
Daniel Bentley,Wolves,GK,629,15,4.0,0.0,0
Daniel Bentley,Wolves,GK,629,16,4.0,0.0,0
Daniel Bentley,Wolves,GK,629,17,4.0,0.0,0
Daniel Bentley,Wolves,GK,629,18,3.9,0.0,0
Daniel Bentley,Wolves,GK,629,19,3.9,0.0,0
Daniel Bentley,Wolves,GK,629,20,3.9,0.0,0
Daniel Bentley,Wolves,GK,629,21,3.9,0.0,0
Daniel Bentley,Wolves,GK,629,22,3.9,0.0,0
Daniel Bentley,Wolves,GK,629,23,3.9,0.0,0
Daniel Bentley,Wolves,GK,629,24,3.9,0.0,0
Daniel Bentley,Wolves,GK,629,25,3.9,0.0,0
Daniel Bentley,Wolves,GK,629,26,3.9,0.0,0
Daniel Bentley,Wolves,GK,629,26,3.9,0.0,0
Daniel Bentley,Wolves,GK,629,27,3.9,0.0,0
Daniel Bentley,Wolves,GK,629,28,3.9,0.0,0
Tom King,Everton,GK,630,15,3.9,0.0,0
Tom King,Everton,GK,630,16,3.9,0.0,0
Tom King,Everton,GK,630,17,3.9,0.0,0
Tom King,Everton,GK,630,18,3.9,0.0,0
Tom King,Everton,GK,630,19,3.9,0.0,0
Tom King,Everton,GK,630,20,3.9,0.0,0
Tom King,Everton,GK,630,21,3.9,0.0,0
Tom King,Everton,GK,630,22,3.9,0.0,0
Tom King,Everton,GK,630,23,3.9,0.0,0
Tom King,Everton,GK,630,24,3.9,0.0,0
Tom King,Everton,GK,630,25,3.9,0.0,0
Tom King,Everton,GK,630,26,3.9,0.0,0
Tom King,Everton,GK,630,27,3.9,0.0,0
Tom King,Everton,GK,630,28,3.9,0.0,0
Emmanuel Agbadou,Wolves,DEF,631,15,4.3,3.12,2
Emmanuel Agbadou,Wolves,DEF,631,16,4.3,2.92,0
Emmanuel Agbadou,Wolves,DEF,631,17,4.3,1.4,0
Emmanuel Agbadou,Wolves,DEF,631,18,4.3,1.07,0
Emmanuel Agbadou,Wolves,DEF,631,19,4.3,0.73,0
Emmanuel Agbadou,Wolves,DEF,631,20,4.3,0.33,0
Emmanuel Agbadou,Wolves,DEF,631,21,4.2,0.29,0
Emmanuel Agbadou,Wolves,DEF,631,22,4.2,0.22,0
Emmanuel Agbadou,Wolves,DEF,631,23,4.2,0.31,0
Emmanuel Agbadou,Wolves,DEF,631,24,4.2,1.91,3
Emmanuel Agbadou,Wolves,DEF,631,25,4.2,0.71,0
Emmanuel Agbadou,Wolves,DEF,631,26,4.2,0.72,0
Emmanuel Agbadou,Wolves,DEF,631,26,4.2,0.64,0
Emmanuel Agbadou,Wolves,DEF,631,27,4.2,0.32,0
Emmanuel Agbadou,Wolves,DEF,631,28,4.2,0.25,0
Matt Doherty,Wolves,DEF,632,15,4.4,0.13,0
Matt Doherty,Wolves,DEF,632,16,4.4,1.86,5
Matt Doherty,Wolves,DEF,632,17,4.4,2.1,1
Matt Doherty,Wolves,DEF,632,18,4.4,2.49,1
Matt Doherty,Wolves,DEF,632,19,4.4,3.03,2
Matt Doherty,Wolves,DEF,632,20,4.4,1.23,0
Matt Doherty,Wolves,DEF,632,21,4.4,0.96,0
Matt Doherty,Wolves,DEF,632,22,4.4,0.57,0
Matt Doherty,Wolves,DEF,632,23,4.4,0.33,0
Matt Doherty,Wolves,DEF,632,24,4.4,0.27,0
Matt Doherty,Wolves,DEF,632,25,4.4,0.22,0
Matt Doherty,Wolves,DEF,632,26,4.4,0.36,0
Matt Doherty,Wolves,DEF,632,26,4.4,0.29,0
Matt Doherty,Wolves,DEF,632,27,4.4,0.32,0
Matt Doherty,Wolves,DEF,632,28,4.4,0.13,0
Hugo Bueno López,Wolves,DEF,633,15,4.4,0.6,1
Hugo Bueno López,Wolves,DEF,633,16,4.4,0.72,0
Hugo Bueno López,Wolves,DEF,633,17,4.3,0.47,0
Hugo Bueno López,Wolves,DEF,633,18,4.3,1.88,1
Hugo Bueno López,Wolves,DEF,633,19,4.3,2.34,5
Hugo Bueno López,Wolves,DEF,633,20,4.3,3.09,11
Hugo Bueno López,Wolves,DEF,633,21,4.3,4.31,2
Hugo Bueno López,Wolves,DEF,633,22,4.3,4.38,6
Hugo Bueno López,Wolves,DEF,633,23,4.3,4.34,1
Hugo Bueno López,Wolves,DEF,633,24,4.3,4.0,2
Hugo Bueno López,Wolves,DEF,633,25,4.3,3.63,1
Hugo Bueno López,Wolves,DEF,633,26,4.3,1.96,1
Hugo Bueno López,Wolves,DEF,633,26,4.3,3.5,7
Hugo Bueno López,Wolves,DEF,633,27,4.3,3.52,4
Hugo Bueno López,Wolves,DEF,633,28,4.3,3.78,6
Yerson Mosquera Valdelamar,Wolves,DEF,634,15,4.3,2.12,-1
Yerson Mosquera Valdelamar,Wolves,DEF,634,16,4.3,2.42,0
Yerson Mosquera Valdelamar,Wolves,DEF,634,17,4.3,0.97,0
Yerson Mosquera Valdelamar,Wolves,DEF,634,18,4.3,2.34,3
Yerson Mosquera Valdelamar,Wolves,DEF,634,19,4.3,2.53,4
Yerson Mosquera Valdelamar,Wolves,DEF,634,20,4.3,2.79,6
Yerson Mosquera Valdelamar,Wolves,DEF,634,21,4.3,3.62,3
Yerson Mosquera Valdelamar,Wolves,DEF,634,22,4.3,3.78,8
Yerson Mosquera Valdelamar,Wolves,DEF,634,23,4.3,4.04,0
Yerson Mosquera Valdelamar,Wolves,DEF,634,24,4.3,3.69,0
Yerson Mosquera Valdelamar,Wolves,DEF,634,25,4.3,3.33,1
Yerson Mosquera Valdelamar,Wolves,DEF,634,26,4.3,3.27,6
Yerson Mosquera Valdelamar,Wolves,DEF,634,26,4.3,3.48,3
Yerson Mosquera Valdelamar,Wolves,DEF,634,27,4.3,3.55,4
Yerson Mosquera Valdelamar,Wolves,DEF,634,28,4.3,3.88,9
Rodrigo Martins Gomes,Wolves,DEF,635,15,4.4,0.26,0
Rodrigo Martins Gomes,Wolves,DEF,635,16,4.4,0.32,0
Rodrigo Martins Gomes,Wolves,DEF,635,17,4.4,0.24,0
Rodrigo Martins Gomes,Wolves,DEF,635,18,4.4,0.3,0
Rodrigo Martins Gomes,Wolves,DEF,635,19,4.4,0.31,0
Rodrigo Martins Gomes,Wolves,DEF,635,20,4.4,0.25,0
Rodrigo Martins Gomes,Wolves,DEF,635,21,4.4,0.3,0
Rodrigo Martins Gomes,Wolves,DEF,635,22,4.4,0.23,1
Rodrigo Martins Gomes,Wolves,DEF,635,23,4.4,0.41,1
Rodrigo Martins Gomes,Wolves,DEF,635,24,4.4,2.19,2
Rodrigo Martins Gomes,Wolves,DEF,635,25,4.4,0.92,1
Rodrigo Martins Gomes,Wolves,DEF,635,26,4.4,1.07,1
Rodrigo Martins Gomes,Wolves,DEF,635,26,4.4,1.06,1
Rodrigo Martins Gomes,Wolves,DEF,635,27,4.4,0.91,0
Rodrigo Martins Gomes,Wolves,DEF,635,28,4.4,0.99,7
Santiago Ignacio Bueno,Wolves,DEF,636,15,4.4,0.46,0
Santiago Ignacio Bueno,Wolves,DEF,636,16,4.4,0.52,0
Santiago Ignacio Bueno,Wolves,DEF,636,17,4.4,2.04,3
Santiago Ignacio Bueno,Wolves,DEF,636,18,4.4,2.62,7
Santiago Ignacio Bueno,Wolves,DEF,636,19,4.4,1.54,0
Santiago Ignacio Bueno,Wolves,DEF,636,20,4.4,3.16,6
Santiago Ignacio Bueno,Wolves,DEF,636,21,4.4,3.57,2
Santiago Ignacio Bueno,Wolves,DEF,636,22,4.4,3.42,6
Santiago Ignacio Bueno,Wolves,DEF,636,23,4.4,3.97,1
Santiago Ignacio Bueno,Wolves,DEF,636,24,4.4,3.82,2
Santiago Ignacio Bueno,Wolves,DEF,636,25,4.4,3.54,1
Santiago Ignacio Bueno,Wolves,DEF,636,26,4.4,3.63,6
Santiago Ignacio Bueno,Wolves,DEF,636,26,4.4,3.92,3
Santiago Ignacio Bueno,Wolves,DEF,636,27,4.4,4.07,2
Santiago Ignacio Bueno,Wolves,DEF,636,28,4.4,4.16,6
Toti Gomes,Wolves,DEF,637,15,4.3,3.0,1
Toti Gomes,Wolves,DEF,637,16,4.3,3.18,4
Toti Gomes,Wolves,DEF,637,17,4.3,1.52,0
Toti Gomes,Wolves,DEF,637,18,4.2,1.11,0
Toti Gomes,Wolves,DEF,637,19,4.2,0.81,0
Toti Gomes,Wolves,DEF,637,20,4.2,0.34,0
Toti Gomes,Wolves,DEF,637,21,4.2,0.38,0
Toti Gomes,Wolves,DEF,637,22,4.2,0.22,0
Toti Gomes,Wolves,DEF,637,23,4.2,0.31,0
Toti Gomes,Wolves,DEF,637,24,4.2,0.26,0
Toti Gomes,Wolves,DEF,637,25,4.2,0.25,0
Toti Gomes,Wolves,DEF,637,26,4.2,0.27,0
Toti Gomes,Wolves,DEF,637,26,4.2,0.19,0
Toti Gomes,Wolves,DEF,637,27,4.2,0.23,0
Toti Gomes,Wolves,DEF,637,28,4.2,1.87,8
Ki-Jana Hoever,Wolves,DEF,638,15,3.9,1.4,0
Ki-Jana Hoever,Wolves,DEF,638,16,3.8,0.3,0
Ki-Jana Hoever,Wolves,DEF,638,17,3.8,1.93,4
Ki-Jana Hoever,Wolves,DEF,638,18,3.8,0.74,0
Ki-Jana Hoever,Wolves,DEF,638,19,3.8,0.5,0
Ki-Jana Hoever,Wolves,DEF,638,20,3.8,0.42,0
Ki-Jana Hoever,Wolves,DEF,638,21,3.8,0.09,0
Ki-Jana Hoever,Wolves,DEF,638,22,3.8,0.01,0
Ki-Jana Hoever,Wolves,DEF,638,23,3.8,0.01,0
Ki-Jana Hoever,Wolves,DEF,638,24,3.8,0.0,0
Ki-Jana Hoever,Wolves,DEF,638,25,3.8,0.0,0
Ki-Jana Hoever,Wolves,DEF,638,26,3.8,0.0,0
Ki-Jana Hoever,Wolves,DEF,638,26,3.8,0.0,0
Ki-Jana Hoever,Wolves,DEF,638,27,3.8,0.0,0
Ki-Jana Hoever,Wolves,DEF,638,28,3.8,0.0,0
Bastien Meupiyou Menadjou,Wolves,DEF,639,15,4.0,0.0,0
Bastien Meupiyou Menadjou,Wolves,DEF,639,16,4.0,0.0,0
Bastien Meupiyou Menadjou,Wolves,DEF,639,17,4.0,0.0,0
Bastien Meupiyou Menadjou,Wolves,DEF,639,18,4.0,0.0,0
Bastien Meupiyou Menadjou,Wolves,DEF,639,19,4.0,0.0,0
Bastien Meupiyou Menadjou,Wolves,DEF,639,20,4.0,0.0,0
Bastien Meupiyou Menadjou,Wolves,DEF,639,21,4.0,0.0,0
Bastien Meupiyou Menadjou,Wolves,DEF,639,22,4.0,0.0,0
Bastien Meupiyou Menadjou,Wolves,DEF,639,23,4.0,0.0,0
Bastien Meupiyou Menadjou,Wolves,DEF,639,24,4.0,0.0,0
Bastien Meupiyou Menadjou,Wolves,DEF,639,25,4.0,0.0,0
Bastien Meupiyou Menadjou,Wolves,DEF,639,26,4.0,0.0,0
Bastien Meupiyou Menadjou,Wolves,DEF,639,26,4.0,0.0,0
Bastien Meupiyou Menadjou,Wolves,DEF,639,27,4.0,0.0,0
Bastien Meupiyou Menadjou,Wolves,DEF,639,28,4.0,0.0,0
Pedro Cardoso de Lima,Wolves,DEF,640,15,4.0,0.0,0
Pedro Cardoso de Lima,Wolves,DEF,640,16,4.0,0.0,0
Pedro Cardoso de Lima,Wolves,DEF,640,17,4.0,0.0,0
Pedro Cardoso de Lima,Wolves,DEF,640,18,4.0,0.0,0
Pedro Cardoso de Lima,Wolves,DEF,640,19,4.0,0.0,0
Pedro Cardoso de Lima,Wolves,DEF,640,20,4.0,0.0,0
Pedro Cardoso de Lima,Wolves,DEF,640,21,4.0,0.0,1
Pedro Cardoso de Lima,Wolves,DEF,640,22,4.0,0.0,0
Pedro Cardoso de Lima,Wolves,DEF,640,23,4.0,0.04,0
Pedro Cardoso de Lima,Wolves,DEF,640,24,4.0,0.01,1
Pedro Cardoso de Lima,Wolves,DEF,640,25,4.0,0.03,1
Pedro Cardoso de Lima,Wolves,DEF,640,26,4.0,0.13,0
Pedro Cardoso de Lima,Wolves,DEF,640,26,4.0,0.04,0
Pedro Cardoso de Lima,Wolves,DEF,640,27,4.0,0.01,0
Pedro Cardoso de Lima,Wolves,DEF,640,28,4.0,0.0,0
Alfie Pond,Wolves,DEF,641,15,3.9,0.0,0
Alfie Pond,Wolves,DEF,641,16,3.9,0.0,0
Alfie Pond,Wolves,DEF,641,17,3.9,0.0,0
Alfie Pond,Wolves,DEF,641,18,3.9,0.0,0
Alfie Pond,Wolves,DEF,641,19,3.9,0.0,0
Alfie Pond,Wolves,DEF,641,20,3.9,0.0,0
Alfie Pond,Wolves,DEF,641,21,3.9,0.0,0
Alfie Pond,Wolves,DEF,641,22,3.9,0.0,0
Alfie Pond,Wolves,DEF,641,23,3.9,0.0,0
Alfie Pond,Wolves,DEF,641,24,3.9,0.0,0
Alfie Pond,Wolves,DEF,641,25,3.9,0.0,0
Alfie Pond,Wolves,DEF,641,26,3.9,0.0,0
Alfie Pond,Wolves,DEF,641,26,3.9,0.0,0
Alfie Pond,Wolves,DEF,641,27,3.9,0.0,0
Alfie Pond,Wolves,DEF,641,28,3.9,0.0,0
Hwang Hee-chan,Wolves,MID,642,15,5.7,0.8,0
Hwang Hee-chan,Wolves,MID,642,16,5.6,2.04,1
Hwang Hee-chan,Wolves,MID,642,17,5.6,2.33,1
Hwang Hee-chan,Wolves,MID,642,18,5.6,2.92,2
Hwang Hee-chan,Wolves,MID,642,19,5.6,3.26,2
Hwang Hee-chan,Wolves,MID,642,20,5.6,3.4,11
Hwang Hee-chan,Wolves,MID,642,21,5.6,3.57,1
Hwang Hee-chan,Wolves,MID,642,22,5.6,3.8,3
Hwang Hee-chan,Wolves,MID,642,23,5.6,4.02,2
Hwang Hee-chan,Wolves,MID,642,24,5.6,3.77,2
Hwang Hee-chan,Wolves,MID,642,25,5.6,2.03,1
Hwang Hee-chan,Wolves,MID,642,26,5.6,1.66,0
Hwang Hee-chan,Wolves,MID,642,26,5.6,1.24,0
Hwang Hee-chan,Wolves,MID,642,27,5.6,0.9,0
Hwang Hee-chan,Wolves,MID,642,28,5.6,0.65,0
André Trindade da Costa Neto,Wolves,MID,643,15,5.3,3.63,2
André Trindade da Costa Neto,Wolves,MID,643,16,5.3,3.64,4
André Trindade da Costa Neto,Wolves,MID,643,17,5.3,3.58,2
André Trindade da Costa Neto,Wolves,MID,643,18,5.3,3.62,3
André Trindade da Costa Neto,Wolves,MID,643,19,5.3,2.17,0
André Trindade da Costa Neto,Wolves,MID,643,20,5.3,1.61,1
André Trindade da Costa Neto,Wolves,MID,643,21,5.3,1.49,1
André Trindade da Costa Neto,Wolves,MID,643,22,5.3,2.66,2
André Trindade da Costa Neto,Wolves,MID,643,23,5.3,2.95,1
André Trindade da Costa Neto,Wolves,MID,643,24,5.3,3.38,3
André Trindade da Costa Neto,Wolves,MID,643,25,5.3,2.08,0
André Trindade da Costa Neto,Wolves,MID,643,26,5.3,1.63,0
André Trindade da Costa Neto,Wolves,MID,643,26,5.3,2.78,2
André Trindade da Costa Neto,Wolves,MID,643,27,5.2,2.68,3
André Trindade da Costa Neto,Wolves,MID,643,28,5.2,3.21,5
Jean-Ricner Bellegarde,Wolves,MID,644,15,5.2,1.57,6
Jean-Ricner Bellegarde,Wolves,MID,644,16,5.2,1.57,0
Jean-Ricner Bellegarde,Wolves,MID,644,17,5.2,1.12,0
Jean-Ricner Bellegarde,Wolves,MID,644,18,5.2,0.79,0
Jean-Ricner Bellegarde,Wolves,MID,644,19,5.2,0.56,0
Jean-Ricner Bellegarde,Wolves,MID,644,20,5.2,0.46,0
Jean-Ricner Bellegarde,Wolves,MID,644,21,5.2,0.41,0
Jean-Ricner Bellegarde,Wolves,MID,644,22,5.1,0.28,0
Jean-Ricner Bellegarde,Wolves,MID,644,23,5.1,0.37,0
Jean-Ricner Bellegarde,Wolves,MID,644,24,5.1,0.34,1
Jean-Ricner Bellegarde,Wolves,MID,644,25,5.1,0.45,1
Jean-Ricner Bellegarde,Wolves,MID,644,26,5.1,0.64,0
Jean-Ricner Bellegarde,Wolves,MID,644,26,5.1,2.03,1
Jean-Ricner Bellegarde,Wolves,MID,644,27,5.1,2.58,3
Jean-Ricner Bellegarde,Wolves,MID,644,28,5.1,2.87,2
Fer López González,Wolves,MID,645,15,5.2,0.19,1
Fer López González,Wolves,MID,645,16,5.2,0.42,1
Fer López González,Wolves,MID,645,17,5.2,2.08,2
Fer López González,Wolves,MID,645,18,5.2,0.85,0
Fer López González,Wolves,MID,645,19,5.2,0.69,1
Fer López González,Wolves,MID,645,20,5.2,0.63,0
Fer López González,Wolves,MID,645,21,5.2,0.39,0
Fer López González,Wolves,MID,645,22,5.2,0.29,0
Fer López González,Wolves,MID,645,23,5.1,0.25,0
Fer López González,Wolves,MID,645,24,5.1,0.21,0
Fer López González,Wolves,MID,645,25,5.1,0.17,0
Fer López González,Wolves,MID,645,26,5.1,0.19,0
Fer López González,Wolves,MID,645,26,5.1,0.11,0
Fer López González,Wolves,MID,645,27,5.1,0.15,0
Fer López González,Wolves,MID,645,28,5.1,0.08,0
João Victor Gomes da Silva,Wolves,MID,646,15,5.3,1.96,0
João Victor Gomes da Silva,Wolves,MID,646,16,5.3,3.14,5
João Victor Gomes da Silva,Wolves,MID,646,17,5.3,2.9,1
João Victor Gomes da Silva,Wolves,MID,646,18,5.3,3.25,4
João Victor Gomes da Silva,Wolves,MID,646,19,5.3,3.81,4
João Victor Gomes da Silva,Wolves,MID,646,20,5.3,2.2,1
João Victor Gomes da Silva,Wolves,MID,646,21,5.3,3.65,4
João Victor Gomes da Silva,Wolves,MID,646,22,5.3,3.58,3
João Victor Gomes da Silva,Wolves,MID,646,23,5.3,3.64,3
João Victor Gomes da Silva,Wolves,MID,646,24,5.3,4.0,3
João Victor Gomes da Silva,Wolves,MID,646,25,5.3,4.07,2
João Victor Gomes da Silva,Wolves,MID,646,26,5.3,4.22,5
João Victor Gomes da Silva,Wolves,MID,646,26,5.3,2.56,0
João Victor Gomes da Silva,Wolves,MID,646,27,5.3,1.82,1
João Victor Gomes da Silva,Wolves,MID,646,28,5.3,3.21,14
Gonçalo Manuel Ganchinho Guedes,Wolves,MID,647,15,5.5,0.25,0
Gonçalo Manuel Ganchinho Guedes,Wolves,MID,647,16,5.5,0.3,0
Gonçalo Manuel Ganchinho Guedes,Wolves,MID,647,17,5.5,0.22,0
Gonçalo Manuel Ganchinho Guedes,Wolves,MID,647,18,5.5,0.29,0
Gonçalo Manuel Ganchinho Guedes,Wolves,MID,647,19,5.5,0.29,0
Gonçalo Manuel Ganchinho Guedes,Wolves,MID,647,20,5.5,0.23,0
Gonçalo Manuel Ganchinho Guedes,Wolves,MID,647,21,5.5,0.28,0
Gonçalo Manuel Ganchinho Guedes,Wolves,MID,647,22,5.5,0.2,0
Gonçalo Manuel Ganchinho Guedes,Wolves,MID,647,23,5.5,0.29,0
Gonçalo Manuel Ganchinho Guedes,Wolves,MID,647,24,5.5,0.24,0
Gonçalo Manuel Ganchinho Guedes,Wolves,MID,647,25,5.5,0.23,0
Gonçalo Manuel Ganchinho Guedes,Wolves,MID,647,26,5.5,0.25,0
Gonçalo Manuel Ganchinho Guedes,Wolves,MID,647,26,5.5,0.17,0
Gonçalo Manuel Ganchinho Guedes,Wolves,MID,647,27,5.5,0.21,0
Gonçalo Manuel Ganchinho Guedes,Wolves,MID,647,28,5.5,0.14,0
Marshall Munetsi,Wolves,MID,648,15,5.4,1.03,0
Marshall Munetsi,Wolves,MID,648,16,5.4,0.74,0
Marshall Munetsi,Wolves,MID,648,17,5.4,0.66,0
Marshall Munetsi,Wolves,MID,648,18,5.3,0.59,0
Marshall Munetsi,Wolves,MID,648,19,5.3,0.6,0
Marshall Munetsi,Wolves,MID,648,20,5.3,0.53,0
Marshall Munetsi,Wolves,MID,648,21,5.3,0.58,0
Marshall Munetsi,Wolves,MID,648,22,5.3,0.49,0
Marshall Munetsi,Wolves,MID,648,23,5.3,0.58,0
Marshall Munetsi,Wolves,MID,648,24,5.3,0.53,0
Marshall Munetsi,Wolves,MID,648,25,5.3,0.52,0
Marshall Munetsi,Wolves,MID,648,26,5.3,0.54,0
Marshall Munetsi,Wolves,MID,648,26,5.3,0.46,0
Marshall Munetsi,Wolves,MID,648,27,5.3,0.5,0
Marshall Munetsi,Wolves,MID,648,28,5.3,0.43,0
Boubacar Traoré,Wolves,MID,649,15,5.0,0.02,0
Boubacar Traoré,Wolves,MID,649,16,5.0,0.08,0
Boubacar Traoré,Wolves,MID,649,17,5.0,0.0,0
Boubacar Traoré,Wolves,MID,649,18,5.0,0.06,0
Boubacar Traoré,Wolves,MID,649,19,5.0,0.07,0
Boubacar Traoré,Wolves,MID,649,20,5.0,0.0,0
Boubacar Traoré,Wolves,MID,649,21,5.0,0.06,0
Boubacar Traoré,Wolves,MID,649,22,5.0,0.0,0
Boubacar Traoré,Wolves,MID,649,23,5.0,0.06,0
Boubacar Traoré,Wolves,MID,649,24,5.0,0.01,0
Boubacar Traoré,Wolves,MID,649,25,5.0,0.0,0
Boubacar Traoré,Wolves,MID,649,26,5.0,0.02,0
Boubacar Traoré,Wolves,MID,649,26,5.0,0.0,0
Boubacar Traoré,Wolves,MID,649,27,5.0,0.0,0
Boubacar Traoré,Wolves,MID,649,28,5.0,0.0,0
Tawanda Chirewa,Wolves,MID,650,15,4.3,0.0,0
Tawanda Chirewa,Wolves,MID,650,16,4.3,0.0,0
Tawanda Chirewa,Wolves,MID,650,17,4.3,0.0,0
Tawanda Chirewa,Wolves,MID,650,18,4.3,0.0,0
Tawanda Chirewa,Wolves,MID,650,19,4.3,0.0,0
Tawanda Chirewa,Wolves,MID,650,20,4.3,0.0,1
Tawanda Chirewa,Wolves,MID,650,21,4.3,0.0,0
Tawanda Chirewa,Wolves,MID,650,22,4.3,0.0,0
Tawanda Chirewa,Wolves,MID,650,23,4.3,0.0,0
Tawanda Chirewa,Wolves,MID,650,24,4.3,0.0,0
Tawanda Chirewa,Wolves,MID,650,25,4.3,0.0,0
Tawanda Chirewa,Wolves,MID,650,26,4.3,0.0,0
Tawanda Chirewa,Wolves,MID,650,26,4.3,0.0,0
Tawanda Chirewa,Wolves,MID,650,27,4.3,0.0,0
Tawanda Chirewa,Wolves,MID,650,28,4.3,0.0,0
Tom Edozie,Wolves,MID,651,15,4.3,0.0,0
Tom Edozie,Wolves,MID,651,16,4.3,0.0,0
Tom Edozie,Wolves,MID,651,17,4.3,0.0,0
Tom Edozie,Wolves,MID,651,18,4.3,0.0,0
Tom Edozie,Wolves,MID,651,19,4.3,0.0,0
Tom Edozie,Wolves,MID,651,20,4.3,0.0,0
Tom Edozie,Wolves,MID,651,21,4.3,0.0,0
Tom Edozie,Wolves,MID,651,22,4.3,0.0,0
Tom Edozie,Wolves,MID,651,23,4.3,0.0,0
Tom Edozie,Wolves,MID,651,24,4.3,0.0,0
Tom Edozie,Wolves,MID,651,25,4.3,0.0,0
Tom Edozie,Wolves,MID,651,26,4.3,0.0,0
Tom Edozie,Wolves,MID,651,26,4.3,0.0,6
Tom Edozie,Wolves,MID,651,27,4.3,0.0,0
Tom Edozie,Wolves,MID,651,28,4.3,0.0,0
Enso González Medina,Wolves,MID,652,15,4.3,0.0,0
Enso González Medina,Wolves,MID,652,16,4.3,0.0,0
Enso González Medina,Wolves,MID,652,17,4.3,0.0,0
Enso González Medina,Wolves,MID,652,18,4.3,0.0,0
Enso González Medina,Wolves,MID,652,19,4.3,0.0,0
Enso González Medina,Wolves,MID,652,20,4.3,0.0,0
Enso González Medina,Wolves,MID,652,21,4.3,0.0,0
Enso González Medina,Wolves,MID,652,22,4.3,0.0,0
Enso González Medina,Wolves,MID,652,23,4.3,0.0,0
Enso González Medina,Wolves,MID,652,24,4.3,0.0,0
Enso González Medina,Wolves,MID,652,25,4.3,0.0,0
Enso González Medina,Wolves,MID,652,26,4.3,0.0,0
Enso González Medina,Wolves,MID,652,26,4.3,0.0,0
Enso González Medina,Wolves,MID,652,27,4.3,0.0,0
Enso González Medina,Wolves,MID,652,28,4.3,0.0,0
Joe Hodge,Wolves,MID,653,15,4.5,0.0,0
Joe Hodge,Wolves,MID,653,16,4.5,0.0,0
Joe Hodge,Wolves,MID,653,17,4.5,0.0,0
Joe Hodge,Wolves,MID,653,18,4.5,0.0,0
Joe Hodge,Wolves,MID,653,19,4.5,0.0,0
Joe Hodge,Wolves,MID,653,20,4.5,0.0,0
Joe Hodge,Wolves,MID,653,21,4.5,0.0,0
Joe Hodge,Wolves,MID,653,22,4.5,0.0,0
Joe Hodge,Wolves,MID,653,23,4.5,0.0,0
Joe Hodge,Wolves,MID,653,24,4.5,0.0,0
Joe Hodge,Wolves,MID,653,25,4.5,0.0,0
Joe Hodge,Wolves,MID,653,26,4.5,0.0,0
Joe Hodge,Wolves,MID,653,26,4.5,0.0,0
Joe Hodge,Wolves,MID,653,27,4.5,0.0,0
Joe Hodge,Wolves,MID,653,28,4.5,0.0,0
Jørgen Strand Larsen,Wolves,FWD,654,15,6.2,3.59,1
Jørgen Strand Larsen,Wolves,FWD,654,16,6.2,3.88,2
Jørgen Strand Larsen,Wolves,FWD,654,17,6.2,3.48,0
Jørgen Strand Larsen,Wolves,FWD,654,18,6.1,1.98,1
Jørgen Strand Larsen,Wolves,FWD,654,19,6.1,1.79,0
Jørgen Strand Larsen,Wolves,FWD,654,20,6.1,1.59,1
Jørgen Strand Larsen,Wolves,FWD,654,21,6.1,1.87,4
Jørgen Strand Larsen,Wolves,FWD,654,22,6.1,1.74,1
Jørgen Strand Larsen,Wolves,FWD,654,23,6.1,1.83,1
Jørgen Strand Larsen,Wolves,FWD,654,24,6.1,1.84,1
Jørgen Strand Larsen,Crystal Palace,FWD,654,25,6.1,3.05,1
Jørgen Strand Larsen,Crystal Palace,FWD,654,26,6.1,3.68,13
Jørgen Strand Larsen,Crystal Palace,FWD,654,27,6.2,4.21,2
Jørgen Strand Larsen,Crystal Palace,FWD,654,28,6.2,2.75,1
Fábio Soares Silva,Wolves,FWD,655,15,4.9,0.21,0
Fábio Soares Silva,Wolves,FWD,655,16,4.9,0.27,0
Fábio Soares Silva,Wolves,FWD,655,17,4.9,0.19,0
Fábio Soares Silva,Wolves,FWD,655,18,4.9,0.25,0
Fábio Soares Silva,Wolves,FWD,655,19,4.9,0.26,0
Fábio Soares Silva,Wolves,FWD,655,20,4.9,0.2,0
Fábio Soares Silva,Wolves,FWD,655,21,4.9,0.25,0
Fábio Soares Silva,Wolves,FWD,655,22,4.9,0.17,0
Fábio Soares Silva,Wolves,FWD,655,23,4.9,0.25,0
Fábio Soares Silva,Wolves,FWD,655,24,4.9,0.21,0
Fábio Soares Silva,Wolves,FWD,655,25,4.9,0.19,0
Fábio Soares Silva,Wolves,FWD,655,26,4.9,0.21,0
Fábio Soares Silva,Wolves,FWD,655,26,4.9,0.14,0
Fábio Soares Silva,Wolves,FWD,655,27,4.9,0.18,0
Fábio Soares Silva,Wolves,FWD,655,28,4.9,0.1,0
Saša Kalajdžić,Wolves,FWD,656,15,4.9,0.22,0
Saša Kalajdžić,Wolves,FWD,656,16,4.9,0.28,0
Saša Kalajdžić,Wolves,FWD,656,17,4.9,0.2,0
Saša Kalajdžić,Wolves,FWD,656,18,4.9,0.27,0
Saša Kalajdžić,Wolves,FWD,656,19,4.9,0.27,0
Saša Kalajdžić,Wolves,FWD,656,20,4.9,0.21,0
Saša Kalajdžić,Wolves,FWD,656,21,4.9,0.26,0
Saša Kalajdžić,Wolves,FWD,656,22,4.9,0.18,0
Saša Kalajdžić,Wolves,FWD,656,23,4.9,0.26,0
Saša Kalajdžić,Wolves,FWD,656,24,4.9,0.22,0
Saša Kalajdžić,Wolves,FWD,656,25,4.9,0.21,0
Saša Kalajdžić,Wolves,FWD,656,26,4.9,0.22,0
Saša Kalajdžić,Wolves,FWD,656,26,4.9,0.15,0
Saša Kalajdžić,Wolves,FWD,656,27,4.9,0.19,0
Saša Kalajdžić,Wolves,FWD,656,28,4.9,0.11,0
Leon Chiwome,Wolves,FWD,657,15,4.4,0.0,0
Leon Chiwome,Wolves,FWD,657,16,4.4,0.07,0
Leon Chiwome,Wolves,FWD,657,17,4.4,0.0,0
Leon Chiwome,Wolves,FWD,657,18,4.4,0.03,0
Leon Chiwome,Wolves,FWD,657,19,4.4,0.04,0
Leon Chiwome,Wolves,FWD,657,20,4.4,0.0,0
Leon Chiwome,Wolves,FWD,657,21,4.4,0.03,0
Leon Chiwome,Wolves,FWD,657,22,4.4,0.0,0
Leon Chiwome,Wolves,FWD,657,23,4.4,0.04,0
Leon Chiwome,Wolves,FWD,657,24,4.4,0.0,0
Leon Chiwome,Wolves,FWD,657,25,4.4,0.0,0
Leon Chiwome,Wolves,FWD,657,26,4.4,0.0,0
Leon Chiwome,Wolves,FWD,657,26,4.4,0.0,0
Leon Chiwome,Wolves,FWD,657,27,4.4,0.0,0
Leon Chiwome,Wolves,FWD,657,28,4.4,0.0,0
Nathan Fraser,Wolves,FWD,658,15,4.3,0.0,0
Nathan Fraser,Wolves,FWD,658,16,4.3,0.01,0
Nathan Fraser,Wolves,FWD,658,17,4.3,0.0,0
Nathan Fraser,Wolves,FWD,658,18,4.3,0.0,0
Nathan Fraser,Wolves,FWD,658,19,4.3,0.0,0
Nathan Fraser,Wolves,FWD,658,20,4.3,0.0,0
Nathan Fraser,Wolves,FWD,658,21,4.3,0.0,0
Nathan Fraser,Wolves,FWD,658,22,4.2,0.0,0
Nathan Fraser,Wolves,FWD,658,23,4.2,0.0,0
Nathan Fraser,Wolves,FWD,658,24,4.2,0.0,0
Nathan Fraser,Wolves,FWD,658,25,4.2,0.0,0
Nathan Fraser,Wolves,FWD,658,26,4.2,0.0,0
Nathan Fraser,Wolves,FWD,658,26,4.2,0.0,0
Nathan Fraser,Wolves,FWD,658,27,4.2,0.0,0
Nathan Fraser,Wolves,FWD,658,28,4.2,0.0,0
Kyle Walker-Peters,West Ham,DEF,659,15,4.3,0.73,0
Kyle Walker-Peters,West Ham,DEF,659,16,4.3,0.52,0
Kyle Walker-Peters,West Ham,DEF,659,17,4.2,2.01,3
Kyle Walker-Peters,West Ham,DEF,659,18,4.2,2.37,2
Kyle Walker-Peters,West Ham,DEF,659,19,4.2,2.53,1
Kyle Walker-Peters,West Ham,DEF,659,20,4.2,3.23,3
Kyle Walker-Peters,West Ham,DEF,659,21,4.2,2.85,0
Kyle Walker-Peters,West Ham,DEF,659,22,4.2,1.5,0
Kyle Walker-Peters,West Ham,DEF,659,23,4.2,1.13,0
Kyle Walker-Peters,West Ham,DEF,659,24,4.2,0.77,0
Kyle Walker-Peters,West Ham,DEF,659,25,4.2,0.43,1
Kyle Walker-Peters,West Ham,DEF,659,26,4.2,0.4,1
Kyle Walker-Peters,West Ham,DEF,659,27,4.2,0.53,0
Kyle Walker-Peters,West Ham,DEF,659,28,4.2,0.59,0
Anton Stach,Leeds,MID,660,15,4.8,3.54,12
Anton Stach,Leeds,MID,660,16,4.8,4.23,2
Anton Stach,Leeds,MID,660,17,4.8,4.64,8
Anton Stach,Leeds,MID,660,18,4.8,4.67,4
Anton Stach,Leeds,MID,660,19,4.9,4.41,5
Anton Stach,Leeds,MID,660,20,4.9,4.57,4
Anton Stach,Leeds,MID,660,21,4.9,4.53,2
Anton Stach,Leeds,MID,660,22,4.9,2.63,0
Anton Stach,Leeds,MID,660,23,4.9,3.62,8
Anton Stach,Leeds,MID,660,24,4.8,3.9,2
Anton Stach,Leeds,MID,660,25,4.8,2.29,0
Anton Stach,Leeds,MID,660,26,4.8,2.27,0
Anton Stach,Leeds,MID,660,27,4.7,3.18,11
Anton Stach,Leeds,MID,660,28,4.7,3.49,2
Hugo Ekitiké,Liverpool,FWD,661,15,8.4,4.39,13
Hugo Ekitiké,Liverpool,FWD,661,16,8.5,4.94,13
Hugo Ekitiké,Liverpool,FWD,661,17,8.7,5.95,9
Hugo Ekitiké,Liverpool,FWD,661,18,9.0,6.82,5
Hugo Ekitiké,Liverpool,FWD,661,19,9.1,6.61,2
Hugo Ekitiké,Liverpool,FWD,661,20,9.1,4.8,0
Hugo Ekitiké,Liverpool,FWD,661,21,9.0,3.96,0
Hugo Ekitiké,Liverpool,FWD,661,22,8.9,4.75,2
Hugo Ekitiké,Liverpool,FWD,661,23,8.9,3.06,1
Hugo Ekitiké,Liverpool,FWD,661,24,8.8,4.75,13
Hugo Ekitiké,Liverpool,FWD,661,25,8.9,5.43,2
Hugo Ekitiké,Liverpool,FWD,661,26,8.9,5.5,2
Hugo Ekitiké,Liverpool,FWD,661,27,8.9,5.77,2
Hugo Ekitiké,Liverpool,FWD,661,28,8.9,5.79,15
Cristhian Mosquera,Arsenal,DEF,662,15,5.4,1.57,0
Cristhian Mosquera,Arsenal,DEF,662,16,5.4,1.42,0
Cristhian Mosquera,Arsenal,DEF,662,17,5.4,1.08,0
Cristhian Mosquera,Arsenal,DEF,662,18,5.4,0.81,0
Cristhian Mosquera,Arsenal,DEF,662,19,5.4,0.77,0
Cristhian Mosquera,Arsenal,DEF,662,20,5.3,0.72,0
Cristhian Mosquera,Arsenal,DEF,662,21,5.3,0.63,0
Cristhian Mosquera,Arsenal,DEF,662,22,5.3,0.73,0
Cristhian Mosquera,Arsenal,DEF,662,23,5.3,0.7,0
Cristhian Mosquera,Arsenal,DEF,662,24,5.3,0.82,0
Cristhian Mosquera,Arsenal,DEF,662,25,5.3,0.66,0
Cristhian Mosquera,Arsenal,DEF,662,26,5.3,2.33,4
Cristhian Mosquera,Arsenal,DEF,662,26,5.3,1.19,0
Cristhian Mosquera,Arsenal,DEF,662,27,5.3,1.21,1
Cristhian Mosquera,Arsenal,DEF,662,28,5.3,1.34,0
Jhon Arias,Wolves,MID,663,15,5.0,2.77,2
Jhon Arias,Wolves,MID,663,16,5.0,1.44,1
Jhon Arias,Wolves,MID,663,17,4.9,1.06,1
Jhon Arias,Wolves,MID,663,18,4.9,0.87,1
Jhon Arias,Wolves,MID,663,19,4.9,2.34,4
Jhon Arias,Wolves,MID,663,20,4.9,2.78,9
Jhon Arias,Wolves,MID,663,21,4.9,1.83,1
Jhon Arias,Wolves,MID,663,22,4.9,1.81,1
Jhon Arias,Wolves,MID,663,23,4.9,1.5,1
Jhon Arias,Wolves,MID,663,24,4.9,1.19,1
Jhon Arias,Wolves,MID,663,25,4.9,1.05,0
Jhon Arias,Wolves,MID,663,26,4.9,0.78,0
Jhon Arias,Wolves,MID,663,26,4.9,0.51,0
Jhon Arias,Wolves,MID,663,27,4.9,0.46,0
Jhon Arias,Wolves,MID,663,28,4.9,0.37,0
Benjamin Lecomte,Fulham,GK,664,15,3.9,0.0,0
Benjamin Lecomte,Fulham,GK,664,16,3.9,0.0,0
Benjamin Lecomte,Fulham,GK,664,17,3.9,0.0,0
Benjamin Lecomte,Fulham,GK,664,18,3.9,0.0,0
Benjamin Lecomte,Fulham,GK,664,19,3.9,0.0,0
Benjamin Lecomte,Fulham,GK,664,20,3.9,0.0,0
Benjamin Lecomte,Fulham,GK,664,21,3.9,0.0,0
Benjamin Lecomte,Fulham,GK,664,22,3.9,0.0,0
Benjamin Lecomte,Fulham,GK,664,23,3.9,0.0,0
Benjamin Lecomte,Fulham,GK,664,24,3.9,0.0,0
Benjamin Lecomte,Fulham,GK,664,25,3.9,0.0,0
Benjamin Lecomte,Fulham,GK,664,26,3.9,0.0,0
Benjamin Lecomte,Fulham,GK,664,27,3.9,0.0,0
Benjamin Lecomte,Fulham,GK,664,28,3.9,0.0,0
Lucas Estella Perri,Leeds,GK,665,15,4.5,2.99,2
Lucas Estella Perri,Leeds,GK,665,16,4.5,3.18,2
Lucas Estella Perri,Leeds,GK,665,17,4.5,2.83,1
Lucas Estella Perri,Leeds,GK,665,18,4.5,3.21,2
Lucas Estella Perri,Leeds,GK,665,19,4.5,3.33,10
Lucas Estella Perri,Leeds,GK,665,20,4.5,3.77,2
Lucas Estella Perri,Leeds,GK,665,21,4.5,3.6,1
Lucas Estella Perri,Leeds,GK,665,22,4.5,2.11,0
Lucas Estella Perri,Leeds,GK,665,23,4.5,1.3,0
Lucas Estella Perri,Leeds,GK,665,24,4.5,0.85,0
Lucas Estella Perri,Leeds,GK,665,25,4.5,0.43,0
Lucas Estella Perri,Leeds,GK,665,26,4.5,0.46,0
Lucas Estella Perri,Leeds,GK,665,27,4.5,0.41,0
Lucas Estella Perri,Leeds,GK,665,28,4.5,0.28,0
Viktor Gyökeres,Arsenal,FWD,666,15,8.8,2.7,1
Viktor Gyökeres,Arsenal,FWD,666,16,8.8,4.39,2
Viktor Gyökeres,Arsenal,FWD,666,17,8.8,4.69,5
Viktor Gyökeres,Arsenal,FWD,666,18,8.8,4.9,2
Viktor Gyökeres,Arsenal,FWD,666,19,8.8,5.06,2
Viktor Gyökeres,Arsenal,FWD,666,20,8.8,5.09,2
Viktor Gyökeres,Arsenal,FWD,666,21,8.8,4.99,2
Viktor Gyökeres,Arsenal,FWD,666,22,8.7,3.41,1
Viktor Gyökeres,Arsenal,FWD,666,23,8.7,3.19,1
Viktor Gyökeres,Arsenal,FWD,666,24,8.7,4.82,7
Viktor Gyökeres,Arsenal,FWD,666,25,8.7,3.57,12
Viktor Gyökeres,Arsenal,FWD,666,26,8.8,5.13,1
Viktor Gyökeres,Arsenal,FWD,666,26,8.8,5.62,2
Viktor Gyökeres,Arsenal,FWD,666,27,8.8,5.45,13
Viktor Gyökeres,Arsenal,FWD,666,28,8.8,5.77,2
Adam Aznou,Everton,DEF,667,15,4.3,0.13,0
Adam Aznou,Everton,DEF,667,16,4.3,0.19,0
Adam Aznou,Everton,DEF,667,17,4.2,0.02,0
Adam Aznou,Everton,DEF,667,18,4.2,0.1,0
Adam Aznou,Everton,DEF,667,19,4.2,0.16,0
Adam Aznou,Everton,DEF,667,20,4.2,0.02,0
Adam Aznou,Everton,DEF,667,21,4.2,0.0,0
Adam Aznou,Everton,DEF,667,22,4.2,0.04,0
Adam Aznou,Everton,DEF,667,23,4.2,0.0,0
Adam Aznou,Everton,DEF,667,24,4.2,0.07,0
Adam Aznou,Everton,DEF,667,25,4.2,0.05,0
Adam Aznou,Everton,DEF,667,26,4.2,0.0,0
Adam Aznou,Everton,DEF,667,27,4.2,0.0,0
Adam Aznou,Everton,DEF,667,28,4.2,0.02,0
Granit Xhaka,Sunderland,MID,668,15,5.2,4.29,2
Granit Xhaka,Sunderland,MID,668,16,5.2,4.07,3
Granit Xhaka,Sunderland,MID,668,17,5.2,4.01,3
Granit Xhaka,Sunderland,MID,668,18,5.2,4.0,6
Granit Xhaka,Sunderland,MID,668,19,5.2,4.3,5
Granit Xhaka,Sunderland,MID,668,20,5.2,4.58,4
Granit Xhaka,Sunderland,MID,668,21,5.2,4.7,2
Granit Xhaka,Sunderland,MID,668,22,5.2,4.29,2
Granit Xhaka,Sunderland,MID,668,23,5.2,2.51,0
Granit Xhaka,Sunderland,MID,668,24,5.2,1.85,0
Granit Xhaka,Sunderland,MID,668,25,5.1,1.42,0
Granit Xhaka,Sunderland,MID,668,26,5.1,0.98,0
Granit Xhaka,Sunderland,MID,668,27,5.1,0.98,1
Granit Xhaka,Sunderland,MID,668,28,5.1,2.76,2
Dan Ndoye,Nott'm Forest,MID,669,15,5.6,1.94,1
Dan Ndoye,Nott'm Forest,MID,669,16,5.5,1.62,1
Dan Ndoye,Nott'm Forest,MID,669,17,5.5,1.45,0
Dan Ndoye,Nott'm Forest,MID,669,18,5.5,0.96,0
Dan Ndoye,Nott'm Forest,MID,669,19,5.5,0.76,0
Dan Ndoye,Nott'm Forest,MID,669,20,5.5,0.76,0
Dan Ndoye,Nott'm Forest,MID,669,21,5.5,0.75,0
Dan Ndoye,Nott'm Forest,MID,669,22,5.5,0.6,1
Dan Ndoye,Nott'm Forest,MID,669,23,5.5,0.77,0
Dan Ndoye,Nott'm Forest,MID,669,24,5.5,0.69,1
Dan Ndoye,Nott'm Forest,MID,669,25,5.5,0.93,1
Dan Ndoye,Nott'm Forest,MID,669,26,5.5,0.93,1
Dan Ndoye,Nott'm Forest,MID,669,27,5.5,1.06,1
Dan Ndoye,Nott'm Forest,MID,669,28,5.5,1.16,1
Robin Roefs,Sunderland,GK,670,15,4.7,3.55,1
Robin Roefs,Sunderland,GK,670,16,4.7,3.7,9
Robin Roefs,Sunderland,GK,670,17,4.8,4.35,7
Robin Roefs,Sunderland,GK,670,18,4.8,4.63,3
Robin Roefs,Sunderland,GK,670,19,4.8,4.84,7
Robin Roefs,Sunderland,GK,670,20,4.8,4.91,3
Robin Roefs,Sunderland,GK,670,21,4.9,4.72,2
Robin Roefs,Sunderland,GK,670,22,4.9,4.49,2
Robin Roefs,Sunderland,GK,670,23,5.0,3.94,1
Robin Roefs,Sunderland,GK,670,24,5.0,4.03,6
Robin Roefs,Sunderland,GK,670,25,5.0,3.97,1
Robin Roefs,Sunderland,GK,670,26,5.0,4.08,2
Robin Roefs,Sunderland,GK,670,27,4.9,3.89,1
Robin Roefs,Sunderland,GK,670,28,4.9,3.99,2
Callum Wilson,West Ham,FWD,671,15,5.8,2.89,4
Callum Wilson,West Ham,FWD,671,16,5.8,2.58,1
Callum Wilson,West Ham,FWD,671,17,5.8,2.22,1
Callum Wilson,West Ham,FWD,671,18,5.8,1.67,1
Callum Wilson,West Ham,FWD,671,19,5.8,3.19,5
Callum Wilson,West Ham,FWD,671,20,5.8,3.7,2
Callum Wilson,West Ham,FWD,671,21,5.8,2.2,0
Callum Wilson,West Ham,FWD,671,22,5.8,2.41,6
Callum Wilson,West Ham,FWD,671,23,5.8,1.82,1
Callum Wilson,West Ham,FWD,671,24,5.8,1.59,1
Callum Wilson,West Ham,FWD,671,25,5.8,1.63,1
Callum Wilson,West Ham,FWD,671,26,5.8,1.68,1
Callum Wilson,West Ham,FWD,671,27,5.8,1.75,1
Callum Wilson,West Ham,FWD,671,28,5.8,1.73,0
Jorrel Hato,Chelsea,DEF,672,15,4.7,0.44,0
Jorrel Hato,Chelsea,DEF,672,16,4.7,0.39,0
Jorrel Hato,Chelsea,DEF,672,17,4.6,0.35,0
Jorrel Hato,Chelsea,DEF,672,18,4.6,0.23,0
Jorrel Hato,Chelsea,DEF,672,19,4.6,0.21,0
Jorrel Hato,Chelsea,DEF,672,20,4.6,0.31,1
Jorrel Hato,Chelsea,DEF,672,21,4.6,1.81,1
Jorrel Hato,Chelsea,DEF,672,22,4.6,0.64,1
Jorrel Hato,Chelsea,DEF,672,23,4.6,0.82,1
Jorrel Hato,Chelsea,DEF,672,24,4.6,0.7,0
Jorrel Hato,Chelsea,DEF,672,25,4.6,0.62,1
Jorrel Hato,Chelsea,DEF,672,26,4.6,0.53,0
Jorrel Hato,Chelsea,DEF,672,27,4.6,0.61,0
Jorrel Hato,Chelsea,DEF,672,28,4.6,1.97,0
João Maria Lobo Alves Palhares Costa Palhinha Gonçalves,Spurs,MID,673,15,5.5,2.0,1
João Maria Lobo Alves Palhares Costa Palhinha Gonçalves,Spurs,MID,673,16,5.5,1.48,1
João Maria Lobo Alves Palhares Costa Palhinha Gonçalves,Spurs,MID,673,17,5.5,1.61,4
João Maria Lobo Alves Palhares Costa Palhinha Gonçalves,Spurs,MID,673,18,5.5,1.7,1
João Maria Lobo Alves Palhares Costa Palhinha Gonçalves,Spurs,MID,673,19,5.5,3.33,2
João Maria Lobo Alves Palhares Costa Palhinha Gonçalves,Spurs,MID,673,20,5.5,1.93,0
João Maria Lobo Alves Palhares Costa Palhinha Gonçalves,Spurs,MID,673,21,5.5,3.45,9
João Maria Lobo Alves Palhares Costa Palhinha Gonçalves,Spurs,MID,673,22,5.5,2.27,0
João Maria Lobo Alves Palhares Costa Palhinha Gonçalves,Spurs,MID,673,23,5.5,1.81,0
João Maria Lobo Alves Palhares Costa Palhinha Gonçalves,Spurs,MID,673,24,5.5,3.21,4
João Maria Lobo Alves Palhares Costa Palhinha Gonçalves,Spurs,MID,673,25,5.5,3.03,1
João Maria Lobo Alves Palhares Costa Palhinha Gonçalves,Spurs,MID,673,26,5.5,1.98,1
João Maria Lobo Alves Palhares Costa Palhinha Gonçalves,Spurs,MID,673,27,5.5,3.69,4
João Maria Lobo Alves Palhares Costa Palhinha Gonçalves,Spurs,MID,673,28,5.5,3.81,2
Aaron Ramsdale,Newcastle,GK,674,15,4.8,2.51,2
Aaron Ramsdale,Newcastle,GK,674,16,4.8,2.92,2
Aaron Ramsdale,Newcastle,GK,674,17,4.8,2.67,1
Aaron Ramsdale,Newcastle,GK,674,18,4.8,3.02,3
Aaron Ramsdale,Newcastle,GK,674,19,4.8,1.5,0
Aaron Ramsdale,Newcastle,GK,674,20,4.8,0.96,0
Aaron Ramsdale,Newcastle,GK,674,21,4.8,0.62,0
Aaron Ramsdale,Newcastle,GK,674,22,4.8,0.26,0
Aaron Ramsdale,Newcastle,GK,674,23,4.8,0.19,0
Aaron Ramsdale,Newcastle,GK,674,24,4.8,0.23,0
Aaron Ramsdale,Newcastle,GK,674,25,4.8,0.16,0
Aaron Ramsdale,Newcastle,GK,674,26,4.8,0.19,0
Aaron Ramsdale,Newcastle,GK,674,27,4.8,0.11,0
Aaron Ramsdale,Newcastle,GK,674,28,4.8,0.03,0
Angus Gunn,Nott'm Forest,GK,675,15,4.0,0.0,0
Angus Gunn,Nott'm Forest,GK,675,16,4.0,0.0,0
Angus Gunn,Nott'm Forest,GK,675,17,4.0,0.0,0
Angus Gunn,Nott'm Forest,GK,675,18,4.0,0.0,0
Angus Gunn,Nott'm Forest,GK,675,19,4.0,0.0,0
Angus Gunn,Nott'm Forest,GK,675,20,4.0,0.0,0
Angus Gunn,Nott'm Forest,GK,675,21,4.0,0.0,0
Angus Gunn,Nott'm Forest,GK,675,22,4.0,0.0,0
Angus Gunn,Nott'm Forest,GK,675,23,4.0,0.0,0
Angus Gunn,Nott'm Forest,GK,675,24,4.0,0.0,1
Angus Gunn,Nott'm Forest,GK,675,25,4.0,0.0,0
Angus Gunn,Nott'm Forest,GK,675,26,4.0,0.0,0
Angus Gunn,Nott'm Forest,GK,675,27,4.0,0.0,0
Angus Gunn,Nott'm Forest,GK,675,28,4.0,0.0,0
Lesley Ugochukwu,Burnley,MID,676,15,5.0,2.85,2
Lesley Ugochukwu,Burnley,MID,676,16,5.0,2.96,9
Lesley Ugochukwu,Burnley,MID,676,17,5.0,3.46,2
Lesley Ugochukwu,Burnley,MID,676,18,5.0,3.62,3
Lesley Ugochukwu,Burnley,MID,676,19,5.0,3.74,4
Lesley Ugochukwu,Burnley,MID,676,20,5.0,2.24,1
Lesley Ugochukwu,Burnley,MID,676,21,5.0,3.63,4
Lesley Ugochukwu,Burnley,MID,676,22,5.0,3.7,4
Lesley Ugochukwu,Burnley,MID,676,23,5.0,3.68,2
Lesley Ugochukwu,Burnley,MID,676,24,5.0,3.6,1
Lesley Ugochukwu,Burnley,MID,676,25,5.0,3.66,2
Lesley Ugochukwu,Burnley,MID,676,26,5.0,3.72,7
Lesley Ugochukwu,Burnley,MID,676,27,5.0,2.44,1
Lesley Ugochukwu,Burnley,MID,676,28,5.0,2.12,1
Evann Guessand,Aston Villa,MID,677,15,6.2,1.7,0
Evann Guessand,Aston Villa,MID,677,16,6.2,1.78,0
Evann Guessand,Aston Villa,MID,677,17,6.2,1.65,1
Evann Guessand,Aston Villa,MID,677,18,6.2,1.09,0
Evann Guessand,Aston Villa,MID,677,19,6.2,1.07,0
Evann Guessand,Aston Villa,MID,677,20,6.2,0.85,0
Evann Guessand,Aston Villa,MID,677,21,6.2,0.84,0
Evann Guessand,Aston Villa,MID,677,22,6.2,2.41,2
Evann Guessand,Aston Villa,MID,677,23,6.2,1.16,0
Evann Guessand,Aston Villa,MID,677,24,6.2,1.08,0
Evann Guessand,Crystal Palace,MID,677,25,6.2,1.43,4
Evann Guessand,Crystal Palace,MID,677,26,6.2,1.21,1
Evann Guessand,Crystal Palace,MID,677,27,6.2,1.76,6
Evann Guessand,Crystal Palace,MID,677,28,6.2,1.85,1
Arthur Masuaku,Sunderland,DEF,678,15,3.9,0.02,0
Arthur Masuaku,Sunderland,DEF,678,16,3.9,0.0,0
Arthur Masuaku,Sunderland,DEF,678,17,3.9,0.0,0
Arthur Masuaku,Sunderland,DEF,678,18,3.9,0.0,0
Arthur Masuaku,Sunderland,DEF,678,19,3.9,0.0,0
Arthur Masuaku,Sunderland,DEF,678,20,3.9,0.0,0
Arthur Masuaku,Sunderland,DEF,678,21,3.9,0.0,0
Arthur Masuaku,Sunderland,DEF,678,22,3.9,0.0,0
Arthur Masuaku,Sunderland,DEF,678,23,3.9,0.0,0
Arthur Masuaku,Sunderland,DEF,678,24,3.9,0.0,0
Arthur Masuaku,Sunderland,DEF,678,25,3.9,0.0,0
Arthur Masuaku,Sunderland,DEF,678,26,3.9,0.0,0
Arthur Masuaku,Sunderland,DEF,678,27,3.9,0.0,0
Arthur Masuaku,Sunderland,DEF,678,28,3.9,0.0,0
Mads Hermansen,West Ham,GK,679,15,4.3,0.09,0
Mads Hermansen,West Ham,GK,679,16,4.3,0.0,0
Mads Hermansen,West Ham,GK,679,17,4.3,0.01,0
Mads Hermansen,West Ham,GK,679,18,4.3,0.0,0
Mads Hermansen,West Ham,GK,679,19,4.3,0.0,0
Mads Hermansen,West Ham,GK,679,20,4.3,0.0,0
Mads Hermansen,West Ham,GK,679,21,4.2,0.0,0
Mads Hermansen,West Ham,GK,679,22,4.2,0.0,0
Mads Hermansen,West Ham,GK,679,23,4.2,0.0,0
Mads Hermansen,West Ham,GK,679,24,4.2,0.0,0
Mads Hermansen,West Ham,GK,679,25,4.2,1.59,10
Mads Hermansen,West Ham,GK,679,26,4.2,2.45,2
Mads Hermansen,West Ham,GK,679,27,4.2,3.05,10
Mads Hermansen,West Ham,GK,679,28,4.2,3.91,0
Armando Broja,Burnley,FWD,680,15,5.2,2.53,2
Armando Broja,Burnley,FWD,680,16,5.2,2.73,2
Armando Broja,Burnley,FWD,680,17,5.2,1.85,7
Armando Broja,Burnley,FWD,680,18,5.2,3.39,2
Armando Broja,Burnley,FWD,680,19,5.2,3.44,7
Armando Broja,Burnley,FWD,680,20,5.2,4.06,2
Armando Broja,Burnley,FWD,680,21,5.2,3.9,2
Armando Broja,Burnley,FWD,680,22,5.2,3.93,2
Armando Broja,Burnley,FWD,680,23,5.2,3.47,2
Armando Broja,Burnley,FWD,680,24,5.2,1.9,1
Armando Broja,Burnley,FWD,680,25,5.2,1.52,1
Armando Broja,Burnley,FWD,680,26,5.2,1.38,0
Armando Broja,Burnley,FWD,680,27,5.2,1.03,0
Armando Broja,Burnley,FWD,680,28,5.2,0.76,0
Benjamin Sesko,Man Utd,FWD,681,15,7.2,1.69,0
Benjamin Sesko,Man Utd,FWD,681,16,7.2,1.85,4
Benjamin Sesko,Man Utd,FWD,681,17,7.2,3.58,2
Benjamin Sesko,Man Utd,FWD,681,18,7.2,2.28,1
Benjamin Sesko,Man Utd,FWD,681,19,7.2,4.18,2
Benjamin Sesko,Man Utd,FWD,681,20,7.2,4.32,2
Benjamin Sesko,Man Utd,FWD,681,21,7.2,4.48,13
Benjamin Sesko,Man Utd,FWD,681,22,7.2,3.19,0
Benjamin Sesko,Man Utd,FWD,681,23,7.2,2.82,1
Benjamin Sesko,Man Utd,FWD,681,24,7.2,2.77,6
Benjamin Sesko,Man Utd,FWD,681,25,7.2,2.24,1
Benjamin Sesko,Man Utd,FWD,681,26,7.2,2.75,8
Benjamin Sesko,Man Utd,FWD,681,27,7.2,3.04,8
Benjamin Sesko,Man Utd,FWD,681,28,7.2,4.67,8
David Møller Wolfe,Wolves,DEF,682,15,4.3,2.92,3
David Møller Wolfe,Wolves,DEF,682,16,4.3,2.93,1
David Møller Wolfe,Wolves,DEF,682,17,4.3,2.81,1
David Møller Wolfe,Wolves,DEF,682,18,4.3,1.47,1
David Møller Wolfe,Wolves,DEF,682,19,4.3,1.18,1
David Møller Wolfe,Wolves,DEF,682,20,4.3,0.9,1
David Møller Wolfe,Wolves,DEF,682,21,4.3,0.69,0
David Møller Wolfe,Wolves,DEF,682,22,4.3,0.44,0
David Møller Wolfe,Wolves,DEF,682,23,4.3,0.44,0
David Møller Wolfe,Wolves,DEF,682,24,4.3,0.35,1
David Møller Wolfe,Wolves,DEF,682,25,4.2,0.33,0
David Møller Wolfe,Wolves,DEF,682,26,4.2,0.36,1
David Møller Wolfe,Wolves,DEF,682,26,4.2,0.45,0
David Møller Wolfe,Wolves,DEF,682,27,4.2,0.42,1
David Møller Wolfe,Wolves,DEF,682,28,4.2,0.5,0
Omar Alderete,Sunderland,DEF,683,15,4.1,2.88,1
Omar Alderete,Sunderland,DEF,683,16,4.0,3.45,7
Omar Alderete,Sunderland,DEF,683,17,4.0,4.08,6
Omar Alderete,Sunderland,DEF,683,18,4.0,4.28,4
Omar Alderete,Sunderland,DEF,683,19,4.0,4.63,8
Omar Alderete,Sunderland,DEF,683,20,4.1,4.6,1
Omar Alderete,Sunderland,DEF,683,21,4.1,4.27,1
Omar Alderete,Sunderland,DEF,683,22,4.1,3.9,1
Omar Alderete,Sunderland,DEF,683,23,4.1,3.64,1
Omar Alderete,Sunderland,DEF,683,24,4.1,3.8,6
Omar Alderete,Sunderland,DEF,683,25,4.1,3.75,1
Omar Alderete,Sunderland,DEF,683,26,4.1,3.89,2
Omar Alderete,Sunderland,DEF,683,27,4.1,3.71,1
Omar Alderete,Sunderland,DEF,683,28,4.1,3.85,4
Malick Thiaw,Newcastle,DEF,684,15,5.0,4.46,2
Malick Thiaw,Newcastle,DEF,684,16,5.0,4.33,3
Malick Thiaw,Newcastle,DEF,684,17,5.0,3.93,1
Malick Thiaw,Newcastle,DEF,684,18,5.0,4.24,2
Malick Thiaw,Newcastle,DEF,684,19,5.0,4.08,4
Malick Thiaw,Newcastle,DEF,684,20,5.0,4.14,17
Malick Thiaw,Newcastle,DEF,684,21,5.1,3.5,-1
Malick Thiaw,Newcastle,DEF,684,22,5.1,4.79,9
Malick Thiaw,Newcastle,DEF,684,23,5.1,4.91,1
Malick Thiaw,Newcastle,DEF,684,24,5.1,4.25,0
Malick Thiaw,Newcastle,DEF,684,25,5.1,4.24,1
Malick Thiaw,Newcastle,DEF,684,26,5.1,4.05,11
Malick Thiaw,Newcastle,DEF,684,27,5.0,4.4,3
Malick Thiaw,Newcastle,DEF,684,28,5.0,4.22,1
Bafodé Diakité,Bournemouth,DEF,685,15,4.4,3.13,6
Bafodé Diakité,Bournemouth,DEF,685,16,4.4,3.55,0
Bafodé Diakité,Bournemouth,DEF,685,17,4.4,3.72,2
Bafodé Diakité,Bournemouth,DEF,685,18,4.4,1.99,0
Bafodé Diakité,Bournemouth,DEF,685,19,4.4,1.5,0
Bafodé Diakité,Bournemouth,DEF,685,20,4.3,1.13,0
Bafodé Diakité,Bournemouth,DEF,685,21,4.3,0.75,1
Bafodé Diakité,Bournemouth,DEF,685,22,4.3,0.73,1
Bafodé Diakité,Bournemouth,DEF,685,23,4.3,0.75,0
Bafodé Diakité,Bournemouth,DEF,685,24,4.2,0.8,1
Bafodé Diakité,Bournemouth,DEF,685,25,4.2,0.75,0
Bafodé Diakité,Bournemouth,DEF,685,26,4.2,0.73,0
Bafodé Diakité,Bournemouth,DEF,685,27,4.2,0.69,0
Bafodé Diakité,Bournemouth,DEF,685,28,4.2,0.57,0
Rio Ngumoha,Liverpool,MID,686,15,4.4,0.08,0
Rio Ngumoha,Liverpool,MID,686,16,4.3,0.0,0
Rio Ngumoha,Liverpool,MID,686,17,4.3,0.04,0
Rio Ngumoha,Liverpool,MID,686,18,4.3,0.0,0
Rio Ngumoha,Liverpool,MID,686,19,4.3,0.0,1
Rio Ngumoha,Liverpool,MID,686,20,4.3,0.06,0
Rio Ngumoha,Liverpool,MID,686,21,4.3,0.04,0
Rio Ngumoha,Liverpool,MID,686,22,4.3,0.0,1
Rio Ngumoha,Liverpool,MID,686,23,4.3,0.03,1
Rio Ngumoha,Liverpool,MID,686,24,4.3,0.09,0
Rio Ngumoha,Liverpool,MID,686,25,4.3,0.03,0
Rio Ngumoha,Liverpool,MID,686,26,4.3,0.02,0
Rio Ngumoha,Liverpool,MID,686,27,4.3,0.0,1
Rio Ngumoha,Liverpool,MID,686,28,4.3,0.0,1
Remy Rees-Dottin,Bournemouth,MID,687,15,4.4,0.0,0
Remy Rees-Dottin,Bournemouth,MID,687,16,4.4,0.0,0
Remy Rees-Dottin,Bournemouth,MID,687,17,4.4,0.0,0
Remy Rees-Dottin,Bournemouth,MID,687,18,4.4,0.0,0
Remy Rees-Dottin,Bournemouth,MID,687,19,4.4,0.0,0
Remy Rees-Dottin,Bournemouth,MID,687,20,4.4,0.0,0
Remy Rees-Dottin,Bournemouth,MID,687,21,4.4,0.0,0
Remy Rees-Dottin,Bournemouth,MID,687,22,4.4,0.0,0
Remy Rees-Dottin,Bournemouth,MID,687,23,4.4,0.0,0
Remy Rees-Dottin,Bournemouth,MID,687,24,4.3,0.0,0
Remy Rees-Dottin,Bournemouth,MID,687,25,4.3,0.0,0
Remy Rees-Dottin,Bournemouth,MID,687,26,4.3,0.0,0
Remy Rees-Dottin,Bournemouth,MID,687,27,4.3,0.0,0
Remy Rees-Dottin,Bournemouth,MID,687,28,4.3,0.0,0
James Wright,Aston Villa,GK,688,15,3.9,0.0,0
James Wright,Aston Villa,GK,688,16,3.9,0.0,0
James Wright,Aston Villa,GK,688,17,3.9,0.0,0
James Wright,Aston Villa,GK,688,18,3.9,0.0,0
James Wright,Aston Villa,GK,688,19,3.9,0.0,0
James Wright,Aston Villa,GK,688,20,3.9,0.0,0
James Wright,Aston Villa,GK,688,21,3.9,0.0,0
James Wright,Aston Villa,GK,688,22,3.9,0.0,0
James Wright,Aston Villa,GK,688,23,3.9,0.0,0
James Wright,Aston Villa,GK,688,24,3.9,0.0,0
James Wright,Aston Villa,GK,688,25,3.9,0.0,0
James Wright,Aston Villa,GK,688,26,3.9,0.0,0
James Wright,Aston Villa,GK,688,27,3.9,0.0,0
James Wright,Aston Villa,GK,688,28,3.9,0.0,0
Seung-Soo Park,Newcastle,MID,689,15,4.4,0.0,0
Seung-Soo Park,Newcastle,MID,689,16,4.4,0.0,0
Seung-Soo Park,Newcastle,MID,689,17,4.4,0.0,0
Seung-Soo Park,Newcastle,MID,689,18,4.4,0.0,0
Seung-Soo Park,Newcastle,MID,689,19,4.4,0.0,0
Seung-Soo Park,Newcastle,MID,689,20,4.4,0.0,0
Seung-Soo Park,Newcastle,MID,689,21,4.3,0.0,0
Seung-Soo Park,Newcastle,MID,689,22,4.3,0.0,0
Seung-Soo Park,Newcastle,MID,689,23,4.3,0.0,0
Seung-Soo Park,Newcastle,MID,689,24,4.3,0.0,0
Seung-Soo Park,Newcastle,MID,689,25,4.3,0.0,0
Seung-Soo Park,Newcastle,MID,689,26,4.3,0.0,0
Seung-Soo Park,Newcastle,MID,689,27,4.3,0.0,0
Seung-Soo Park,Newcastle,MID,689,28,4.3,0.0,0
Rio Cardines,Crystal Palace,MID,690,15,4.4,0.0,0
Rio Cardines,Crystal Palace,MID,690,16,4.4,0.0,0
Rio Cardines,Crystal Palace,MID,690,17,4.4,0.0,0
Rio Cardines,Crystal Palace,MID,690,18,4.4,0.0,0
Rio Cardines,Crystal Palace,MID,690,19,4.4,0.0,0
Rio Cardines,Crystal Palace,MID,690,20,4.4,0.0,0
Rio Cardines,Crystal Palace,MID,690,21,4.4,0.0,0
Rio Cardines,Crystal Palace,MID,690,22,4.4,0.0,0
Rio Cardines,Crystal Palace,MID,690,23,4.4,0.0,0
Rio Cardines,Crystal Palace,MID,690,24,4.4,0.0,0
Rio Cardines,Crystal Palace,MID,690,25,4.4,0.0,0
Rio Cardines,Crystal Palace,MID,690,26,4.4,0.0,0
Rio Cardines,Crystal Palace,MID,690,27,4.4,0.0,0
Rio Cardines,Crystal Palace,MID,690,28,4.4,0.0,0
Dominic Calvert-Lewin,Leeds,FWD,691,15,5.5,3.87,6
Dominic Calvert-Lewin,Leeds,FWD,691,16,5.6,4.8,9
Dominic Calvert-Lewin,Leeds,FWD,691,17,5.7,5.16,13
Dominic Calvert-Lewin,Leeds,FWD,691,18,5.8,5.47,8
Dominic Calvert-Lewin,Leeds,FWD,691,19,5.8,3.93,1
Dominic Calvert-Lewin,Leeds,FWD,691,20,5.9,4.77,2
Dominic Calvert-Lewin,Leeds,FWD,691,21,5.9,4.65,8
Dominic Calvert-Lewin,Leeds,FWD,691,22,6.0,4.76,2
Dominic Calvert-Lewin,Leeds,FWD,691,23,6.0,4.8,2
Dominic Calvert-Lewin,Leeds,FWD,691,24,6.0,4.63,2
Dominic Calvert-Lewin,Leeds,FWD,691,25,5.9,4.48,7
Dominic Calvert-Lewin,Leeds,FWD,691,26,5.9,3.02,0
Dominic Calvert-Lewin,Leeds,FWD,691,27,5.8,4.07,2
Dominic Calvert-Lewin,Leeds,FWD,691,28,5.8,3.99,2
Giovanni Leoni,Liverpool,DEF,692,15,4.9,0.44,0
Giovanni Leoni,Liverpool,DEF,692,16,4.9,0.31,0
Giovanni Leoni,Liverpool,DEF,692,17,4.9,0.43,0
Giovanni Leoni,Liverpool,DEF,692,18,4.9,0.35,0
Giovanni Leoni,Liverpool,DEF,692,19,4.9,0.33,0
Giovanni Leoni,Liverpool,DEF,692,20,4.9,0.44,0
Giovanni Leoni,Liverpool,DEF,692,21,4.9,0.43,0
Giovanni Leoni,Liverpool,DEF,692,22,4.9,0.35,0
Giovanni Leoni,Liverpool,DEF,692,23,4.9,0.38,0
Giovanni Leoni,Liverpool,DEF,692,24,4.9,0.31,0
Giovanni Leoni,Liverpool,DEF,692,25,4.9,0.26,0
Giovanni Leoni,Liverpool,DEF,692,26,4.9,0.33,0
Giovanni Leoni,Liverpool,DEF,692,27,4.9,0.34,0
Giovanni Leoni,Liverpool,DEF,692,28,4.9,0.31,0
Omari Hutchinson,Nott'm Forest,MID,693,15,5.4,3.76,2
Omari Hutchinson,Nott'm Forest,MID,693,16,5.4,3.7,5
Omari Hutchinson,Nott'm Forest,MID,693,17,5.4,4.11,2
Omari Hutchinson,Nott'm Forest,MID,693,18,5.4,3.74,9
Omari Hutchinson,Nott'm Forest,MID,693,19,5.4,4.2,2
Omari Hutchinson,Nott'm Forest,MID,693,20,5.4,3.89,2
Omari Hutchinson,Nott'm Forest,MID,693,21,5.4,2.31,1
Omari Hutchinson,Nott'm Forest,MID,693,22,5.4,1.75,1
Omari Hutchinson,Nott'm Forest,MID,693,23,5.4,1.54,1
Omari Hutchinson,Nott'm Forest,MID,693,24,5.4,1.11,0
Omari Hutchinson,Nott'm Forest,MID,693,25,5.4,1.31,4
Omari Hutchinson,Nott'm Forest,MID,693,26,5.4,2.95,3
Omari Hutchinson,Nott'm Forest,MID,693,27,5.4,3.24,3
Omari Hutchinson,Nott'm Forest,MID,693,28,5.4,2.17,1
Nordi Mukiele,Sunderland,DEF,694,15,4.2,3.28,1
Nordi Mukiele,Sunderland,DEF,694,16,4.2,3.46,8
Nordi Mukiele,Sunderland,DEF,694,17,4.2,4.13,6
Nordi Mukiele,Sunderland,DEF,694,18,4.2,4.58,4
Nordi Mukiele,Sunderland,DEF,694,19,4.2,4.96,11
Nordi Mukiele,Sunderland,DEF,694,20,4.3,5.29,4
Nordi Mukiele,Sunderland,DEF,694,21,4.3,5.18,3
Nordi Mukiele,Sunderland,DEF,694,22,4.4,5.11,6
Nordi Mukiele,Sunderland,DEF,694,23,4.5,5.11,4
Nordi Mukiele,Sunderland,DEF,694,24,4.5,5.17,9
Nordi Mukiele,Sunderland,DEF,694,25,4.6,5.32,1
Nordi Mukiele,Sunderland,DEF,694,26,4.6,4.94,2
Nordi Mukiele,Sunderland,DEF,694,27,4.6,3.17,1
Nordi Mukiele,Sunderland,DEF,694,28,4.6,2.51,0
Jackson Tchatchoua,Wolves,DEF,695,15,4.5,1.48,1
Jackson Tchatchoua,Wolves,DEF,695,16,4.5,1.36,0
Jackson Tchatchoua,Wolves,DEF,695,17,4.5,0.9,1
Jackson Tchatchoua,Wolves,DEF,695,18,4.5,0.72,1
Jackson Tchatchoua,Wolves,DEF,695,19,4.4,2.08,1
Jackson Tchatchoua,Wolves,DEF,695,20,4.4,2.72,5
Jackson Tchatchoua,Wolves,DEF,695,21,4.4,3.35,2
Jackson Tchatchoua,Wolves,DEF,695,22,4.4,3.58,6
Jackson Tchatchoua,Wolves,DEF,695,23,4.4,2.39,0
Jackson Tchatchoua,Wolves,DEF,695,24,4.4,1.76,0
Jackson Tchatchoua,Wolves,DEF,695,25,4.4,1.33,0
Jackson Tchatchoua,Wolves,DEF,695,26,4.4,0.8,0
Jackson Tchatchoua,Wolves,DEF,695,26,4.4,2.1,1
Jackson Tchatchoua,Wolves,DEF,695,27,4.4,2.56,2
Jackson Tchatchoua,Wolves,DEF,695,28,4.4,2.93,6
Arnaud Kalimuendo,Nott'm Forest,FWD,696,15,6.0,1.03,0
Arnaud Kalimuendo,Nott'm Forest,FWD,696,16,6.0,0.99,0
Arnaud Kalimuendo,Nott'm Forest,FWD,696,17,6.0,0.92,1
Arnaud Kalimuendo,Nott'm Forest,FWD,696,18,6.0,0.87,0
Arnaud Kalimuendo,Nott'm Forest,FWD,696,19,6.0,0.84,0
Arnaud Kalimuendo,Nott'm Forest,FWD,696,20,6.0,0.94,1
Arnaud Kalimuendo,Nott'm Forest,FWD,696,21,6.0,0.98,0
Arnaud Kalimuendo,Nott'm Forest,FWD,696,22,6.0,0.83,0
Arnaud Kalimuendo,Nott'm Forest,FWD,696,23,6.0,0.89,0
Arnaud Kalimuendo,Nott'm Forest,FWD,696,24,6.0,0.73,0
Arnaud Kalimuendo,Nott'm Forest,FWD,696,25,6.0,0.84,0
Arnaud Kalimuendo,Nott'm Forest,FWD,696,26,6.0,0.77,0
Arnaud Kalimuendo,Nott'm Forest,FWD,696,27,6.0,0.73,0
Arnaud Kalimuendo,Nott'm Forest,FWD,696,28,6.0,0.81,0
Amine Adli,Bournemouth,MID,697,15,5.4,1.23,1
Amine Adli,Bournemouth,MID,697,16,5.4,1.31,0
Amine Adli,Bournemouth,MID,697,17,5.4,0.92,1
Amine Adli,Bournemouth,MID,697,18,5.4,0.8,1
Amine Adli,Bournemouth,MID,697,19,5.4,0.63,1
Amine Adli,Bournemouth,MID,697,20,5.4,0.71,0
Amine Adli,Bournemouth,MID,697,21,5.4,0.77,1
Amine Adli,Bournemouth,MID,697,22,5.4,2.49,6
Amine Adli,Bournemouth,MID,697,23,5.4,3.09,10
Amine Adli,Bournemouth,MID,697,24,5.4,4.13,5
Amine Adli,Bournemouth,MID,697,25,5.4,4.56,2
Amine Adli,Bournemouth,MID,697,26,5.4,4.39,10
Amine Adli,Bournemouth,MID,697,27,5.4,4.66,3
Amine Adli,Bournemouth,MID,697,28,5.4,2.47,1
Noah Okafor,Leeds,MID,698,15,5.5,3.13,2
Noah Okafor,Leeds,MID,698,16,5.5,3.2,2
Noah Okafor,Leeds,MID,698,17,5.5,3.48,3
Noah Okafor,Leeds,MID,698,18,5.5,3.64,2
Noah Okafor,Leeds,MID,698,19,5.5,2.06,1
Noah Okafor,Leeds,MID,698,20,5.5,3.29,2
Noah Okafor,Leeds,MID,698,21,5.5,1.73,1
Noah Okafor,Leeds,MID,698,22,5.5,3.05,3
Noah Okafor,Leeds,MID,698,23,5.5,1.67,1
Noah Okafor,Leeds,MID,698,24,5.5,1.33,1
Noah Okafor,Leeds,MID,698,25,5.5,3.15,7
Noah Okafor,Leeds,MID,698,26,5.5,2.13,6
Noah Okafor,Leeds,MID,698,27,5.5,2.11,0
Noah Okafor,Leeds,MID,698,28,5.5,1.71,0
Douglas Luiz Soares de Paulo,Nott'm Forest,MID,699,15,4.9,0.22,0
Douglas Luiz Soares de Paulo,Nott'm Forest,MID,699,16,4.9,0.18,1
Douglas Luiz Soares de Paulo,Nott'm Forest,MID,699,17,4.9,1.91,2
Douglas Luiz Soares de Paulo,Nott'm Forest,MID,699,18,4.9,0.52,0
Douglas Luiz Soares de Paulo,Nott'm Forest,MID,699,19,4.9,0.49,0
Douglas Luiz Soares de Paulo,Nott'm Forest,MID,699,20,4.9,0.71,1
Douglas Luiz Soares de Paulo,Nott'm Forest,MID,699,21,4.9,0.52,0
Douglas Luiz Soares de Paulo,Nott'm Forest,MID,699,22,4.9,0.36,0
Douglas Luiz Soares de Paulo,Nott'm Forest,MID,699,23,4.9,0.21,0
Douglas Luiz Soares de Paulo,Aston Villa,MID,699,24,4.9,1.82,2
Douglas Luiz Soares de Paulo,Aston Villa,MID,699,25,4.9,2.28,2
Douglas Luiz Soares de Paulo,Aston Villa,MID,699,26,4.9,2.47,3
Douglas Luiz Soares de Paulo,Aston Villa,MID,699,27,4.9,3.0,2
Douglas Luiz Soares de Paulo,Aston Villa,MID,699,28,4.9,1.43,1
Max Dowman,Arsenal,MID,700,15,4.3,0.0,0
Max Dowman,Arsenal,MID,700,16,4.3,0.0,0
Max Dowman,Arsenal,MID,700,17,4.3,0.0,0
Max Dowman,Arsenal,MID,700,18,4.3,0.0,0
Max Dowman,Arsenal,MID,700,19,4.3,0.0,0
Max Dowman,Arsenal,MID,700,20,4.3,0.0,0
Max Dowman,Arsenal,MID,700,21,4.3,0.0,0
Max Dowman,Arsenal,MID,700,22,4.2,0.0,0
Max Dowman,Arsenal,MID,700,23,4.2,0.0,0
Max Dowman,Arsenal,MID,700,24,4.2,0.0,0
Max Dowman,Arsenal,MID,700,25,4.2,0.0,0
Max Dowman,Arsenal,MID,700,26,4.2,0.0,0
Max Dowman,Arsenal,MID,700,26,4.2,0.0,0
Max Dowman,Arsenal,MID,700,27,4.2,0.0,0
Max Dowman,Arsenal,MID,700,28,4.2,0.0,0
Triston Rowe,Aston Villa,DEF,701,15,4.0,0.0,0
Triston Rowe,Aston Villa,DEF,701,16,4.0,0.07,0
Triston Rowe,Aston Villa,DEF,701,17,4.0,0.0,0
Triston Rowe,Aston Villa,DEF,701,18,4.0,0.03,0
Triston Rowe,Aston Villa,DEF,701,19,4.0,0.01,0
Triston Rowe,Aston Villa,DEF,701,20,4.0,0.0,0
Triston Rowe,Aston Villa,DEF,701,21,4.0,0.0,0
Triston Rowe,Aston Villa,DEF,701,22,4.0,0.0,0
Triston Rowe,Aston Villa,DEF,701,23,4.0,0.0,0
Triston Rowe,Aston Villa,DEF,701,24,4.0,0.0,0
Triston Rowe,Aston Villa,DEF,701,25,4.0,0.0,0
Triston Rowe,Aston Villa,DEF,701,26,4.0,0.0,0
Triston Rowe,Aston Villa,DEF,701,27,4.0,0.0,0
Triston Rowe,Aston Villa,DEF,701,28,4.0,0.0,0
Bradley Burrowes,Aston Villa,MID,702,15,4.4,0.0,0
Bradley Burrowes,Aston Villa,MID,702,16,4.4,0.0,0
Bradley Burrowes,Aston Villa,MID,702,17,4.4,0.0,0
Bradley Burrowes,Aston Villa,MID,702,18,4.4,0.0,0
Bradley Burrowes,Aston Villa,MID,702,19,4.4,0.0,0
Bradley Burrowes,Aston Villa,MID,702,20,4.4,0.0,0
Bradley Burrowes,Aston Villa,MID,702,21,4.4,0.0,0
Bradley Burrowes,Aston Villa,MID,702,22,4.4,0.0,0
Bradley Burrowes,Aston Villa,MID,702,23,4.4,0.0,0
Bradley Burrowes,Aston Villa,MID,702,24,4.4,0.0,0
Bradley Burrowes,Aston Villa,MID,702,25,4.4,0.0,0
Bradley Burrowes,Aston Villa,MID,702,26,4.4,0.0,0
Bradley Burrowes,Aston Villa,MID,702,27,4.4,0.0,0
Bradley Burrowes,Aston Villa,MID,702,28,4.4,0.0,0
Sam Proctor,Aston Villa,GK,703,15,4.0,0.0,0
Sam Proctor,Aston Villa,GK,703,16,3.9,0.0,0
Sam Proctor,Aston Villa,GK,703,17,3.9,0.0,0
Sam Proctor,Aston Villa,GK,703,18,3.9,0.0,0
Sam Proctor,Aston Villa,GK,703,19,3.9,0.0,0
Sam Proctor,Aston Villa,GK,703,20,3.9,0.0,0
Sam Proctor,Aston Villa,GK,703,21,3.9,0.0,0
Sam Proctor,Aston Villa,GK,703,22,3.9,0.0,0
Sam Proctor,Aston Villa,GK,703,23,3.9,0.0,0
Sam Proctor,Aston Villa,GK,703,24,3.9,0.0,0
Sam Proctor,Aston Villa,GK,703,25,3.9,0.0,0
Sam Proctor,Aston Villa,GK,703,26,3.9,0.0,0
Sam Proctor,Aston Villa,GK,703,27,3.9,0.0,0
Sam Proctor,Aston Villa,GK,703,28,3.9,0.0,0
Tyler Onyango,Everton,MID,704,15,4.5,0.0,0
Tyler Onyango,Everton,MID,704,16,4.5,0.0,0
Tyler Onyango,Everton,MID,704,17,4.5,0.0,0
Tyler Onyango,Everton,MID,704,18,4.5,0.0,0
Tyler Onyango,Everton,MID,704,19,4.5,0.0,0
Tyler Onyango,Everton,MID,704,20,4.5,0.0,0
Tyler Onyango,Everton,MID,704,21,4.5,0.0,0
Tyler Onyango,Everton,MID,704,22,4.5,0.0,0
Tyler Onyango,Everton,MID,704,23,4.5,0.0,0
Tyler Onyango,Everton,MID,704,24,4.5,0.0,0
Tyler Onyango,Everton,MID,704,25,4.5,0.0,0
Tyler Onyango,Everton,MID,704,26,4.5,0.0,0
Tyler Onyango,Everton,MID,704,27,4.5,0.0,0
Tyler Onyango,Everton,MID,704,28,4.5,0.0,0
Elijah Campbell,Everton,DEF,705,15,3.9,0.0,0
Elijah Campbell,Everton,DEF,705,16,3.9,0.0,0
Elijah Campbell,Everton,DEF,705,17,3.9,0.0,0
Elijah Campbell,Everton,DEF,705,18,3.9,0.0,0
Elijah Campbell,Everton,DEF,705,19,3.9,0.02,0
Elijah Campbell,Everton,DEF,705,20,3.9,0.0,0
Elijah Campbell,Everton,DEF,705,21,3.9,0.0,0
Elijah Campbell,Everton,DEF,705,22,3.9,0.0,0
Elijah Campbell,Everton,DEF,705,23,3.9,0.0,0
Elijah Campbell,Everton,DEF,705,24,3.9,0.0,0
Elijah Campbell,Everton,DEF,705,25,3.9,0.0,0
Elijah Campbell,Everton,DEF,705,26,3.9,0.0,0
Elijah Campbell,Everton,DEF,705,27,3.9,0.0,0
Elijah Campbell,Everton,DEF,705,28,3.9,0.0,0
James Justin,Leeds,DEF,706,15,3.9,0.27,0
James Justin,Leeds,DEF,706,16,3.9,0.35,1
James Justin,Leeds,DEF,706,17,3.9,0.17,1
James Justin,Leeds,DEF,706,18,3.9,0.28,0
James Justin,Leeds,DEF,706,19,3.9,1.98,6
James Justin,Leeds,DEF,706,20,3.9,2.49,4
James Justin,Leeds,DEF,706,21,3.9,2.79,0
James Justin,Leeds,DEF,706,22,3.9,3.32,9
James Justin,Leeds,DEF,706,23,3.9,3.73,9
James Justin,Leeds,DEF,706,24,3.9,2.37,0
James Justin,Leeds,DEF,706,25,3.9,3.84,7
James Justin,Leeds,DEF,706,26,3.9,3.66,0
James Justin,Leeds,DEF,706,27,3.9,3.52,2
James Justin,Leeds,DEF,706,28,3.9,3.57,2
Tyler Dibling,Everton,MID,707,15,5.3,0.36,1
Tyler Dibling,Everton,MID,707,16,5.3,0.52,1
Tyler Dibling,Everton,MID,707,17,5.3,0.45,1
Tyler Dibling,Everton,MID,707,18,5.3,2.29,2
Tyler Dibling,Everton,MID,707,19,5.3,2.77,5
Tyler Dibling,Everton,MID,707,20,5.3,1.56,1
Tyler Dibling,Everton,MID,707,21,5.3,1.55,0
Tyler Dibling,Everton,MID,707,22,5.3,1.12,0
Tyler Dibling,Everton,MID,707,23,5.3,0.58,1
Tyler Dibling,Everton,MID,707,24,5.3,0.59,1
Tyler Dibling,Everton,MID,707,25,5.3,0.59,0
Tyler Dibling,Everton,MID,707,26,5.3,0.49,0
Tyler Dibling,Everton,MID,707,27,5.3,0.36,0
Tyler Dibling,Everton,MID,707,28,5.3,0.37,0
Mateus Gonçalo Espanha Fernandes,West Ham,MID,708,15,5.5,3.97,5
Mateus Gonçalo Espanha Fernandes,West Ham,MID,708,16,5.5,4.08,9
Mateus Gonçalo Espanha Fernandes,West Ham,MID,708,17,5.5,4.5,2
Mateus Gonçalo Espanha Fernandes,West Ham,MID,708,18,5.5,4.23,2
Mateus Gonçalo Espanha Fernandes,West Ham,MID,708,19,5.5,3.98,3
Mateus Gonçalo Espanha Fernandes,West Ham,MID,708,20,5.5,4.11,2
Mateus Gonçalo Espanha Fernandes,West Ham,MID,708,21,5.5,3.93,2
Mateus Gonçalo Espanha Fernandes,West Ham,MID,708,22,5.5,3.93,9
Mateus Gonçalo Espanha Fernandes,West Ham,MID,708,23,5.5,4.41,8
Mateus Gonçalo Espanha Fernandes,West Ham,MID,708,24,5.5,4.88,4
Mateus Gonçalo Espanha Fernandes,West Ham,MID,708,25,5.5,5.17,8
Mateus Gonçalo Espanha Fernandes,West Ham,MID,708,26,5.5,5.12,3
Mateus Gonçalo Espanha Fernandes,West Ham,MID,708,27,5.5,5.05,5
Mateus Gonçalo Espanha Fernandes,West Ham,MID,708,28,5.5,5.1,2
Ladislav Krejcí,Wolves,DEF,709,15,4.5,1.98,1
Ladislav Krejcí,Wolves,DEF,709,16,4.5,2.48,2
Ladislav Krejcí,Wolves,DEF,709,17,4.5,2.47,1
Ladislav Krejcí,Wolves,DEF,709,18,4.5,2.86,1
Ladislav Krejcí,Wolves,DEF,709,19,4.5,3.17,8
Ladislav Krejcí,Wolves,DEF,709,20,4.5,3.54,6
Ladislav Krejcí,Wolves,DEF,709,21,4.5,3.97,2
Ladislav Krejcí,Wolves,DEF,709,22,4.5,3.93,6
Ladislav Krejcí,Wolves,DEF,709,23,4.5,3.93,1
Ladislav Krejcí,Wolves,DEF,709,24,4.5,2.2,0
Ladislav Krejcí,Wolves,DEF,709,25,4.5,1.72,1
Ladislav Krejcí,Wolves,DEF,709,26,4.5,3.11,8
Ladislav Krejcí,Wolves,DEF,709,26,4.5,3.19,1
Ladislav Krejcí,Wolves,DEF,709,27,4.5,1.43,-1
Ladislav Krejcí,Wolves,DEF,709,28,4.5,1.81,0
Travis Patterson,Aston Villa,DEF,710,15,3.9,0.0,0
Travis Patterson,Aston Villa,DEF,710,16,3.9,0.02,0
Travis Patterson,Aston Villa,DEF,710,17,3.9,0.0,0
Travis Patterson,Aston Villa,DEF,710,18,3.9,0.0,0
Travis Patterson,Aston Villa,DEF,710,19,3.9,0.0,0
Travis Patterson,Aston Villa,DEF,710,20,3.9,0.0,0
Travis Patterson,Aston Villa,DEF,710,21,3.9,0.0,0
Travis Patterson,Aston Villa,DEF,710,22,3.9,0.0,0
Travis Patterson,Aston Villa,DEF,710,23,3.9,0.0,0
Travis Patterson,Aston Villa,DEF,710,24,3.9,0.0,0
Travis Patterson,Aston Villa,DEF,710,25,3.9,0.0,0
Travis Patterson,Aston Villa,DEF,710,26,3.9,0.0,0
Travis Patterson,Aston Villa,DEF,710,27,3.9,0.0,0
Travis Patterson,Aston Villa,DEF,710,28,3.9,0.0,0
Andre Harriman-Annous,Arsenal,MID,711,15,4.5,0.0,0
Andre Harriman-Annous,Arsenal,MID,711,16,4.5,0.0,0
Andre Harriman-Annous,Arsenal,MID,711,17,4.5,0.0,0
Andre Harriman-Annous,Arsenal,MID,711,18,4.5,0.0,0
Andre Harriman-Annous,Arsenal,MID,711,19,4.5,0.0,0
Andre Harriman-Annous,Arsenal,MID,711,20,4.5,0.0,0
Andre Harriman-Annous,Arsenal,MID,711,21,4.5,0.0,0
Andre Harriman-Annous,Arsenal,MID,711,22,4.5,0.0,0
Andre Harriman-Annous,Arsenal,MID,711,23,4.4,0.0,0
Andre Harriman-Annous,Arsenal,MID,711,24,4.4,0.0,0
Andre Harriman-Annous,Arsenal,MID,711,25,4.4,0.0,0
Andre Harriman-Annous,Arsenal,MID,711,26,4.4,0.0,0
Andre Harriman-Annous,Arsenal,MID,711,26,4.4,0.0,0
Andre Harriman-Annous,Arsenal,MID,711,27,4.4,0.0,0
Andre Harriman-Annous,Arsenal,MID,711,28,4.4,0.0,0
Yéremy Pino Santos,Crystal Palace,MID,712,15,5.8,3.94,5
Yéremy Pino Santos,Crystal Palace,MID,712,16,5.8,3.95,2
Yéremy Pino Santos,Crystal Palace,MID,712,17,5.8,4.15,2
Yéremy Pino Santos,Crystal Palace,MID,712,18,5.8,3.86,4
Yéremy Pino Santos,Crystal Palace,MID,712,19,5.8,3.77,2
Yéremy Pino Santos,Crystal Palace,MID,712,20,5.8,3.78,2
Yéremy Pino Santos,Crystal Palace,MID,712,21,5.8,3.67,3
Yéremy Pino Santos,Crystal Palace,MID,712,22,5.8,3.85,9
Yéremy Pino Santos,Crystal Palace,MID,712,23,5.8,2.48,1
Yéremy Pino Santos,Crystal Palace,MID,712,24,5.8,3.61,1
Yéremy Pino Santos,Crystal Palace,MID,712,25,5.8,2.18,1
Yéremy Pino Santos,Crystal Palace,MID,712,26,5.8,1.85,1
Yéremy Pino Santos,Crystal Palace,MID,712,27,5.8,3.42,3
Yéremy Pino Santos,Crystal Palace,MID,712,28,5.8,1.72,1
Álex Jiménez Sánchez,Bournemouth,DEF,713,15,4.5,2.66,6
Álex Jiménez Sánchez,Bournemouth,DEF,713,16,4.5,3.31,3
Álex Jiménez Sánchez,Bournemouth,DEF,713,17,4.5,3.98,2
Álex Jiménez Sánchez,Bournemouth,DEF,713,18,4.5,3.77,3
Álex Jiménez Sánchez,Bournemouth,DEF,713,19,4.5,3.72,3
Álex Jiménez Sánchez,Bournemouth,DEF,713,20,4.5,3.36,1
Álex Jiménez Sánchez,Bournemouth,DEF,713,21,4.5,3.22,0
Álex Jiménez Sánchez,Bournemouth,DEF,713,22,4.5,3.27,2
Álex Jiménez Sánchez,Bournemouth,DEF,713,23,4.5,3.27,7
Álex Jiménez Sánchez,Bournemouth,DEF,713,24,4.5,3.81,5
Álex Jiménez Sánchez,Bournemouth,DEF,713,25,4.5,3.69,1
Álex Jiménez Sánchez,Bournemouth,DEF,713,26,4.5,3.72,1
Álex Jiménez Sánchez,Bournemouth,DEF,713,27,4.5,3.98,6
Álex Jiménez Sánchez,Bournemouth,DEF,713,28,4.5,3.97,2
Nick Woltemade,Newcastle,FWD,714,15,7.5,5.11,2
Nick Woltemade,Newcastle,FWD,714,16,7.5,4.87,0
Nick Woltemade,Newcastle,FWD,714,17,7.3,4.79,13
Nick Woltemade,Newcastle,FWD,714,18,7.3,4.9,2
Nick Woltemade,Newcastle,FWD,714,19,7.4,3.24,1
Nick Woltemade,Newcastle,FWD,714,20,7.4,2.97,1
Nick Woltemade,Newcastle,FWD,714,21,7.3,4.25,5
Nick Woltemade,Newcastle,FWD,714,22,7.3,4.55,2
Nick Woltemade,Newcastle,FWD,714,23,7.2,2.87,1
Nick Woltemade,Newcastle,FWD,714,24,7.1,2.96,1
Nick Woltemade,Newcastle,FWD,714,25,7.0,2.45,1
Nick Woltemade,Newcastle,FWD,714,26,6.9,2.36,1
Nick Woltemade,Newcastle,FWD,714,27,6.9,2.17,1
Nick Woltemade,Newcastle,FWD,714,28,6.8,2.13,1
John Victor Maciel Furtado,Nott'm Forest,GK,715,15,4.0,0.0,0
John Victor Maciel Furtado,Nott'm Forest,GK,715,16,4.0,1.47,6
John Victor Maciel Furtado,Nott'm Forest,GK,715,17,4.0,1.84,1
John Victor Maciel Furtado,Nott'm Forest,GK,715,18,4.0,2.43,2
John Victor Maciel Furtado,Nott'm Forest,GK,715,19,4.0,2.6,1
John Victor Maciel Furtado,Nott'm Forest,GK,715,20,4.0,2.47,1
John Victor Maciel Furtado,Nott'm Forest,GK,715,21,4.0,0.98,0
John Victor Maciel Furtado,Nott'm Forest,GK,715,22,4.0,0.37,0
John Victor Maciel Furtado,Nott'm Forest,GK,715,23,4.0,0.15,0
John Victor Maciel Furtado,Nott'm Forest,GK,715,24,4.0,0.0,0
John Victor Maciel Furtado,Nott'm Forest,GK,715,25,4.0,0.0,0
John Victor Maciel Furtado,Nott'm Forest,GK,715,26,4.0,0.0,0
John Victor Maciel Furtado,Nott'm Forest,GK,715,27,4.0,0.0,0
John Victor Maciel Furtado,Nott'm Forest,GK,715,28,4.0,0.0,0
Nicolò Savona,Nott'm Forest,DEF,716,15,4.5,2.65,-1
Nicolò Savona,Nott'm Forest,DEF,716,16,4.5,3.53,5
Nicolò Savona,Nott'm Forest,DEF,716,17,4.5,3.97,2
Nicolò Savona,Nott'm Forest,DEF,716,18,4.5,3.15,1
Nicolò Savona,Nott'm Forest,DEF,716,19,4.5,2.03,0
Nicolò Savona,Nott'm Forest,DEF,716,20,4.5,1.39,1
Nicolò Savona,Nott'm Forest,DEF,716,21,4.5,1.23,0
Nicolò Savona,Nott'm Forest,DEF,716,22,4.5,0.71,0
Nicolò Savona,Nott'm Forest,DEF,716,23,4.5,0.76,0
Nicolò Savona,Nott'm Forest,DEF,716,24,4.5,0.56,0
Nicolò Savona,Nott'm Forest,DEF,716,25,4.5,0.66,0
Nicolò Savona,Nott'm Forest,DEF,716,26,4.5,0.6,0
Nicolò Savona,Nott'm Forest,DEF,716,27,4.5,0.55,0
Nicolò Savona,Nott'm Forest,DEF,716,28,4.5,0.63,0
Xavi Simons,Spurs,MID,717,15,6.5,3.23,14
Xavi Simons,Spurs,MID,717,16,6.5,4.1,4
Xavi Simons,Spurs,MID,717,17,6.5,0.75,-2
Xavi Simons,Spurs,MID,717,18,6.5,2.57,0
Xavi Simons,Spurs,MID,717,19,6.5,1.72,0
Xavi Simons,Spurs,MID,717,20,6.5,1.19,0
Xavi Simons,Spurs,MID,717,21,6.5,2.79,5
Xavi Simons,Spurs,MID,717,22,6.5,3.31,2
Xavi Simons,Spurs,MID,717,23,6.5,3.79,4
Xavi Simons,Spurs,MID,717,24,6.5,4.32,6
Xavi Simons,Spurs,MID,717,25,6.5,4.63,2
Xavi Simons,Spurs,MID,717,26,6.5,4.29,1
Xavi Simons,Spurs,MID,717,27,6.5,4.38,2
Xavi Simons,Spurs,MID,717,28,6.5,2.51,1
Soungoutou Magassa,West Ham,MID,718,15,5.0,1.52,1
Soungoutou Magassa,West Ham,MID,718,16,5.0,3.16,4
Soungoutou Magassa,West Ham,MID,718,17,5.0,3.4,2
Soungoutou Magassa,West Ham,MID,718,18,5.0,3.13,5
Soungoutou Magassa,West Ham,MID,718,19,5.0,3.73,2
Soungoutou Magassa,West Ham,MID,718,20,5.0,1.9,1
Soungoutou Magassa,West Ham,MID,718,21,5.0,1.51,0
Soungoutou Magassa,West Ham,MID,718,22,5.0,1.01,0
Soungoutou Magassa,West Ham,MID,718,23,5.0,0.62,0
Soungoutou Magassa,West Ham,MID,718,24,5.0,0.42,0
Soungoutou Magassa,West Ham,MID,718,25,5.0,0.36,0
Soungoutou Magassa,West Ham,MID,718,26,5.0,0.3,1
Soungoutou Magassa,West Ham,MID,718,27,5.0,2.09,3
Soungoutou Magassa,West Ham,MID,718,28,5.0,2.31,1
Victor Lindelöf,Aston Villa,DEF,719,15,4.5,0.25,1
Victor Lindelöf,Aston Villa,DEF,719,16,4.5,2.13,4
Victor Lindelöf,Aston Villa,DEF,719,17,4.5,2.58,2
Victor Lindelöf,Aston Villa,DEF,719,18,4.5,3.1,2
Victor Lindelöf,Aston Villa,DEF,719,19,4.5,3.13,0
Victor Lindelöf,Aston Villa,DEF,719,20,4.5,3.05,2
Victor Lindelöf,Aston Villa,DEF,719,21,4.5,3.15,6
Victor Lindelöf,Aston Villa,DEF,719,22,4.5,1.72,0
Victor Lindelöf,Aston Villa,DEF,719,23,4.5,1.5,1
Victor Lindelöf,Aston Villa,DEF,719,24,4.5,1.11,0
Victor Lindelöf,Aston Villa,DEF,719,25,4.5,0.66,0
Victor Lindelöf,Aston Villa,DEF,719,26,4.5,0.53,1
Victor Lindelöf,Aston Villa,DEF,719,27,4.5,0.46,0
Victor Lindelöf,Aston Villa,DEF,719,28,4.5,0.51,0
Tolu Arokodare,Wolves,FWD,720,15,5.4,1.09,1
Tolu Arokodare,Wolves,FWD,720,16,5.4,1.34,7
Tolu Arokodare,Wolves,FWD,720,17,5.4,1.28,1
Tolu Arokodare,Wolves,FWD,720,18,5.4,2.96,5
Tolu Arokodare,Wolves,FWD,720,19,5.4,3.57,2
Tolu Arokodare,Wolves,FWD,720,20,5.4,3.58,2
Tolu Arokodare,Wolves,FWD,720,21,5.4,3.91,2
Tolu Arokodare,Wolves,FWD,720,22,5.4,3.56,2
Tolu Arokodare,Wolves,FWD,720,23,5.4,2.05,1
Tolu Arokodare,Wolves,FWD,720,24,5.4,3.32,2
Tolu Arokodare,Wolves,FWD,720,25,5.4,3.39,8
Tolu Arokodare,Wolves,FWD,720,26,5.4,3.87,2
Tolu Arokodare,Wolves,FWD,720,26,5.4,4.08,2
Tolu Arokodare,Wolves,FWD,720,27,5.4,3.58,0
Tolu Arokodare,Wolves,FWD,720,28,5.4,1.9,1
Veljko Milosavljevic,Bournemouth,DEF,721,15,4.5,0.84,0
Veljko Milosavljevic,Bournemouth,DEF,721,16,4.5,0.93,0
Veljko Milosavljevic,Bournemouth,DEF,721,17,4.5,0.85,0
Veljko Milosavljevic,Bournemouth,DEF,721,18,4.4,0.43,0
Veljko Milosavljevic,Bournemouth,DEF,721,19,4.4,0.41,0
Veljko Milosavljevic,Bournemouth,DEF,721,20,4.4,0.31,0
Veljko Milosavljevic,Bournemouth,DEF,721,21,4.4,0.31,1
Veljko Milosavljevic,Bournemouth,DEF,721,22,4.4,0.41,1
Veljko Milosavljevic,Bournemouth,DEF,721,23,4.4,0.43,0
Veljko Milosavljevic,Bournemouth,DEF,721,24,4.4,0.52,0
Veljko Milosavljevic,Bournemouth,DEF,721,25,4.4,0.38,0
Veljko Milosavljevic,Bournemouth,DEF,721,26,4.4,0.41,0
Veljko Milosavljevic,Bournemouth,DEF,721,27,4.4,0.38,0
Veljko Milosavljevic,Bournemouth,DEF,721,28,4.4,0.3,0
Florentino Ibrain Morris Luís,Burnley,MID,722,15,5.0,3.45,2
Florentino Ibrain Morris Luís,Burnley,MID,722,16,5.0,3.38,2
Florentino Ibrain Morris Luís,Burnley,MID,722,17,5.0,1.61,0
Florentino Ibrain Morris Luís,Burnley,MID,722,18,5.0,1.16,1
Florentino Ibrain Morris Luís,Burnley,MID,722,19,5.0,2.61,3
Florentino Ibrain Morris Luís,Burnley,MID,722,20,5.0,2.94,3
Florentino Ibrain Morris Luís,Burnley,MID,722,21,5.0,3.43,2
Florentino Ibrain Morris Luís,Burnley,MID,722,22,5.0,3.81,7
Florentino Ibrain Morris Luís,Burnley,MID,722,23,5.0,4.07,4
Florentino Ibrain Morris Luís,Burnley,MID,722,24,5.0,4.05,2
Florentino Ibrain Morris Luís,Burnley,MID,722,25,5.0,2.29,0
Florentino Ibrain Morris Luís,Burnley,MID,722,26,5.0,1.81,1
Florentino Ibrain Morris Luís,Burnley,MID,722,27,5.0,1.45,0
Florentino Ibrain Morris Luís,Burnley,MID,722,28,5.0,0.97,1
Jaydee Canvot,Crystal Palace,DEF,723,15,4.5,0.8,1
Jaydee Canvot,Crystal Palace,DEF,723,16,4.5,0.72,0
Jaydee Canvot,Crystal Palace,DEF,723,17,4.5,0.61,0
Jaydee Canvot,Crystal Palace,DEF,723,18,4.5,0.42,0
Jaydee Canvot,Crystal Palace,DEF,723,19,4.5,0.38,1
Jaydee Canvot,Crystal Palace,DEF,723,20,4.5,0.83,2
Jaydee Canvot,Crystal Palace,DEF,723,21,4.5,2.46,10
Jaydee Canvot,Crystal Palace,DEF,723,22,4.5,1.97,0
Jaydee Canvot,Crystal Palace,DEF,723,23,4.5,2.94,0
Jaydee Canvot,Crystal Palace,DEF,723,24,4.5,1.64,0
Jaydee Canvot,Crystal Palace,DEF,723,25,4.5,0.94,0
Jaydee Canvot,Crystal Palace,DEF,723,26,4.5,0.83,0
Jaydee Canvot,Crystal Palace,DEF,723,27,4.5,2.07,5
Jaydee Canvot,Crystal Palace,DEF,723,28,4.5,2.78,3
Lutsharel Geertruida,Sunderland,DEF,724,15,4.5,2.39,1
Lutsharel Geertruida,Sunderland,DEF,724,16,4.5,0.92,0
Lutsharel Geertruida,Sunderland,DEF,724,17,4.5,2.57,6
Lutsharel Geertruida,Sunderland,DEF,724,18,4.5,3.05,2
Lutsharel Geertruida,Sunderland,DEF,724,19,4.5,3.13,6
Lutsharel Geertruida,Sunderland,DEF,724,20,4.5,3.99,2
Lutsharel Geertruida,Sunderland,DEF,724,21,4.5,3.46,1
Lutsharel Geertruida,Sunderland,DEF,724,22,4.5,1.95,0
Lutsharel Geertruida,Sunderland,DEF,724,23,4.5,1.32,0
Lutsharel Geertruida,Sunderland,DEF,724,24,4.5,0.88,1
Lutsharel Geertruida,Sunderland,DEF,724,25,4.5,0.69,1
Lutsharel Geertruida,Sunderland,DEF,724,26,4.5,0.71,1
Lutsharel Geertruida,Sunderland,DEF,724,27,4.5,2.2,1
Lutsharel Geertruida,Sunderland,DEF,724,28,4.5,2.77,4
Piero Hincapié,Arsenal,DEF,725,15,5.4,4.16,3
Piero Hincapié,Arsenal,DEF,725,16,5.5,4.47,4
Piero Hincapié,Arsenal,DEF,725,17,5.5,4.53,10
Piero Hincapié,Arsenal,DEF,725,18,5.5,4.37,1
Piero Hincapié,Arsenal,DEF,725,19,5.5,4.54,2
Piero Hincapié,Arsenal,DEF,725,20,5.4,4.03,1
Piero Hincapié,Arsenal,DEF,725,21,5.3,2.1,1
Piero Hincapié,Arsenal,DEF,725,22,5.2,1.94,0
Piero Hincapié,Arsenal,DEF,725,23,5.2,1.38,0
Piero Hincapié,Arsenal,DEF,725,24,5.1,2.98,6
Piero Hincapié,Arsenal,DEF,725,25,5.1,1.61,1
Piero Hincapié,Arsenal,DEF,725,26,5.1,3.44,7
Piero Hincapié,Arsenal,DEF,725,26,5.1,4.2,8
Piero Hincapié,Arsenal,DEF,725,27,5.1,4.31,4
Piero Hincapié,Arsenal,DEF,725,28,5.1,4.49,0
Randal Kolo Muani,Spurs,FWD,726,15,6.9,3.79,2
Randal Kolo Muani,Spurs,FWD,726,16,6.9,4.06,2
Randal Kolo Muani,Spurs,FWD,726,17,6.9,3.94,2
Randal Kolo Muani,Spurs,FWD,726,18,6.9,4.08,2
Randal Kolo Muani,Spurs,FWD,726,19,6.9,2.46,1
Randal Kolo Muani,Spurs,FWD,726,20,6.9,3.75,2
Randal Kolo Muani,Spurs,FWD,726,21,6.9,3.5,1
Randal Kolo Muani,Spurs,FWD,726,22,6.9,3.81,2
Randal Kolo Muani,Spurs,FWD,726,23,6.9,2.46,0
Randal Kolo Muani,Spurs,FWD,726,24,6.9,3.61,2
Randal Kolo Muani,Spurs,FWD,726,25,6.9,2.07,1
Randal Kolo Muani,Spurs,FWD,726,26,6.9,1.71,1
Randal Kolo Muani,Spurs,FWD,726,27,6.9,3.52,7
Randal Kolo Muani,Spurs,FWD,726,28,6.9,2.12,1
Samuel Chukwueze,Fulham,MID,727,15,5.3,4.08,2
Samuel Chukwueze,Fulham,MID,727,16,5.3,4.0,5
Samuel Chukwueze,Fulham,MID,727,17,5.3,2.19,0
Samuel Chukwueze,Fulham,MID,727,18,5.3,1.83,0
Samuel Chukwueze,Fulham,MID,727,19,5.3,1.39,0
Samuel Chukwueze,Fulham,MID,727,20,5.3,0.64,0
Samuel Chukwueze,Fulham,MID,727,21,5.3,0.62,0
Samuel Chukwueze,Fulham,MID,727,22,5.3,0.56,0
Samuel Chukwueze,Fulham,MID,727,23,5.3,0.89,6
Samuel Chukwueze,Fulham,MID,727,24,5.3,2.58,2
Samuel Chukwueze,Fulham,MID,727,25,5.3,2.87,3
Samuel Chukwueze,Fulham,MID,727,26,5.3,1.75,1
Samuel Chukwueze,Fulham,MID,727,27,5.3,1.72,0
Samuel Chukwueze,Fulham,MID,727,28,5.3,1.3,1
Merlin Röhl,Everton,MID,728,15,5.0,0.13,0
Merlin Röhl,Everton,MID,728,16,5.0,0.19,0
Merlin Röhl,Everton,MID,728,17,5.0,0.08,1
Merlin Röhl,Everton,MID,728,18,5.0,0.29,1
Merlin Röhl,Everton,MID,728,19,5.0,2.13,5
Merlin Röhl,Everton,MID,728,20,5.0,1.0,1
Merlin Röhl,Everton,MID,728,21,5.0,1.02,1
Merlin Röhl,Everton,MID,728,22,5.0,2.7,3
Merlin Röhl,Everton,MID,728,23,5.0,0.99,0
Merlin Röhl,Everton,MID,728,24,5.0,0.86,0
Merlin Röhl,Everton,MID,728,25,5.0,0.67,0
Merlin Röhl,Everton,MID,728,26,5.0,0.21,0
Merlin Röhl,Everton,MID,728,27,5.0,0.17,0
Merlin Röhl,Everton,MID,728,28,5.0,0.2,0
Luis Eduardo Soares da Silva,Nott'm Forest,DEF,729,15,4.5,0.28,0
Luis Eduardo Soares da Silva,Nott'm Forest,DEF,729,16,4.5,0.24,0
Luis Eduardo Soares da Silva,Nott'm Forest,DEF,729,17,4.5,0.24,0
Luis Eduardo Soares da Silva,Nott'm Forest,DEF,729,18,4.5,0.13,0
Luis Eduardo Soares da Silva,Nott'm Forest,DEF,729,19,4.5,0.13,0
Luis Eduardo Soares da Silva,Nott'm Forest,DEF,729,20,4.5,0.22,0
Luis Eduardo Soares da Silva,Nott'm Forest,DEF,729,21,4.5,0.23,0
Luis Eduardo Soares da Silva,Nott'm Forest,DEF,729,22,4.5,0.09,0
Luis Eduardo Soares da Silva,Nott'm Forest,DEF,729,23,4.5,0.17,0
Luis Eduardo Soares da Silva,Nott'm Forest,DEF,729,24,4.5,0.16,0
Luis Eduardo Soares da Silva,Nott'm Forest,DEF,729,25,4.5,0.25,0
Luis Eduardo Soares da Silva,Nott'm Forest,DEF,729,26,4.5,0.15,0
Luis Eduardo Soares da Silva,Nott'm Forest,DEF,729,27,4.5,0.09,0
Luis Eduardo Soares da Silva,Nott'm Forest,DEF,729,28,4.5,0.17,0
Brian Brobbey,Sunderland,FWD,730,15,5.5,1.72,1
Brian Brobbey,Sunderland,FWD,730,16,5.5,3.01,1
Brian Brobbey,Sunderland,FWD,730,17,5.5,3.45,2
Brian Brobbey,Sunderland,FWD,730,18,5.5,3.42,2
Brian Brobbey,Sunderland,FWD,730,19,5.5,1.82,1
Brian Brobbey,Sunderland,FWD,730,20,5.5,3.47,9
Brian Brobbey,Sunderland,FWD,730,21,5.5,3.87,2
Brian Brobbey,Sunderland,FWD,730,22,5.5,3.96,9
Brian Brobbey,Sunderland,FWD,730,23,5.5,4.7,7
Brian Brobbey,Sunderland,FWD,730,24,5.6,4.59,2
Brian Brobbey,Sunderland,FWD,730,25,5.6,4.18,1
Brian Brobbey,Sunderland,FWD,730,26,5.5,4.02,2
Brian Brobbey,Sunderland,FWD,730,27,5.5,3.75,1
Brian Brobbey,Sunderland,FWD,730,28,5.5,2.32,0
Kevin Santos Lopes de Macedo,Fulham,MID,731,15,5.8,1.18,1
Kevin Santos Lopes de Macedo,Fulham,MID,731,16,5.8,1.04,0
Kevin Santos Lopes de Macedo,Fulham,MID,731,17,5.8,2.55,6
Kevin Santos Lopes de Macedo,Fulham,MID,731,18,5.8,3.22,3
Kevin Santos Lopes de Macedo,Fulham,MID,731,19,5.8,3.41,2
Kevin Santos Lopes de Macedo,Fulham,MID,731,20,5.8,2.46,4
Kevin Santos Lopes de Macedo,Fulham,MID,731,21,5.8,1.98,1
Kevin Santos Lopes de Macedo,Fulham,MID,731,22,5.8,1.83,1
Kevin Santos Lopes de Macedo,Fulham,MID,731,23,5.8,1.46,1
Kevin Santos Lopes de Macedo,Fulham,MID,731,24,5.8,1.73,6
Kevin Santos Lopes de Macedo,Fulham,MID,731,25,5.8,1.46,1
Kevin Santos Lopes de Macedo,Fulham,MID,731,26,5.8,1.39,1
Kevin Santos Lopes de Macedo,Fulham,MID,731,27,5.8,1.35,1
Kevin Santos Lopes de Macedo,Fulham,MID,731,28,5.8,1.3,0
Christantus Uche,Crystal Palace,FWD,732,15,5.5,0.76,1
Christantus Uche,Crystal Palace,FWD,732,16,5.5,0.84,1
Christantus Uche,Crystal Palace,FWD,732,17,5.5,1.28,4
Christantus Uche,Crystal Palace,FWD,732,18,5.5,1.25,1
Christantus Uche,Crystal Palace,FWD,732,19,5.5,1.23,1
Christantus Uche,Crystal Palace,FWD,732,20,5.5,1.28,1
Christantus Uche,Crystal Palace,FWD,732,21,5.5,1.0,0
Christantus Uche,Crystal Palace,FWD,732,22,5.5,0.95,0
Christantus Uche,Crystal Palace,FWD,732,23,5.5,0.73,1
Christantus Uche,Crystal Palace,FWD,732,24,5.5,0.78,1
Christantus Uche,Crystal Palace,FWD,732,25,5.5,0.9,0
Christantus Uche,Crystal Palace,FWD,732,26,5.5,0.82,1
Christantus Uche,Crystal Palace,FWD,732,27,5.5,0.83,0
Christantus Uche,Crystal Palace,FWD,732,28,5.5,0.73,0
Senne Lammens,Man Utd,GK,733,15,5.1,3.43,2
Senne Lammens,Man Utd,GK,733,16,5.1,3.02,1
Senne Lammens,Man Utd,GK,733,17,5.0,2.93,1
Senne Lammens,Man Utd,GK,733,18,5.0,3.17,9
Senne Lammens,Man Utd,GK,733,19,5.0,3.71,3
Senne Lammens,Man Utd,GK,733,20,5.0,3.95,2
Senne Lammens,Man Utd,GK,733,21,5.0,3.73,1
Senne Lammens,Man Utd,GK,733,22,5.0,3.53,6
Senne Lammens,Man Utd,GK,733,23,5.0,3.83,2
Senne Lammens,Man Utd,GK,733,24,5.0,3.67,2
Senne Lammens,Man Utd,GK,733,25,5.0,3.77,6
Senne Lammens,Man Utd,GK,733,26,5.0,3.93,2
Senne Lammens,Man Utd,GK,733,27,5.0,4.05,9
Senne Lammens,Man Utd,GK,733,28,5.0,4.5,2
Dilane Bakwa,Nott'm Forest,MID,734,15,5.9,0.61,0
Dilane Bakwa,Nott'm Forest,MID,734,16,5.9,0.57,0
Dilane Bakwa,Nott'm Forest,MID,734,17,5.9,0.6,0
Dilane Bakwa,Nott'm Forest,MID,734,18,5.9,0.5,1
Dilane Bakwa,Nott'm Forest,MID,734,19,5.9,0.56,1
Dilane Bakwa,Nott'm Forest,MID,734,20,5.9,2.44,4
Dilane Bakwa,Nott'm Forest,MID,734,21,5.9,1.48,1
Dilane Bakwa,Nott'm Forest,MID,734,22,5.9,1.41,0
Dilane Bakwa,Nott'm Forest,MID,734,23,5.9,1.36,0
Dilane Bakwa,Nott'm Forest,MID,734,24,5.9,0.74,0
Dilane Bakwa,Nott'm Forest,MID,734,25,5.9,0.67,0
Dilane Bakwa,Nott'm Forest,MID,734,26,5.9,0.56,0
Dilane Bakwa,Nott'm Forest,MID,734,27,5.9,0.5,1
Dilane Bakwa,Nott'm Forest,MID,734,28,5.9,0.71,1
Bertrand Traoré,Sunderland,MID,735,15,5.5,1.57,1
Bertrand Traoré,Sunderland,MID,735,16,5.5,2.94,3
Bertrand Traoré,Sunderland,MID,735,17,5.5,1.36,0
Bertrand Traoré,Sunderland,MID,735,18,5.5,1.26,0
Bertrand Traoré,Sunderland,MID,735,19,5.5,0.88,0
Bertrand Traoré,Sunderland,MID,735,20,5.5,0.64,0
Bertrand Traoré,Sunderland,MID,735,21,5.5,0.63,0
Bertrand Traoré,Sunderland,MID,735,22,5.5,0.51,0
Bertrand Traoré,Sunderland,MID,735,23,5.5,0.54,0
Bertrand Traoré,Sunderland,MID,735,24,5.5,0.47,0
Bertrand Traoré,Sunderland,MID,735,25,5.5,0.5,0
Bertrand Traoré,Sunderland,MID,735,26,5.5,0.43,0
Bertrand Traoré,Sunderland,MID,735,27,5.5,0.45,0
Bertrand Traoré,Sunderland,MID,735,28,5.5,0.54,1
Gianluigi Donnarumma,Man City,GK,736,15,5.7,3.91,6
Gianluigi Donnarumma,Man City,GK,736,16,5.7,4.29,7
Gianluigi Donnarumma,Man City,GK,736,17,5.7,4.31,7
Gianluigi Donnarumma,Man City,GK,736,18,5.7,5.13,2
Gianluigi Donnarumma,Man City,GK,736,19,5.7,4.78,7
Gianluigi Donnarumma,Man City,GK,736,20,5.7,4.82,2
Gianluigi Donnarumma,Man City,GK,736,21,5.7,4.18,1
Gianluigi Donnarumma,Man City,GK,736,22,5.7,4.44,2
Gianluigi Donnarumma,Man City,GK,736,23,5.7,4.1,8
Gianluigi Donnarumma,Man City,GK,736,24,5.6,4.47,2
Gianluigi Donnarumma,Man City,GK,736,25,5.6,4.43,3
Gianluigi Donnarumma,Man City,GK,736,26,5.6,4.48,7
Gianluigi Donnarumma,Man City,GK,736,27,5.6,4.57,5
Gianluigi Donnarumma,Man City,GK,736,28,5.6,4.98,5
Jonah Kusi-Asare,Fulham,FWD,737,15,4.5,0.17,0
Jonah Kusi-Asare,Fulham,FWD,737,16,4.5,0.26,0
Jonah Kusi-Asare,Fulham,FWD,737,17,4.5,0.21,1
Jonah Kusi-Asare,Fulham,FWD,737,18,4.5,0.29,0
Jonah Kusi-Asare,Fulham,FWD,737,19,4.5,0.24,0
Jonah Kusi-Asare,Fulham,FWD,737,20,4.5,0.18,1
Jonah Kusi-Asare,Fulham,FWD,737,21,4.5,0.2,0
Jonah Kusi-Asare,Fulham,FWD,737,22,4.5,0.23,0
Jonah Kusi-Asare,Fulham,FWD,737,23,4.5,0.24,0
Jonah Kusi-Asare,Fulham,FWD,737,24,4.5,0.24,0
Jonah Kusi-Asare,Fulham,FWD,737,25,4.5,0.17,0
Jonah Kusi-Asare,Fulham,FWD,737,26,4.5,0.1,0
Jonah Kusi-Asare,Fulham,FWD,737,27,4.5,0.09,0
Jonah Kusi-Asare,Fulham,FWD,737,28,4.5,0.02,0
Lukasz Fabianski,West Ham,GK,738,15,4.5,0.05,0
Lukasz Fabianski,West Ham,GK,738,16,4.5,0.0,0
Lukasz Fabianski,West Ham,GK,738,17,4.5,0.0,0
Lukasz Fabianski,West Ham,GK,738,18,4.5,0.0,0
Lukasz Fabianski,West Ham,GK,738,19,4.5,0.0,0
Lukasz Fabianski,West Ham,GK,738,20,4.5,0.01,0
Lukasz Fabianski,West Ham,GK,738,21,4.5,0.0,0
Lukasz Fabianski,West Ham,GK,738,22,4.5,0.0,0
Lukasz Fabianski,West Ham,GK,738,23,4.5,0.0,0
Lukasz Fabianski,West Ham,GK,738,24,4.5,0.0,0
Lukasz Fabianski,West Ham,GK,738,25,4.5,0.0,0
Lukasz Fabianski,West Ham,GK,738,26,4.5,0.0,0
Lukasz Fabianski,West Ham,GK,738,27,4.5,0.0,0
Lukasz Fabianski,West Ham,GK,738,28,4.5,0.0,0
Divine Mukasa,Man City,MID,739,15,4.5,0.0,0
Divine Mukasa,Man City,MID,739,16,4.4,0.0,0
Divine Mukasa,Man City,MID,739,17,4.4,0.0,1
Divine Mukasa,Man City,MID,739,18,4.4,0.02,0
Divine Mukasa,Man City,MID,739,19,4.4,0.0,0
Divine Mukasa,Man City,MID,739,20,4.4,0.0,0
Divine Mukasa,Man City,MID,739,21,4.4,0.0,0
Divine Mukasa,Man City,MID,739,22,4.4,0.0,1
Divine Mukasa,Man City,MID,739,23,4.4,0.0,0
Divine Mukasa,Man City,MID,739,24,4.4,0.0,0
Divine Mukasa,Man City,MID,739,25,4.4,0.0,0
Divine Mukasa,Man City,MID,739,26,4.4,0.0,0
Divine Mukasa,Man City,MID,739,27,4.4,0.0,0
Divine Mukasa,Man City,MID,739,28,4.4,0.0,0
Stephen Mfuni,Man City,DEF,740,15,4.0,0.0,0
Stephen Mfuni,Man City,DEF,740,16,4.0,0.02,0
Stephen Mfuni,Man City,DEF,740,17,4.0,0.0,0
Stephen Mfuni,Man City,DEF,740,18,3.9,0.01,0
Stephen Mfuni,Man City,DEF,740,19,3.9,0.01,0
Stephen Mfuni,Man City,DEF,740,20,3.9,0.0,0
Stephen Mfuni,Man City,DEF,740,21,3.9,0.0,0
Stephen Mfuni,Man City,DEF,740,22,3.9,0.0,0
Stephen Mfuni,Man City,DEF,740,23,3.9,0.0,0
Stephen Mfuni,Man City,DEF,740,24,3.9,0.0,0
Stephen Mfuni,Man City,DEF,740,25,3.9,0.0,0
Stephen Mfuni,Man City,DEF,740,26,3.9,0.0,0
Stephen Mfuni,Man City,DEF,740,27,3.9,0.0,0
Stephen Mfuni,Man City,DEF,740,28,3.9,0.0,0
Harry Gray,Leeds,FWD,741,15,4.5,0.02,0
Harry Gray,Leeds,FWD,741,16,4.5,0.13,0
Harry Gray,Leeds,FWD,741,17,4.5,0.09,0
Harry Gray,Leeds,FWD,741,18,4.5,0.16,0
Harry Gray,Leeds,FWD,741,19,4.5,0.16,0
Harry Gray,Leeds,FWD,741,20,4.5,0.06,0
Harry Gray,Leeds,FWD,741,21,4.5,0.16,0
Harry Gray,Leeds,FWD,741,22,4.5,0.08,0
Harry Gray,Leeds,FWD,741,23,4.5,0.05,0
Harry Gray,Leeds,FWD,741,24,4.5,0.0,0
Harry Gray,Leeds,FWD,741,25,4.5,0.0,0
Harry Gray,Leeds,FWD,741,26,4.5,0.04,0
Harry Gray,Leeds,FWD,741,27,4.5,0.01,0
Harry Gray,Leeds,FWD,741,28,4.5,0.0,0
Ryan McAidoo,Man City,MID,742,15,4.5,0.0,0
Ryan McAidoo,Man City,MID,742,16,4.5,0.0,0
Ryan McAidoo,Man City,MID,742,17,4.5,0.0,0
Ryan McAidoo,Man City,MID,742,18,4.5,0.0,0
Ryan McAidoo,Man City,MID,742,19,4.5,0.0,0
Ryan McAidoo,Man City,MID,742,20,4.5,0.0,0
Ryan McAidoo,Man City,MID,742,21,4.5,0.0,0
Ryan McAidoo,Man City,MID,742,22,4.5,0.0,0
Ryan McAidoo,Man City,MID,742,23,4.5,0.0,0
Ryan McAidoo,Man City,MID,742,24,4.5,0.0,0
Ryan McAidoo,Man City,MID,742,25,4.5,0.0,0
Ryan McAidoo,Man City,MID,742,26,4.5,0.0,0
Ryan McAidoo,Man City,MID,742,27,4.5,0.0,0
Ryan McAidoo,Man City,MID,742,28,4.5,0.0,0
Landon Emenalo,Chelsea,MID,743,15,4.5,0.0,0
Landon Emenalo,Chelsea,MID,743,16,4.5,0.0,0
Landon Emenalo,Chelsea,MID,743,17,4.5,0.0,0
Landon Emenalo,Chelsea,MID,743,18,4.5,0.0,0
Landon Emenalo,Chelsea,MID,743,19,4.5,0.0,0
Landon Emenalo,Chelsea,MID,743,20,4.5,0.0,0
Landon Emenalo,Chelsea,MID,743,21,4.5,0.0,0
Landon Emenalo,Chelsea,MID,743,22,4.5,0.0,0
Landon Emenalo,Chelsea,MID,743,23,4.5,0.0,0
Landon Emenalo,Chelsea,MID,743,24,4.5,0.0,0
Landon Emenalo,Chelsea,MID,743,25,4.5,0.0,0
Landon Emenalo,Chelsea,MID,743,26,4.5,0.0,0
Landon Emenalo,Chelsea,MID,743,27,4.5,0.0,0
Landon Emenalo,Chelsea,MID,743,28,4.5,0.0,0
Nehemiah Oriola,Brighton,MID,744,15,4.5,0.0,0
Nehemiah Oriola,Brighton,MID,744,16,4.5,0.0,0
Nehemiah Oriola,Brighton,MID,744,17,4.5,0.0,0
Nehemiah Oriola,Brighton,MID,744,18,4.5,0.0,0
Nehemiah Oriola,Brighton,MID,744,19,4.5,0.0,0
Nehemiah Oriola,Brighton,MID,744,20,4.5,0.0,0
Nehemiah Oriola,Brighton,MID,744,21,4.5,0.0,0
Nehemiah Oriola,Brighton,MID,744,22,4.5,0.0,0
Nehemiah Oriola,Brighton,MID,744,23,4.5,0.0,0
Nehemiah Oriola,Brighton,MID,744,24,4.5,0.0,0
Nehemiah Oriola,Brighton,MID,744,25,4.5,0.0,0
Nehemiah Oriola,Brighton,MID,744,26,4.5,0.0,0
Nehemiah Oriola,Brighton,MID,744,27,4.5,0.0,0
Nehemiah Oriola,Brighton,MID,744,28,4.5,0.0,0
Jun'ai Byfield,Spurs,DEF,745,15,4.0,0.0,0
Jun'ai Byfield,Spurs,DEF,745,16,4.0,0.0,0
Jun'ai Byfield,Spurs,DEF,745,17,4.0,0.0,0
Jun'ai Byfield,Spurs,DEF,745,18,4.0,0.01,0
Jun'ai Byfield,Spurs,DEF,745,19,4.0,0.01,0
Jun'ai Byfield,Spurs,DEF,745,20,4.0,0.0,0
Jun'ai Byfield,Spurs,DEF,745,21,4.0,0.0,0
Jun'ai Byfield,Spurs,DEF,745,22,4.0,0.0,0
Jun'ai Byfield,Spurs,DEF,745,23,4.0,0.0,0
Jun'ai Byfield,Spurs,DEF,745,24,4.0,0.0,1
Jun'ai Byfield,Spurs,DEF,745,25,4.0,0.02,0
Jun'ai Byfield,Spurs,DEF,745,26,4.0,0.0,0
Jun'ai Byfield,Spurs,DEF,745,27,4.0,0.0,0
Jun'ai Byfield,Spurs,DEF,745,28,4.0,0.0,0
Kieran Morrison,Liverpool,MID,746,15,4.5,0.0,0
Kieran Morrison,Liverpool,MID,746,16,4.5,0.0,0
Kieran Morrison,Liverpool,MID,746,17,4.5,0.0,0
Kieran Morrison,Liverpool,MID,746,18,4.5,0.0,0
Kieran Morrison,Liverpool,MID,746,19,4.5,0.0,0
Kieran Morrison,Liverpool,MID,746,20,4.5,0.0,0
Kieran Morrison,Liverpool,MID,746,21,4.5,0.0,0
Kieran Morrison,Liverpool,MID,746,22,4.5,0.0,0
Kieran Morrison,Liverpool,MID,746,23,4.5,0.0,0
Kieran Morrison,Liverpool,MID,746,24,4.5,0.0,0
Kieran Morrison,Liverpool,MID,746,25,4.5,0.0,0
Kieran Morrison,Liverpool,MID,746,26,4.5,0.0,0
Kieran Morrison,Liverpool,MID,746,27,4.5,0.0,0
Kieran Morrison,Liverpool,MID,746,28,4.5,0.0,0
Ezra Mayers,West Ham,DEF,747,15,4.0,0.05,1
Ezra Mayers,West Ham,DEF,747,16,4.0,0.07,0
Ezra Mayers,West Ham,DEF,747,17,4.0,0.1,1
Ezra Mayers,West Ham,DEF,747,18,4.0,0.14,0
Ezra Mayers,West Ham,DEF,747,19,4.0,0.09,1
Ezra Mayers,West Ham,DEF,747,20,4.0,0.27,1
Ezra Mayers,West Ham,DEF,747,21,4.0,0.22,1
Ezra Mayers,West Ham,DEF,747,22,4.0,0.46,0
Ezra Mayers,West Ham,DEF,747,23,4.0,0.29,0
Ezra Mayers,West Ham,DEF,747,24,4.0,0.15,0
Ezra Mayers,West Ham,DEF,747,25,4.0,0.0,0
Ezra Mayers,West Ham,DEF,747,26,4.0,0.0,0
Ezra Mayers,West Ham,DEF,747,27,4.0,0.0,0
Ezra Mayers,West Ham,DEF,747,28,4.0,0.05,1
Josh Dasilva,Brentford,MID,748,15,4.9,0.04,0
Josh Dasilva,Brentford,MID,748,16,4.9,0.0,0
Josh Dasilva,Brentford,MID,748,17,4.9,0.08,0
Josh Dasilva,Brentford,MID,748,18,4.9,0.0,0
Josh Dasilva,Brentford,MID,748,19,4.9,0.0,0
Josh Dasilva,Brentford,MID,748,20,4.9,0.03,0
Josh Dasilva,Brentford,MID,748,21,4.9,0.0,0
Josh Dasilva,Brentford,MID,748,22,4.9,0.07,0
Josh Dasilva,Brentford,MID,748,23,4.9,0.0,0
Josh Dasilva,Brentford,MID,748,24,4.9,0.06,0
Josh Dasilva,Brentford,MID,748,25,4.9,0.08,0
Josh Dasilva,Brentford,MID,748,26,4.9,0.0,0
Josh Dasilva,Brentford,MID,748,27,4.9,0.0,0
Josh Dasilva,Brentford,MID,748,28,4.9,0.0,0
Mateus Mané,Wolves,FWD,749,15,4.5,0.31,1
Mateus Mané,Wolves,FWD,749,16,4.5,0.98,4
Mateus Mané,Wolves,FWD,749,17,4.5,0.85,1
Mateus Mané,Wolves,FWD,749,18,4.5,2.49,2
Mateus Mané,Wolves,FWD,749,19,4.5,2.79,2
Mateus Mané,Wolves,FWD,749,20,4.5,3.11,12
Mateus Mané,Wolves,FWD,749,21,4.5,4.07,9
Mateus Mané,Wolves,FWD,749,22,4.5,4.26,2
Mateus Mané,Wolves,FWD,749,23,4.5,4.32,2
Mateus Mané,Wolves,FWD,749,24,4.6,3.95,2
Mateus Mané,Wolves,FWD,749,25,4.6,3.7,2
Mateus Mané,Wolves,FWD,749,26,4.6,3.67,2
Mateus Mané,Wolves,FWD,749,26,4.6,3.5,2
Mateus Mané,Wolves,FWD,749,27,4.6,3.45,2
Mateus Mané,Wolves,FWD,749,28,4.6,3.39,2
James Rowswell,Spurs,DEF,750,15,4.0,0.08,0
James Rowswell,Spurs,DEF,750,16,4.0,0.0,0
James Rowswell,Spurs,DEF,750,17,4.0,0.0,0
James Rowswell,Spurs,DEF,750,18,4.0,0.0,0
James Rowswell,Spurs,DEF,750,19,4.0,0.01,0
James Rowswell,Spurs,DEF,750,20,4.0,0.0,0
James Rowswell,Spurs,DEF,750,21,4.0,0.0,0
James Rowswell,Spurs,DEF,750,22,4.0,0.0,0
James Rowswell,Spurs,DEF,750,23,4.0,0.0,0
James Rowswell,Spurs,DEF,750,24,4.0,0.0,0
James Rowswell,Spurs,DEF,750,25,4.0,0.0,0
James Rowswell,Spurs,DEF,750,26,4.0,0.0,0
James Rowswell,Spurs,DEF,750,27,4.0,0.0,0
James Rowswell,Spurs,DEF,750,28,4.0,0.0,0
Yusuf Akhamrich,Spurs,MID,751,15,4.5,0.0,0
Yusuf Akhamrich,Spurs,MID,751,16,4.5,0.0,0
Yusuf Akhamrich,Spurs,MID,751,17,4.5,0.0,0
Yusuf Akhamrich,Spurs,MID,751,18,4.5,0.0,0
Yusuf Akhamrich,Spurs,MID,751,19,4.5,0.0,0
Yusuf Akhamrich,Spurs,MID,751,20,4.5,0.0,0
Yusuf Akhamrich,Spurs,MID,751,21,4.5,0.0,0
Yusuf Akhamrich,Spurs,MID,751,22,4.5,0.0,0
Yusuf Akhamrich,Spurs,MID,751,23,4.5,0.0,0
Yusuf Akhamrich,Spurs,MID,751,24,4.5,0.0,0
Yusuf Akhamrich,Spurs,MID,751,25,4.5,0.0,0
Yusuf Akhamrich,Spurs,MID,751,26,4.5,0.0,0
Yusuf Akhamrich,Spurs,MID,751,27,4.5,0.0,0
Yusuf Akhamrich,Spurs,MID,751,28,4.5,0.0,0
Airidas Golambeckis,West Ham,DEF,752,15,4.0,0.12,0
Airidas Golambeckis,West Ham,DEF,752,16,4.0,0.0,0
Airidas Golambeckis,West Ham,DEF,752,17,4.0,0.0,0
Airidas Golambeckis,West Ham,DEF,752,18,4.0,0.0,0
Airidas Golambeckis,West Ham,DEF,752,19,4.0,0.0,0
Airidas Golambeckis,West Ham,DEF,752,20,4.0,0.0,0
Airidas Golambeckis,West Ham,DEF,752,21,4.0,0.0,0
Airidas Golambeckis,West Ham,DEF,752,22,4.0,0.0,0
Airidas Golambeckis,West Ham,DEF,752,23,4.0,0.0,0
Airidas Golambeckis,West Ham,DEF,752,24,4.0,0.0,0
Airidas Golambeckis,West Ham,DEF,752,25,4.0,0.0,0
Airidas Golambeckis,West Ham,DEF,752,26,4.0,0.0,0
Airidas Golambeckis,West Ham,DEF,752,27,4.0,0.0,0
Airidas Golambeckis,West Ham,DEF,752,28,4.0,0.0,0
John Ruddy,Newcastle,GK,753,15,4.0,0.0,0
John Ruddy,Newcastle,GK,753,16,4.0,0.0,0
John Ruddy,Newcastle,GK,753,17,4.0,0.0,0
John Ruddy,Newcastle,GK,753,18,4.0,0.0,0
John Ruddy,Newcastle,GK,753,19,4.0,0.0,0
John Ruddy,Newcastle,GK,753,20,4.0,0.0,0
John Ruddy,Newcastle,GK,753,21,4.0,0.0,0
John Ruddy,Newcastle,GK,753,22,4.0,0.0,0
John Ruddy,Newcastle,GK,753,23,4.0,0.0,0
John Ruddy,Newcastle,GK,753,24,4.0,0.0,0
John Ruddy,Newcastle,GK,753,25,4.0,0.0,0
John Ruddy,Newcastle,GK,753,26,4.0,0.0,0
John Ruddy,Newcastle,GK,753,27,4.0,0.0,0
John Ruddy,Newcastle,GK,753,28,4.0,0.0,0
George Hemmings,Aston Villa,MID,754,15,4.5,0.05,0
George Hemmings,Aston Villa,MID,754,16,4.5,0.01,0
George Hemmings,Aston Villa,MID,754,17,4.5,0.0,0
George Hemmings,Aston Villa,MID,754,18,4.5,0.0,0
George Hemmings,Aston Villa,MID,754,19,4.5,0.0,1
George Hemmings,Aston Villa,MID,754,20,4.5,0.0,0
George Hemmings,Aston Villa,MID,754,21,4.5,0.0,0
George Hemmings,Aston Villa,MID,754,22,4.5,0.0,1
George Hemmings,Aston Villa,MID,754,23,4.5,0.02,0
George Hemmings,Aston Villa,MID,754,24,4.5,0.0,0
George Hemmings,Aston Villa,MID,754,25,4.5,0.01,0
George Hemmings,Aston Villa,MID,754,26,4.5,0.0,0
George Hemmings,Aston Villa,MID,754,27,4.5,0.0,0
George Hemmings,Aston Villa,MID,754,28,4.5,0.0,0
Shea Lacey,Man Utd,MID,755,15,4.5,0.11,0
Shea Lacey,Man Utd,MID,755,16,4.5,0.0,0
Shea Lacey,Man Utd,MID,755,17,4.5,0.0,1
Shea Lacey,Man Utd,MID,755,18,4.5,0.0,0
Shea Lacey,Man Utd,MID,755,19,4.5,0.0,0
Shea Lacey,Man Utd,MID,755,20,4.5,0.02,0
Shea Lacey,Man Utd,MID,755,21,4.5,0.0,1
Shea Lacey,Man Utd,MID,755,22,4.5,0.11,0
Shea Lacey,Man Utd,MID,755,23,4.5,0.0,0
Shea Lacey,Man Utd,MID,755,24,4.5,0.0,0
Shea Lacey,Man Utd,MID,755,25,4.5,0.0,0
Shea Lacey,Man Utd,MID,755,26,4.5,0.0,0
Shea Lacey,Man Utd,MID,755,27,4.5,0.0,0
Shea Lacey,Man Utd,MID,755,28,4.5,0.0,0
Malcom DaCosta,Bournemouth,MID,756,15,4.5,0.01,0
Malcom DaCosta,Bournemouth,MID,756,16,4.5,0.0,0
Malcom DaCosta,Bournemouth,MID,756,17,4.5,0.0,0
Malcom DaCosta,Bournemouth,MID,756,18,4.5,0.0,0
Malcom DaCosta,Bournemouth,MID,756,19,4.5,0.0,0
Malcom DaCosta,Bournemouth,MID,756,20,4.5,0.0,0
Malcom DaCosta,Bournemouth,MID,756,21,4.5,0.0,0
Malcom DaCosta,Bournemouth,MID,756,22,4.5,0.0,0
Malcom DaCosta,Bournemouth,MID,756,23,4.5,0.0,0
Malcom DaCosta,Bournemouth,MID,756,24,4.5,0.0,0
Malcom DaCosta,Bournemouth,MID,756,25,4.5,0.0,0
Malcom DaCosta,Bournemouth,MID,756,26,4.5,0.0,0
Malcom DaCosta,Bournemouth,MID,756,27,4.5,0.0,0
Malcom DaCosta,Bournemouth,MID,756,28,4.5,0.0,0
Ronnie Hollingshead,Aston Villa,GK,757,15,4.0,0.73,0
Ronnie Hollingshead,Aston Villa,GK,757,16,4.0,0.35,0
Ronnie Hollingshead,Aston Villa,GK,757,17,4.0,0.0,0
Ronnie Hollingshead,Aston Villa,GK,757,18,4.0,0.0,0
Ronnie Hollingshead,Aston Villa,GK,757,19,4.0,0.0,0
Ronnie Hollingshead,Aston Villa,GK,757,20,4.0,0.0,0
Ronnie Hollingshead,Aston Villa,GK,757,21,4.0,0.0,0
Ronnie Hollingshead,Aston Villa,GK,757,22,4.0,0.0,0
Ronnie Hollingshead,Aston Villa,GK,757,23,4.0,0.0,0
Ronnie Hollingshead,Aston Villa,GK,757,24,4.0,0.0,0
Ronnie Hollingshead,Aston Villa,GK,757,25,4.0,0.0,0
Ronnie Hollingshead,Aston Villa,GK,757,26,4.0,0.0,0
Ronnie Hollingshead,Aston Villa,GK,757,27,4.0,0.0,0
Ronnie Hollingshead,Aston Villa,GK,757,28,4.0,0.0,0
Mohamadou Kanté,West Ham,MID,758,15,4.5,0.22,0
Mohamadou Kanté,West Ham,MID,758,16,4.5,0.1,1
Mohamadou Kanté,West Ham,MID,758,17,4.5,0.19,0
Mohamadou Kanté,West Ham,MID,758,18,4.5,0.0,0
Mohamadou Kanté,West Ham,MID,758,19,4.5,0.0,1
Mohamadou Kanté,West Ham,MID,758,20,4.5,0.0,0
Mohamadou Kanté,West Ham,MID,758,21,4.5,0.0,0
Mohamadou Kanté,West Ham,MID,758,22,4.5,0.0,0
Mohamadou Kanté,West Ham,MID,758,23,4.5,0.0,0
Mohamadou Kanté,West Ham,MID,758,24,4.5,0.0,0
Mohamadou Kanté,West Ham,MID,758,25,4.5,0.0,0
Mohamadou Kanté,West Ham,MID,758,26,4.5,0.0,0
Mohamadou Kanté,West Ham,MID,758,27,4.5,0.0,1
Mohamadou Kanté,West Ham,MID,758,28,4.5,0.0,1
Marli Salmon,Arsenal,DEF,759,15,4.0,0.0,0
Marli Salmon,Arsenal,DEF,759,16,4.0,0.14,0
Marli Salmon,Arsenal,DEF,759,17,4.0,0.09,0
Marli Salmon,Arsenal,DEF,759,18,4.0,0.0,0
Marli Salmon,Arsenal,DEF,759,19,4.0,0.0,0
Marli Salmon,Arsenal,DEF,759,20,4.0,0.0,0
Marli Salmon,Arsenal,DEF,759,21,4.0,0.0,0
Marli Salmon,Arsenal,DEF,759,22,4.0,0.0,0
Marli Salmon,Arsenal,DEF,759,23,4.0,0.0,0
Marli Salmon,Arsenal,DEF,759,24,4.0,0.05,0
Marli Salmon,Arsenal,DEF,759,25,4.0,0.0,0
Marli Salmon,Arsenal,DEF,759,26,4.0,0.0,0
Marli Salmon,Arsenal,DEF,759,26,4.0,0.0,0
Marli Salmon,Arsenal,DEF,759,27,4.0,0.0,0
Marli Salmon,Arsenal,DEF,759,28,4.0,0.0,0
Wellity Lucky,Liverpool,DEF,760,16,4.0,0.0,0
Wellity Lucky,Liverpool,DEF,760,17,4.0,0.08,0
Wellity Lucky,Liverpool,DEF,760,18,4.0,0.0,0
Wellity Lucky,Liverpool,DEF,760,19,4.0,0.0,0
Wellity Lucky,Liverpool,DEF,760,20,4.0,0.02,0
Wellity Lucky,Liverpool,DEF,760,21,4.0,0.02,0
Wellity Lucky,Liverpool,DEF,760,22,4.0,0.0,0
Wellity Lucky,Liverpool,DEF,760,23,4.0,0.0,0
Wellity Lucky,Liverpool,DEF,760,24,4.0,0.0,0
Wellity Lucky,Liverpool,DEF,760,25,4.0,0.0,0
Wellity Lucky,Liverpool,DEF,760,26,4.0,0.0,0
Wellity Lucky,Liverpool,DEF,760,27,4.0,0.0,0
Wellity Lucky,Liverpool,DEF,760,28,4.0,0.0,0
Freddie Simmonds,Brighton,DEF,761,17,4.0,0.0,0
Freddie Simmonds,Brighton,DEF,761,18,4.0,0.16,0
Freddie Simmonds,Brighton,DEF,761,19,4.0,0.02,0
Freddie Simmonds,Brighton,DEF,761,20,4.0,0.0,0
Freddie Simmonds,Brighton,DEF,761,21,4.0,0.0,0
Freddie Simmonds,Brighton,DEF,761,22,4.0,0.0,0
Freddie Simmonds,Brighton,DEF,761,23,4.0,0.0,0
Freddie Simmonds,Brighton,DEF,761,24,4.0,0.0,0
Freddie Simmonds,Brighton,DEF,761,25,4.0,0.0,0
Freddie Simmonds,Brighton,DEF,761,26,4.0,0.0,0
Freddie Simmonds,Brighton,DEF,761,27,4.0,0.0,0
Freddie Simmonds,Brighton,DEF,761,28,4.0,0.0,0
Joél Drakes-Thomas,Crystal Palace,MID,762,17,4.5,0.79,1
Joél Drakes-Thomas,Crystal Palace,MID,762,18,4.5,0.72,0
Joél Drakes-Thomas,Crystal Palace,MID,762,19,4.5,0.19,0
Joél Drakes-Thomas,Crystal Palace,MID,762,20,4.5,0.0,1
Joél Drakes-Thomas,Crystal Palace,MID,762,21,4.5,0.0,0
Joél Drakes-Thomas,Crystal Palace,MID,762,22,4.5,0.0,0
Joél Drakes-Thomas,Crystal Palace,MID,762,23,4.5,0.0,0
Joél Drakes-Thomas,Crystal Palace,MID,762,24,4.5,0.0,0
Joél Drakes-Thomas,Crystal Palace,MID,762,25,4.5,0.0,0
Joél Drakes-Thomas,Crystal Palace,MID,762,26,4.5,0.0,0
Joél Drakes-Thomas,Crystal Palace,MID,762,27,4.5,0.0,0
Joél Drakes-Thomas,Crystal Palace,MID,762,28,4.5,0.0,0
Charlie Gray,Man City,MID,763,17,4.5,0.0,0
Charlie Gray,Man City,MID,763,18,4.5,0.13,0
Charlie Gray,Man City,MID,763,19,4.5,0.0,0
Charlie Gray,Man City,MID,763,20,4.5,0.0,0
Charlie Gray,Man City,MID,763,21,4.5,0.0,0
Charlie Gray,Man City,MID,763,22,4.5,0.0,0
Charlie Gray,Man City,MID,763,23,4.5,0.0,0
Charlie Gray,Man City,MID,763,24,4.5,0.0,0
Charlie Gray,Man City,MID,763,25,4.5,0.0,0
Charlie Gray,Man City,MID,763,26,4.5,0.0,0
Charlie Gray,Man City,MID,763,27,4.5,0.0,0
Charlie Gray,Man City,MID,763,28,4.5,0.0,0
Reigan Heskey,Man City,MID,764,17,4.5,0.52,0
Reigan Heskey,Man City,MID,764,18,4.5,0.36,0
Reigan Heskey,Man City,MID,764,19,4.5,0.02,0
Reigan Heskey,Man City,MID,764,20,4.5,0.0,0
Reigan Heskey,Man City,MID,764,21,4.5,0.0,0
Reigan Heskey,Man City,MID,764,22,4.5,0.0,0
Reigan Heskey,Man City,MID,764,23,4.5,0.0,0
Reigan Heskey,Man City,MID,764,24,4.5,0.0,0
Reigan Heskey,Man City,MID,764,25,4.5,0.0,0
Reigan Heskey,Man City,MID,764,26,4.5,0.0,0
Reigan Heskey,Man City,MID,764,27,4.5,0.0,0
Reigan Heskey,Man City,MID,764,28,4.5,0.0,0
Leo Shahar,Newcastle,DEF,765,17,4.0,0.48,0
Leo Shahar,Newcastle,DEF,765,18,4.0,0.97,0
Leo Shahar,Newcastle,DEF,765,19,4.0,0.65,0
Leo Shahar,Newcastle,DEF,765,20,4.0,0.12,0
Leo Shahar,Newcastle,DEF,765,21,4.0,0.02,0
Leo Shahar,Newcastle,DEF,765,22,4.0,0.0,0
Leo Shahar,Newcastle,DEF,765,23,4.0,0.0,0
Leo Shahar,Newcastle,DEF,765,24,4.0,0.02,0
Leo Shahar,Newcastle,DEF,765,25,4.0,0.0,0
Leo Shahar,Newcastle,DEF,765,26,4.0,0.0,0
Leo Shahar,Newcastle,DEF,765,27,4.0,0.0,0
Leo Shahar,Newcastle,DEF,765,28,4.0,0.0,0
Saheed Olagunju,Wolves,DEF,766,17,4.0,1.05,0
Saheed Olagunju,Wolves,DEF,766,18,4.0,1.09,0
Saheed Olagunju,Wolves,DEF,766,19,4.0,0.66,0
Saheed Olagunju,Wolves,DEF,766,20,4.0,0.08,0
Saheed Olagunju,Wolves,DEF,766,21,4.0,0.11,0
Saheed Olagunju,Wolves,DEF,766,22,4.0,0.0,0
Saheed Olagunju,Wolves,DEF,766,23,4.0,0.04,0
Saheed Olagunju,Wolves,DEF,766,24,4.0,0.0,0
Saheed Olagunju,Wolves,DEF,766,25,4.0,0.0,0
Saheed Olagunju,Wolves,DEF,766,26,4.0,0.0,0
Saheed Olagunju,Wolves,DEF,766,26,4.0,0.0,0
Saheed Olagunju,Wolves,DEF,766,27,4.0,0.0,0
Saheed Olagunju,Wolves,DEF,766,28,4.0,0.0,0
Luke Rawlings,Wolves,MID,767,17,4.5,0.58,0
Luke Rawlings,Wolves,MID,767,18,4.5,0.51,0
Luke Rawlings,Wolves,MID,767,19,4.5,0.14,0
Luke Rawlings,Wolves,MID,767,20,4.5,0.0,0
Luke Rawlings,Wolves,MID,767,21,4.5,0.0,0
Luke Rawlings,Wolves,MID,767,22,4.5,0.0,0
Luke Rawlings,Wolves,MID,767,23,4.5,0.0,0
Luke Rawlings,Wolves,MID,767,24,4.5,0.0,0
Luke Rawlings,Wolves,MID,767,25,4.5,0.0,0
Luke Rawlings,Wolves,MID,767,26,4.5,0.0,0
Luke Rawlings,Wolves,MID,767,26,4.5,0.0,0
Luke Rawlings,Wolves,MID,767,27,4.5,0.0,0
Luke Rawlings,Wolves,MID,767,28,4.5,0.0,0
Leon Routh,Aston Villa,DEF,768,17,4.0,1.18,0
Leon Routh,Aston Villa,DEF,768,18,4.0,1.13,0
Leon Routh,Aston Villa,DEF,768,19,4.0,0.63,0
Leon Routh,Aston Villa,DEF,768,20,4.0,0.02,0
Leon Routh,Aston Villa,DEF,768,21,4.0,0.07,0
Leon Routh,Aston Villa,DEF,768,22,4.0,0.0,0
Leon Routh,Aston Villa,DEF,768,23,4.0,0.0,0
Leon Routh,Aston Villa,DEF,768,24,4.0,0.0,0
Leon Routh,Aston Villa,DEF,768,25,4.0,0.0,0
Leon Routh,Aston Villa,DEF,768,26,4.0,0.0,0
Leon Routh,Aston Villa,DEF,768,27,4.0,0.0,0
Leon Routh,Aston Villa,DEF,768,28,4.0,0.0,0
Bendito Mantato,Man Utd,MID,769,17,4.5,0.0,0
Bendito Mantato,Man Utd,MID,769,18,4.5,0.03,0
Bendito Mantato,Man Utd,MID,769,19,4.5,0.0,1
Bendito Mantato,Man Utd,MID,769,20,4.5,0.11,0
Bendito Mantato,Man Utd,MID,769,21,4.5,0.02,0
Bendito Mantato,Man Utd,MID,769,22,4.5,0.0,0
Bendito Mantato,Man Utd,MID,769,23,4.5,0.0,0
Bendito Mantato,Man Utd,MID,769,24,4.5,0.0,0
Bendito Mantato,Man Utd,MID,769,25,4.5,0.0,0
Bendito Mantato,Man Utd,MID,769,26,4.5,0.0,0
Bendito Mantato,Man Utd,MID,769,27,4.5,0.0,0
Bendito Mantato,Man Utd,MID,769,28,4.5,0.0,0
Seth Ridgeon,Fulham,MID,770,17,4.5,0.9,0
Seth Ridgeon,Fulham,MID,770,18,4.5,0.82,0
Seth Ridgeon,Fulham,MID,770,19,4.5,0.55,0
Seth Ridgeon,Fulham,MID,770,20,4.5,0.02,0
Seth Ridgeon,Fulham,MID,770,21,4.5,0.0,0
Seth Ridgeon,Fulham,MID,770,22,4.5,0.0,0
Seth Ridgeon,Fulham,MID,770,23,4.5,0.0,0
Seth Ridgeon,Fulham,MID,770,24,4.5,0.0,0
Seth Ridgeon,Fulham,MID,770,25,4.5,0.0,0
Seth Ridgeon,Fulham,MID,770,26,4.5,0.0,0
Seth Ridgeon,Fulham,MID,770,27,4.5,0.0,0
Seth Ridgeon,Fulham,MID,770,28,4.5,0.0,0
Tyler Fletcher,Man Utd,MID,771,18,4.5,0.0,0
Tyler Fletcher,Man Utd,MID,771,19,4.5,0.05,0
Tyler Fletcher,Man Utd,MID,771,20,4.5,0.05,0
Tyler Fletcher,Man Utd,MID,771,21,4.5,0.0,0
Tyler Fletcher,Man Utd,MID,771,22,4.5,0.0,0
Tyler Fletcher,Man Utd,MID,771,23,4.5,0.0,0
Tyler Fletcher,Man Utd,MID,771,24,4.4,0.0,0
Tyler Fletcher,Man Utd,MID,771,25,4.4,0.0,1
Tyler Fletcher,Man Utd,MID,771,26,4.4,0.0,0
Tyler Fletcher,Man Utd,MID,771,27,4.4,0.0,0
Tyler Fletcher,Man Utd,MID,771,28,4.4,0.0,0
Sam Alabi,Newcastle,MID,772,18,4.5,0.0,0
Sam Alabi,Newcastle,MID,772,19,4.5,0.07,0
Sam Alabi,Newcastle,MID,772,20,4.5,0.0,0
Sam Alabi,Newcastle,MID,772,21,4.5,0.0,0
Sam Alabi,Newcastle,MID,772,22,4.5,0.0,0
Sam Alabi,Newcastle,MID,772,23,4.5,0.0,0
Sam Alabi,Newcastle,MID,772,24,4.5,0.0,0
Sam Alabi,Newcastle,MID,772,25,4.5,0.0,0
Sam Alabi,Newcastle,MID,772,26,4.5,0.0,0
Sam Alabi,Newcastle,MID,772,27,4.5,0.0,0
Sam Alabi,Newcastle,MID,772,28,4.5,0.0,0
Dean Benamar,Crystal Palace,DEF,773,18,4.0,0.0,0
Dean Benamar,Crystal Palace,DEF,773,19,4.0,0.04,0
Dean Benamar,Crystal Palace,DEF,773,20,4.0,0.02,0
Dean Benamar,Crystal Palace,DEF,773,21,4.0,0.0,0
Dean Benamar,Crystal Palace,DEF,773,22,4.0,0.0,0
Dean Benamar,Crystal Palace,DEF,773,23,4.0,0.0,0
Dean Benamar,Crystal Palace,DEF,773,24,4.0,0.0,0
Dean Benamar,Crystal Palace,DEF,773,25,4.0,0.0,0
Dean Benamar,Crystal Palace,DEF,773,26,4.0,0.0,0
Dean Benamar,Crystal Palace,DEF,773,27,4.0,0.0,0
Dean Benamar,Crystal Palace,DEF,773,28,4.0,0.0,0
Jenson Jones,Sunderland,DEF,774,18,4.0,0.0,0
Jenson Jones,Sunderland,DEF,774,19,4.0,0.02,0
Jenson Jones,Sunderland,DEF,774,20,4.0,0.07,0
Jenson Jones,Sunderland,DEF,774,21,4.0,0.03,0
Jenson Jones,Sunderland,DEF,774,22,4.0,0.0,0
Jenson Jones,Sunderland,DEF,774,23,4.0,0.0,0
Jenson Jones,Sunderland,DEF,774,24,4.0,0.0,0
Jenson Jones,Sunderland,DEF,774,25,4.0,0.0,0
Jenson Jones,Sunderland,DEF,774,26,4.0,0.0,0
Jenson Jones,Sunderland,DEF,774,27,4.0,0.0,0
Jenson Jones,Sunderland,DEF,774,28,4.0,0.0,0
Tymur Tutierov,Sunderland,MID,775,18,4.5,0.0,0
Tymur Tutierov,Sunderland,MID,775,19,4.5,0.0,0
Tymur Tutierov,Sunderland,MID,775,20,4.5,0.03,0
Tymur Tutierov,Sunderland,MID,775,21,4.5,0.0,0
Tymur Tutierov,Sunderland,MID,775,22,4.5,0.0,0
Tymur Tutierov,Sunderland,MID,775,23,4.5,0.0,0
Tymur Tutierov,Sunderland,MID,775,24,4.5,0.0,0
Tymur Tutierov,Sunderland,MID,775,25,4.5,0.0,0
Tymur Tutierov,Sunderland,MID,775,26,4.5,0.0,0
Tymur Tutierov,Sunderland,MID,775,27,4.5,0.0,0
Tymur Tutierov,Sunderland,MID,775,28,4.5,0.0,0
Oliver Pimlott,Burnley,MID,776,19,4.5,0.0,0
Oliver Pimlott,Burnley,MID,776,20,4.5,0.21,0
Oliver Pimlott,Burnley,MID,776,21,4.5,0.0,0
Oliver Pimlott,Burnley,MID,776,22,4.5,0.0,0
Oliver Pimlott,Burnley,MID,776,23,4.5,0.0,0
Oliver Pimlott,Burnley,MID,776,24,4.5,0.0,0
Oliver Pimlott,Burnley,MID,776,25,4.5,0.0,0
Oliver Pimlott,Burnley,MID,776,26,4.5,0.0,0
Oliver Pimlott,Burnley,MID,776,27,4.5,0.0,0
Oliver Pimlott,Burnley,MID,776,28,4.5,0.0,0
Temple Ojinnaka,Wolves,MID,777,19,4.5,0.0,0
Temple Ojinnaka,Wolves,MID,777,20,4.5,0.01,0
Temple Ojinnaka,Wolves,MID,777,21,4.5,0.0,0
Temple Ojinnaka,Wolves,MID,777,22,4.5,0.0,0
Temple Ojinnaka,Wolves,MID,777,23,4.5,0.0,0
Temple Ojinnaka,Wolves,MID,777,24,4.5,0.0,0
Temple Ojinnaka,Wolves,MID,777,25,4.5,0.0,0
Temple Ojinnaka,Wolves,MID,777,26,4.5,0.0,0
Temple Ojinnaka,Wolves,MID,777,26,4.5,0.0,0
Temple Ojinnaka,Wolves,MID,777,27,4.5,0.0,0
Temple Ojinnaka,Wolves,MID,777,28,4.5,0.0,0
Ethan Sutherland,Wolves,MID,778,19,4.5,0.0,0
Ethan Sutherland,Wolves,MID,778,20,4.5,0.04,0
Ethan Sutherland,Wolves,MID,778,21,4.5,0.0,0
Ethan Sutherland,Wolves,MID,778,22,4.5,0.0,0
Ethan Sutherland,Wolves,MID,778,23,4.5,0.0,0
Ethan Sutherland,Wolves,MID,778,24,4.5,0.0,0
Ethan Sutherland,Wolves,MID,778,25,4.5,0.0,0
Ethan Sutherland,Wolves,MID,778,26,4.5,0.0,0
Ethan Sutherland,Wolves,MID,778,26,4.5,0.0,0
Ethan Sutherland,Wolves,MID,778,27,4.5,0.0,0
Ethan Sutherland,Wolves,MID,778,28,4.5,0.0,0
Braiden Graham,Everton,FWD,779,19,4.5,0.14,0
Braiden Graham,Everton,FWD,779,20,4.5,0.24,0
Braiden Graham,Everton,FWD,779,21,4.5,0.09,0
Braiden Graham,Everton,FWD,779,22,4.5,0.15,0
Braiden Graham,Everton,FWD,779,23,4.5,0.07,0
Braiden Graham,Everton,FWD,779,24,4.5,0.16,0
Braiden Graham,Everton,FWD,779,25,4.5,0.14,0
Braiden Graham,Everton,FWD,779,26,4.5,0.08,0
Braiden Graham,Everton,FWD,779,27,4.5,0.03,0
Braiden Graham,Everton,FWD,779,28,4.5,0.09,0
Ben Casey,Crystal Palace,FWD,780,19,4.5,0.02,0
Ben Casey,Crystal Palace,FWD,780,20,4.5,0.31,0
Ben Casey,Crystal Palace,FWD,780,21,4.5,0.09,0
Ben Casey,Crystal Palace,FWD,780,22,4.5,0.16,0
Ben Casey,Crystal Palace,FWD,780,23,4.5,0.05,0
Ben Casey,Crystal Palace,FWD,780,24,4.5,0.12,0
Ben Casey,Crystal Palace,FWD,780,25,4.5,0.11,0
Ben Casey,Crystal Palace,FWD,780,26,4.5,0.07,0
Ben Casey,Crystal Palace,FWD,780,27,4.5,0.03,0
Ben Casey,Crystal Palace,FWD,780,28,4.5,0.05,0
TJ Carroll,Aston Villa,DEF,781,20,4.0,0.0,0
TJ Carroll,Aston Villa,DEF,781,21,4.0,0.1,0
TJ Carroll,Aston Villa,DEF,781,22,4.0,0.0,0
TJ Carroll,Aston Villa,DEF,781,23,4.0,0.01,0
TJ Carroll,Aston Villa,DEF,781,24,4.0,0.0,0
TJ Carroll,Aston Villa,DEF,781,25,4.0,0.02,0
TJ Carroll,Aston Villa,DEF,781,26,4.0,0.0,0
TJ Carroll,Aston Villa,DEF,781,27,4.0,0.0,0
TJ Carroll,Aston Villa,DEF,781,28,4.0,0.0,0
Fraser Forster,Bournemouth,GK,782,20,4.0,0.0,0
Fraser Forster,Bournemouth,GK,782,21,4.0,0.0,0
Fraser Forster,Bournemouth,GK,782,22,4.0,0.0,0
Fraser Forster,Bournemouth,GK,782,23,4.0,0.0,0
Fraser Forster,Bournemouth,GK,782,24,4.0,0.0,0
Fraser Forster,Bournemouth,GK,782,25,4.0,0.0,0
Fraser Forster,Bournemouth,GK,782,26,4.0,0.0,0
Fraser Forster,Bournemouth,GK,782,27,4.0,0.0,0
Fraser Forster,Bournemouth,GK,782,28,4.0,0.0,0
Pascal Groß,Brighton,MID,783,20,5.5,0.38,1
Pascal Groß,Brighton,MID,783,21,5.5,2.13,1
Pascal Groß,Brighton,MID,783,22,5.5,2.64,3
Pascal Groß,Brighton,MID,783,23,5.5,3.08,2
Pascal Groß,Brighton,MID,783,24,5.5,3.48,12
Pascal Groß,Brighton,MID,783,25,5.5,4.05,2
Pascal Groß,Brighton,MID,783,26,5.5,3.89,2
Pascal Groß,Brighton,MID,783,27,5.5,3.97,3
Pascal Groß,Brighton,MID,783,28,5.5,3.66,5
George Brierley,Burnley,MID,784,20,4.5,0.0,0
George Brierley,Burnley,MID,784,21,4.5,0.05,0
George Brierley,Burnley,MID,784,22,4.5,0.1,0
George Brierley,Burnley,MID,784,23,4.5,0.0,0
George Brierley,Burnley,MID,784,24,4.5,0.0,0
George Brierley,Burnley,MID,784,25,4.5,0.0,0
George Brierley,Burnley,MID,784,26,4.5,0.0,0
George Brierley,Burnley,MID,784,27,4.5,0.0,0
George Brierley,Burnley,MID,784,28,4.5,0.0,0
Pablo Felipe Pereira de Jesus,West Ham,FWD,785,20,5.5,0.57,0
Pablo Felipe Pereira de Jesus,West Ham,FWD,785,21,5.5,0.87,1
Pablo Felipe Pereira de Jesus,West Ham,FWD,785,22,5.5,2.45,2
Pablo Felipe Pereira de Jesus,West Ham,FWD,785,23,5.5,2.72,2
Pablo Felipe Pereira de Jesus,West Ham,FWD,785,24,5.5,3.08,2
Pablo Felipe Pereira de Jesus,West Ham,FWD,785,25,5.5,1.71,1
Pablo Felipe Pereira de Jesus,West Ham,FWD,785,26,5.5,1.34,0
Pablo Felipe Pereira de Jesus,West Ham,FWD,785,27,5.5,1.01,0
Pablo Felipe Pereira de Jesus,West Ham,FWD,785,28,5.5,0.81,0
Alfie McNally,Fulham,GK,786,20,4.0,0.0,0
Alfie McNally,Fulham,GK,786,21,4.0,0.0,0
Alfie McNally,Fulham,GK,786,22,4.0,0.0,0
Alfie McNally,Fulham,GK,786,23,4.0,0.0,0
Alfie McNally,Fulham,GK,786,24,4.0,0.0,0
Alfie McNally,Fulham,GK,786,25,4.0,0.0,0
Alfie McNally,Fulham,GK,786,26,4.0,0.0,0
Alfie McNally,Fulham,GK,786,27,4.0,0.0,0
Alfie McNally,Fulham,GK,786,28,4.0,0.0,0
Sam Chambers,Leeds,MID,787,20,4.5,0.0,0
Sam Chambers,Leeds,MID,787,21,4.5,0.19,0
Sam Chambers,Leeds,MID,787,22,4.5,0.08,0
Sam Chambers,Leeds,MID,787,23,4.5,0.0,0
Sam Chambers,Leeds,MID,787,24,4.4,0.0,0
Sam Chambers,Leeds,MID,787,25,4.4,0.0,0
Sam Chambers,Leeds,MID,787,26,4.4,0.0,0
Sam Chambers,Leeds,MID,787,27,4.4,0.0,0
Sam Chambers,Leeds,MID,787,28,4.4,0.0,0
Godwill Kukonki,Man Utd,DEF,788,20,4.0,0.04,0
Godwill Kukonki,Man Utd,DEF,788,21,4.0,0.1,0
Godwill Kukonki,Man Utd,DEF,788,22,4.0,0.01,0
Godwill Kukonki,Man Utd,DEF,788,23,4.0,0.0,0
Godwill Kukonki,Man Utd,DEF,788,24,4.0,0.0,0
Godwill Kukonki,Man Utd,DEF,788,25,4.0,0.0,0
Godwill Kukonki,Man Utd,DEF,788,26,4.0,0.0,0
Godwill Kukonki,Man Utd,DEF,788,27,4.0,0.0,0
Godwill Kukonki,Man Utd,DEF,788,28,4.0,0.0,0
Max Merrick,Chelsea,GK,789,20,4.0,0.0,0
Max Merrick,Chelsea,GK,789,21,4.0,0.0,0
Max Merrick,Chelsea,GK,789,22,4.0,0.0,0
Max Merrick,Chelsea,GK,789,23,4.0,0.0,0
Max Merrick,Chelsea,GK,789,24,4.0,0.0,0
Max Merrick,Chelsea,GK,789,25,4.0,0.0,0
Max Merrick,Chelsea,GK,789,26,4.0,0.0,0
Max Merrick,Chelsea,GK,789,27,4.0,0.0,0
Max Merrick,Chelsea,GK,789,28,4.0,0.0,0
Lucá Williams-Barnett,Spurs,MID,790,20,4.5,0.0,0
Lucá Williams-Barnett,Spurs,MID,790,21,4.5,0.01,0
Lucá Williams-Barnett,Spurs,MID,790,22,4.5,0.0,0
Lucá Williams-Barnett,Spurs,MID,790,23,4.5,0.0,0
Lucá Williams-Barnett,Spurs,MID,790,24,4.5,0.0,0
Lucá Williams-Barnett,Spurs,MID,790,25,4.5,0.0,0
Lucá Williams-Barnett,Spurs,MID,790,26,4.5,0.0,0
Lucá Williams-Barnett,Spurs,MID,790,27,4.5,0.0,0
Lucá Williams-Barnett,Spurs,MID,790,28,4.5,0.0,0
Valentín Castellanos,West Ham,FWD,791,21,5.5,2.55,2
Valentín Castellanos,West Ham,FWD,791,22,5.5,2.56,1
Valentín Castellanos,West Ham,FWD,791,23,5.5,3.28,4
Valentín Castellanos,West Ham,FWD,791,24,5.5,3.71,2
Valentín Castellanos,West Ham,FWD,791,25,5.5,3.96,6
Valentín Castellanos,West Ham,FWD,791,26,5.5,3.75,2
Valentín Castellanos,West Ham,FWD,791,27,5.5,3.51,2
Valentín Castellanos,West Ham,FWD,791,28,5.5,3.7,7
Alysson Edward Franco da Rocha dos Santos,Aston Villa,MID,792,21,5.0,0.69,0
Alysson Edward Franco da Rocha dos Santos,Aston Villa,MID,792,22,5.0,0.46,0
Alysson Edward Franco da Rocha dos Santos,Aston Villa,MID,792,23,5.0,0.23,0
Alysson Edward Franco da Rocha dos Santos,Aston Villa,MID,792,24,5.0,0.05,0
Alysson Edward Franco da Rocha dos Santos,Aston Villa,MID,792,25,5.0,0.12,0
Alysson Edward Franco da Rocha dos Santos,Aston Villa,MID,792,26,5.0,0.0,1
Alysson Edward Franco da Rocha dos Santos,Aston Villa,MID,792,27,5.0,0.19,0
Alysson Edward Franco da Rocha dos Santos,Aston Villa,MID,792,28,5.0,0.21,1
George King,Crystal Palace,DEF,793,21,4.0,0.0,0
George King,Crystal Palace,DEF,793,22,4.0,0.1,0
George King,Crystal Palace,DEF,793,23,4.0,0.0,0
George King,Crystal Palace,DEF,793,24,4.0,0.0,0
George King,Crystal Palace,DEF,793,25,4.0,0.0,0
George King,Crystal Palace,DEF,793,26,4.0,0.0,0
George King,Crystal Palace,DEF,793,27,4.0,0.0,0
George King,Crystal Palace,DEF,793,28,4.0,0.0,0
Max Alleyne,Man City,DEF,794,21,4.5,1.91,4
Max Alleyne,Man City,DEF,794,22,4.5,1.28,1
Max Alleyne,Man City,DEF,794,23,4.5,0.98,0
Max Alleyne,Man City,DEF,794,24,4.3,0.82,0
Max Alleyne,Man City,DEF,794,25,4.2,0.36,0
Max Alleyne,Man City,DEF,794,26,4.2,0.12,0
Max Alleyne,Man City,DEF,794,27,4.1,0.0,0
Max Alleyne,Man City,DEF,794,28,4.1,0.08,0
Harry Howell,Brighton,MID,795,21,4.5,0.0,0
Harry Howell,Brighton,MID,795,22,4.5,0.03,0
Harry Howell,Brighton,MID,795,23,4.5,0.0,0
Harry Howell,Brighton,MID,795,24,4.5,0.0,0
Harry Howell,Brighton,MID,795,25,4.5,1.47,2
Harry Howell,Brighton,MID,795,26,4.5,0.34,1
Harry Howell,Brighton,MID,795,27,4.5,0.39,0
Harry Howell,Brighton,MID,795,28,4.5,0.25,0
Conor Gallagher,Spurs,MID,796,22,5.5,2.43,2
Conor Gallagher,Spurs,MID,796,23,5.5,2.51,2
Conor Gallagher,Spurs,MID,796,24,5.5,2.97,7
Conor Gallagher,Spurs,MID,796,25,5.4,3.58,2
Conor Gallagher,Spurs,MID,796,26,5.4,3.49,2
Conor Gallagher,Spurs,MID,796,27,5.4,3.45,2
Conor Gallagher,Spurs,MID,796,28,5.4,1.57,1
Kaye Furo,Brentford,FWD,797,22,4.5,0.31,0
Kaye Furo,Brentford,FWD,797,23,4.5,0.41,0
Kaye Furo,Brentford,FWD,797,24,4.5,0.34,0
Kaye Furo,Brentford,FWD,797,25,4.5,0.26,0
Kaye Furo,Brentford,FWD,797,26,4.5,0.12,0
Kaye Furo,Brentford,FWD,797,27,4.5,0.02,0
Kaye Furo,Brentford,FWD,797,28,4.5,0.07,0
Danny Imray,Crystal Palace,DEF,798,22,4.0,0.38,0
Danny Imray,Crystal Palace,DEF,798,23,4.0,0.47,0
Danny Imray,Crystal Palace,DEF,798,24,4.0,0.33,0
Danny Imray,Crystal Palace,DEF,798,25,4.0,0.01,0
Danny Imray,Crystal Palace,DEF,798,26,4.0,0.0,0
Danny Imray,Crystal Palace,DEF,798,27,4.0,0.0,0
Danny Imray,Crystal Palace,DEF,798,28,4.0,0.0,0
Charlie Stevens,Bournemouth,MID,799,22,4.5,0.0,0
Charlie Stevens,Bournemouth,MID,799,23,4.5,0.06,0
Charlie Stevens,Bournemouth,MID,799,24,4.5,0.01,0
Charlie Stevens,Bournemouth,MID,799,25,4.5,0.0,0
Charlie Stevens,Bournemouth,MID,799,26,4.5,0.0,0
Charlie Stevens,Bournemouth,MID,799,27,4.5,0.0,0
Charlie Stevens,Bournemouth,MID,799,28,4.5,0.0,0
Djiamgone Jocelin Ta Bi,Sunderland,MID,800,23,5.0,0.41,0
Djiamgone Jocelin Ta Bi,Sunderland,MID,800,24,5.0,0.11,0
Djiamgone Jocelin Ta Bi,Sunderland,MID,800,25,5.0,0.15,0
Djiamgone Jocelin Ta Bi,Sunderland,MID,800,26,5.0,0.01,0
Djiamgone Jocelin Ta Bi,Sunderland,MID,800,27,5.0,0.07,1
Djiamgone Jocelin Ta Bi,Sunderland,MID,800,28,5.0,0.26,0
Alex Tóth,Bournemouth,MID,801,23,5.0,0.42,1
Alex Tóth,Bournemouth,MID,801,24,5.0,0.3,1
Alex Tóth,Bournemouth,MID,801,25,5.0,0.21,0
Alex Tóth,Bournemouth,MID,801,26,5.0,0.29,1
Alex Tóth,Bournemouth,MID,801,27,5.0,0.43,0
Alex Tóth,Bournemouth,MID,801,28,5.0,0.28,0
Keiber Lamadrid,West Ham,MID,802,23,5.0,0.37,0
Keiber Lamadrid,West Ham,MID,802,24,5.0,0.23,0
Keiber Lamadrid,West Ham,MID,802,25,5.0,0.08,0
Keiber Lamadrid,West Ham,MID,802,26,5.0,0.03,0
Keiber Lamadrid,West Ham,MID,802,27,5.0,0.04,0
Keiber Lamadrid,West Ham,MID,802,28,5.0,0.13,0
Teddy Sharman-Lowe,Chelsea,GK,803,23,4.0,0.0,0
Teddy Sharman-Lowe,Chelsea,GK,803,24,4.0,0.0,0
Teddy Sharman-Lowe,Chelsea,GK,803,25,4.0,0.0,0
Teddy Sharman-Lowe,Chelsea,GK,803,26,4.0,0.0,0
Teddy Sharman-Lowe,Chelsea,GK,803,27,4.0,0.0,0
Teddy Sharman-Lowe,Chelsea,GK,803,28,4.0,0.0,0
João Victor de Souza Menezes,Spurs,DEF,804,24,4.0,1.03,0
João Victor de Souza Menezes,Spurs,DEF,804,25,4.0,0.66,1
João Victor de Souza Menezes,Spurs,DEF,804,26,4.0,0.29,0
João Victor de Souza Menezes,Spurs,DEF,804,27,4.0,0.17,0
João Victor de Souza Menezes,Spurs,DEF,804,28,4.0,0.15,1
Lorenzo Lucca,Nott'm Forest,FWD,805,24,5.5,1.9,0
Lorenzo Lucca,Nott'm Forest,FWD,805,25,5.5,1.85,5
Lorenzo Lucca,Nott'm Forest,FWD,805,26,5.5,2.75,2
Lorenzo Lucca,Nott'm Forest,FWD,805,27,5.5,1.15,1
Lorenzo Lucca,Nott'm Forest,FWD,805,28,5.5,1.34,0
Christos Mandas,Bournemouth,GK,806,24,4.0,0.82,0
Christos Mandas,Bournemouth,GK,806,25,4.0,0.38,0
Christos Mandas,Bournemouth,GK,806,26,4.0,0.14,0
Christos Mandas,Bournemouth,GK,806,27,4.0,0.0,0
Christos Mandas,Bournemouth,GK,806,28,4.0,0.0,0
Rayan Vitor Simplício Rocha,Bournemouth,MID,807,24,5.5,2.76,4
Rayan Vitor Simplício Rocha,Bournemouth,MID,807,25,5.5,4.3,9
Rayan Vitor Simplício Rocha,Bournemouth,MID,807,26,5.5,4.24,6
Rayan Vitor Simplício Rocha,Bournemouth,MID,807,27,5.5,4.23,3
Rayan Vitor Simplício Rocha,Bournemouth,MID,807,28,5.6,4.12,2
Tammy Abraham,Aston Villa,FWD,808,24,6.0,4.03,2
Tammy Abraham,Aston Villa,FWD,808,25,6.0,2.17,1
Tammy Abraham,Aston Villa,FWD,808,26,6.0,1.67,1
Tammy Abraham,Aston Villa,FWD,808,27,6.0,1.9,7
Tammy Abraham,Aston Villa,FWD,808,28,6.0,1.56,1
Jerome Abbey,Wolves,MID,809,24,4.5,0.0,0
Jerome Abbey,Wolves,MID,809,25,4.5,0.13,0
Jerome Abbey,Wolves,MID,809,26,4.5,0.06,0
Jerome Abbey,Wolves,MID,809,26,4.5,0.0,0
Jerome Abbey,Wolves,MID,809,27,4.5,0.0,0
Jerome Abbey,Wolves,MID,809,28,4.5,0.0,0
Luka Bentt,Brentford,MID,810,24,4.5,0.0,0
Luka Bentt,Brentford,MID,810,25,4.5,0.18,0
Luka Bentt,Brentford,MID,810,26,4.5,0.0,0
Luka Bentt,Brentford,MID,810,27,4.5,0.0,0
Luka Bentt,Brentford,MID,810,28,4.5,0.0,0
Rio Kyerematen,Spurs,MID,811,24,4.5,0.0,0
Rio Kyerematen,Spurs,MID,811,25,4.5,0.04,0
Rio Kyerematen,Spurs,MID,811,26,4.5,0.0,0
Rio Kyerematen,Spurs,MID,811,27,4.5,0.0,0
Rio Kyerematen,Spurs,MID,811,28,4.5,0.0,0
Melker Ellborg,Sunderland,GK,812,25,4.0,0.0,0
Melker Ellborg,Sunderland,GK,812,26,4.0,0.0,0
Melker Ellborg,Sunderland,GK,812,27,4.0,0.0,0
Melker Ellborg,Sunderland,GK,812,28,4.0,0.0,0
Nilson Angulo,Sunderland,MID,813,25,5.0,0.47,1
Nilson Angulo,Sunderland,MID,813,26,5.0,1.87,2
Nilson Angulo,Sunderland,MID,813,27,5.0,2.2,2
Nilson Angulo,Sunderland,MID,813,28,5.0,0.98,1
Luca Netz,Nott'm Forest,DEF,814,25,4.5,0.49,1
Luca Netz,Nott'm Forest,DEF,814,26,4.5,0.43,0
Luca Netz,Nott'm Forest,DEF,814,27,4.5,0.27,0
Luca Netz,Nott'm Forest,DEF,814,28,4.5,0.36,1
Axel Disasi,West Ham,DEF,815,25,4.5,2.12,6
Axel Disasi,West Ham,DEF,815,26,4.5,2.7,2
Axel Disasi,West Ham,DEF,815,27,4.5,3.01,6
Axel Disasi,West Ham,DEF,815,28,4.5,3.49,-2
Angel Gomes,Wolves,MID,816,25,5.0,2.65,2
Angel Gomes,Wolves,MID,816,26,5.0,2.85,3
Angel Gomes,Wolves,MID,816,26,5.0,1.42,1
Angel Gomes,Wolves,MID,816,27,5.0,1.04,1
Angel Gomes,Wolves,MID,816,28,4.9,0.66,1
Adam Armstrong,Wolves,FWD,817,25,5.5,2.65,4
Adam Armstrong,Wolves,FWD,817,26,5.5,3.07,2
Adam Armstrong,Wolves,FWD,817,26,5.5,3.41,2
Adam Armstrong,Wolves,FWD,817,27,5.5,3.65,2
Adam Armstrong,Wolves,FWD,817,28,5.4,3.38,4
James Wilson,Spurs,FWD,818,27,4.5,0.06,0
James Wilson,Spurs,FWD,818,28,4.5,0.37,0
Ollie Shield,Brentford,DEF,819,28,4.0,0.0,0
